Initialized native services in: /Users/gtesen/.gradle/native
Initialized jansi services in: /Users/gtesen/.gradle/native

Welcome to Gradle 8.14.3!

Here are the highlights of this release:
 - Java 24 support
 - GraalVM Native Image toolchain selection
 - Enhancements to test reporting
 - Build Authoring improvements

For more details see https://docs.gradle.org/8.14.3/release-notes.html

Found daemon DaemonInfo{pid=12258, address=[279aeb56-e380-4b9e-9161-fc34989c3e7e port:57417, addresses:[/127.0.0.1]], state=Idle, lastBusy=1756176746654, context=DefaultDaemonContext[uid=5bbc371b-7c3e-46ea-8bb7-fddb3cb87bd4,javaHome=/Applications/Android Studio.app/Contents/jbr/Contents/Home,javaVersion=21,javaVendor=JetBrains s.r.o.,daemonRegistryDir=/Users/gtesen/.gradle/daemon,pid=12258,idleTimeout=10800000,priority=NORMAL,applyInstrumentationAgent=true,nativeServicesMode=ENABLED,daemonOpts=-Xmx2048m,-Dfile.encoding=UTF-8,-Duser.country=PE,-Duser.language=es,-Duser.variant]} however its context does not match the desired criteria.
JVM is incompatible.
Wanted: DaemonRequestContext{jvmCriteria=/Users/gtesen/.sdkman/candidates/java/17.0.10-tem (no JDK specified, using current Java home), daemonOpts=[-Xmx2048m, -Dfile.encoding=UTF-8, -Duser.country=PE, -Duser.language=es, -Duser.variant], applyInstrumentationAgent=true, nativeServicesMode=ENABLED, priority=NORMAL}
Actual: DefaultDaemonContext[uid=5bbc371b-7c3e-46ea-8bb7-fddb3cb87bd4,javaHome=/Applications/Android Studio.app/Contents/jbr/Contents/Home,javaVersion=21,javaVendor=JetBrains s.r.o.,daemonRegistryDir=/Users/gtesen/.gradle/daemon,pid=12258,idleTimeout=10800000,priority=NORMAL,applyInstrumentationAgent=true,nativeServicesMode=ENABLED,daemonOpts=-Xmx2048m,-Dfile.encoding=UTF-8,-Duser.country=PE,-Duser.language=es,-Duser.variant]

  Looking for a different daemon...
Removing 0 daemon stop events from registry
Starting a Gradle Daemon, 1 incompatible Daemon could not be reused, use --status for details
Starting process 'Gradle build daemon'. Working directory: /Users/gtesen/.gradle/daemon/8.14.3 Command: /Users/gtesen/.sdkman/candidates/java/17.0.10-tem/bin/java --add-opens=java.base/java.lang=ALL-UNNAMED --add-opens=java.base/java.lang.invoke=ALL-UNNAMED --add-opens=java.base/java.util=ALL-UNNAMED --add-opens=java.prefs/java.util.prefs=ALL-UNNAMED --add-exports=jdk.compiler/com.sun.tools.javac.api=ALL-UNNAMED --add-exports=jdk.compiler/com.sun.tools.javac.util=ALL-UNNAMED --add-opens=java.base/java.util=ALL-UNNAMED --add-opens=java.prefs/java.util.prefs=ALL-UNNAMED --add-opens=java.base/java.nio.charset=ALL-UNNAMED --add-opens=java.base/java.net=ALL-UNNAMED --add-opens=java.base/java.util.concurrent.atomic=ALL-UNNAMED --add-opens=java.xml/javax.xml.namespace=ALL-UNNAMED -Xmx2048m -Dfile.encoding=UTF-8 -Duser.country=PE -Duser.language=es -Duser.variant -cp /Users/gtesen/.gradle/wrapper/dists/gradle-8.14.3-all/10utluxaxniiv4wxiphsi49nj/gradle-8.14.3/lib/gradle-daemon-main-8.14.3.jar -javaagent:/Users/gtesen/.gradle/wrapper/dists/gradle-8.14.3-all/10utluxaxniiv4wxiphsi49nj/gradle-8.14.3/lib/agents/gradle-instrumentation-agent-8.14.3.jar org.gradle.launcher.daemon.bootstrap.GradleDaemon 8.14.3
Successfully started process 'Gradle build daemon'
An attempt to start the daemon took 1.752 secs.
The client will now receive all logging from the daemon (pid: 14045). The daemon log file: /Users/gtesen/.gradle/daemon/8.14.3/daemon-14045.out.log
Starting build in new daemon [memory: 2 GiB]
Using 8 worker leases.
Received JVM installation metadata from '/Users/gtesen/.sdkman/candidates/java/17.0.10-tem': {JAVA_HOME=/Users/gtesen/.sdkman/candidates/java/17.0.10-tem, JAVA_VERSION=17.0.10, JAVA_VENDOR=Eclipse Adoptium, RUNTIME_NAME=OpenJDK Runtime Environment, RUNTIME_VERSION=17.0.10+7, VM_NAME=OpenJDK 64-Bit Server VM, VM_VERSION=17.0.10+7, VM_VENDOR=Eclipse Adoptium, OS_ARCH=x86_64}
Watching the file system is configured to be enabled if available
Now considering [/Users/gtesen/Desktop/aplicacion_busmap/frontend-busmap] as hierarchies to watch
File system watching is active
Starting Build
Caching disabled for Kotlin DSL script compilation (Settings/TopLevel/stage1) because:
  Build cache is disabled
Caching disabled for Kotlin DSL script compilation (Settings/TopLevel/stage2) because:
  Build cache is disabled
Settings evaluated using settings file '/Users/gtesen/Desktop/aplicacion_busmap/frontend-busmap/settings.gradle.kts'.
Projects loaded. Root project using build file '/Users/gtesen/Desktop/aplicacion_busmap/frontend-busmap/build.gradle.kts'.
Included projects: [root project 'App_rutas', project ':app']

> Configure project :
Evaluating root project 'App_rutas' using build file '/Users/gtesen/Desktop/aplicacion_busmap/frontend-busmap/build.gradle.kts'.
Caching disabled for Kotlin DSL script compilation (Project/TopLevel/stage1) because:
  Build cache is disabled
Resolved plugin [id: 'com.android.application', version: '8.9.1', apply: false]
Resolved plugin [id: 'org.jetbrains.kotlin.android', version: '2.0.21', apply: false]
Resolved plugin [id: 'com.google.gms.google-services', version: '4.4.3', apply: false]

> Configure project :app
Evaluating project ':app' using build file '/Users/gtesen/Desktop/aplicacion_busmap/frontend-busmap/app/build.gradle.kts'.
Caching disabled for Kotlin DSL script compilation (Project/TopLevel/stage1) because:
  Build cache is disabled
Resolved plugin [id: 'com.android.application', version: '8.9.1']
Resolved plugin [id: 'org.jetbrains.kotlin.android', version: '2.0.21']
Resolved plugin [id: 'kotlin-parcelize']
Resolved plugin [id: 'com.google.gms.google-services', version: '4.4.3']
Resolved plugin [id: 'com.google.devtools.ksp', version: '2.0.21-1.0.25']
Using default execution profile
Using Kotlin Gradle Plugin gradle85 variant
Caching disabled for Kotlin DSL script compilation (Project/TopLevel/stage2) because:
  Build cache is disabled
All projects evaluated.
Task name matched 'clean'
Task path ':app:assembleRelease' matched project ':app'
Task name matched 'assembleRelease'
Selected primary task 'clean' from project :
Selected primary task 'assembleRelease' from project :app
Tasks to be executed: [task ':app:clean', task ':app:preBuild', task ':app:preReleaseBuild', task ':app:mergeReleaseJniLibFolders', task ':app:mergeReleaseNativeLibs', task ':app:stripReleaseDebugSymbols', task ':app:extractReleaseNativeSymbolTables', task ':app:mergeReleaseNativeDebugMetadata', task ':app:checkReleaseDuplicateClasses', task ':app:buildKotlinToolingMetadata', task ':app:checkKotlinGradlePluginConfigurationErrors', task ':app:checkReleaseAarMetadata', task ':app:generateReleaseResValues', task ':app:processReleaseGoogleServices', task ':app:mapReleaseSourceSetPaths', task ':app:generateReleaseResources', task ':app:mergeReleaseResources', task ':app:packageReleaseResources', task ':app:parseReleaseLocalResources', task ':app:createReleaseCompatibleScreenManifests', task ':app:extractDeepLinksRelease', task ':app:processReleaseMainManifest', task ':app:processReleaseManifest', task ':app:processReleaseManifestForPackage', task ':app:processReleaseResources', task ':app:kspReleaseKotlin', task ':app:compileReleaseKotlin', task ':app:javaPreCompileRelease', task ':app:compileReleaseJavaWithJavac', task ':app:dexBuilderRelease', task ':app:desugarReleaseFileDependencies', task ':app:mergeReleaseStartupProfile', task ':app:mergeExtDexRelease', task ':app:mergeDexRelease', task ':app:mergeReleaseArtProfile', task ':app:mergeReleaseGlobalSynthetics', task ':app:compileReleaseArtProfile', task ':app:mergeReleaseShaders', task ':app:compileReleaseShaders', task ':app:generateReleaseAssets', task ':app:mergeReleaseAssets', task ':app:compressReleaseAssets', task ':app:extractReleaseVersionControlInfo', task ':app:extractProguardFiles', task ':app:generateReleaseLintVitalReportModel', task ':app:lintVitalAnalyzeRelease', task ':app:lintVitalReportRelease', task ':app:lintVitalRelease', task ':app:processReleaseJavaRes', task ':app:mergeReleaseJavaResource', task ':app:optimizeReleaseResources', task ':app:collectReleaseDependencies', task ':app:sdkReleaseDependencyData', task ':app:writeReleaseAppMetadata', task ':app:writeReleaseSigningConfigVersions', task ':app:packageRelease', task ':app:createReleaseApkListingFileRedirect', task ':app:assembleRelease']
Tasks that were excluded: []
Resolve mutations for :app:clean (Thread[Execution worker,5,main]) started.
:app:clean (Thread[Execution worker,5,main]) started.
destroyer locations for task group 0 (Thread[included builds,5,main]) started.

> Task :app:clean
Caching disabled for task ':app:clean' because:
  Build cache is disabled
Task ':app:clean' is not up-to-date because:
  Task has not declared any outputs despite executing actions.
Resolve mutations for :app:preBuild (Thread[Execution worker,5,main]) started.
:app:preBuild (Thread[Execution worker,5,main]) started.

> Task :app:preBuild UP-TO-DATE
Skipping task ':app:preBuild' as it has no actions.
Resolve mutations for :app:preReleaseBuild (Thread[Execution worker,5,main]) started.
:app:preReleaseBuild (Thread[Execution worker,5,main]) started.

> Task :app:preReleaseBuild UP-TO-DATE
Skipping task ':app:preReleaseBuild' as it has no actions.
Resolve mutations for :app:mergeReleaseJniLibFolders (Thread[Execution worker,5,main]) started.
:app:mergeReleaseJniLibFolders (Thread[Execution worker,5,main]) started.

> Task :app:mergeReleaseJniLibFolders
Caching disabled for task ':app:mergeReleaseJniLibFolders' because:
  Build cache is disabled
  Simple merging task
Task ':app:mergeReleaseJniLibFolders' is not up-to-date because:
  Output property 'outputDir' file /Users/gtesen/Desktop/aplicacion_busmap/frontend-busmap/app/build/intermediates/merged_jni_libs/release/mergeReleaseJniLibFolders/out has been removed.
The input changes require a full rebuild for incremental task ':app:mergeReleaseJniLibFolders'.
Resolve mutations for :app:mergeReleaseNativeLibs (Thread[Execution worker,5,main]) started.
:app:mergeReleaseNativeLibs (Thread[Execution worker,5,main]) started.
Resolve mutations for :app:checkReleaseDuplicateClasses (Thread[Execution worker Thread 5,5,main]) started.
:app:checkReleaseDuplicateClasses (Thread[Execution worker Thread 5,5,main]) started.

> Task :app:mergeReleaseNativeLibs
Caching disabled for task ':app:mergeReleaseNativeLibs' because:
  Build cache is disabled
  Caching has been disabled for the task
Task ':app:mergeReleaseNativeLibs' is not up-to-date because:
  Output property 'outputDir' file /Users/gtesen/Desktop/aplicacion_busmap/frontend-busmap/app/build/intermediates/merged_native_libs/release/mergeReleaseNativeLibs/out has been removed.
  Output property 'outputDir' file /Users/gtesen/Desktop/aplicacion_busmap/frontend-busmap/app/build/intermediates/merged_native_libs/release/mergeReleaseNativeLibs/out/lib has been removed.
  Output property 'outputDir' file /Users/gtesen/Desktop/aplicacion_busmap/frontend-busmap/app/build/intermediates/merged_native_libs/release/mergeReleaseNativeLibs/out/lib/arm64-v8a has been removed.
  and more...
Resolve mutations for :app:stripReleaseDebugSymbols (Thread[Execution worker,5,main]) started.
:app:stripReleaseDebugSymbols (Thread[Execution worker,5,main]) started.
Resolve mutations for :app:buildKotlinToolingMetadata (Thread[Execution worker Thread 4,5,main]) started.
:app:buildKotlinToolingMetadata (Thread[Execution worker Thread 4,5,main]) started.

> Task :app:checkReleaseDuplicateClasses
Caching disabled for task ':app:checkReleaseDuplicateClasses' because:
  Build cache is disabled
  Caching has been disabled for the task
Task ':app:checkReleaseDuplicateClasses' is not up-to-date because:
  Output property 'dummyOutputDirectory' file /Users/gtesen/Desktop/aplicacion_busmap/frontend-busmap/app/build/intermediates/duplicate_classes_check/release/checkReleaseDuplicateClasses has been removed.

> Task :app:stripReleaseDebugSymbols
Caching disabled for task ':app:stripReleaseDebugSymbols' because:
  Build cache is disabled
  Caching has been disabled for the task
Task ':app:stripReleaseDebugSymbols' is not up-to-date because:
  Output property 'outputDir' file /Users/gtesen/Desktop/aplicacion_busmap/frontend-busmap/app/build/intermediates/stripped_native_libs/release/stripReleaseDebugSymbols/out has been removed.
  Output property 'outputDir' file /Users/gtesen/Desktop/aplicacion_busmap/frontend-busmap/app/build/intermediates/stripped_native_libs/release/stripReleaseDebugSymbols/out/lib has been removed.
  Output property 'outputDir' file /Users/gtesen/Desktop/aplicacion_busmap/frontend-busmap/app/build/intermediates/stripped_native_libs/release/stripReleaseDebugSymbols/out/lib/arm64-v8a has been removed.
  and more...
The input changes require a full rebuild for incremental task ':app:stripReleaseDebugSymbols'.
C/C++: android.ndkVersion from module build.gradle is [27.0.12077973]
C/C++: android.ndkVersion from module build.gradle is [27.0.12077973]
C/C++: android.ndkVersion from module build.gradle is [27.0.12077973]
C/C++: android.ndkVersion from module build.gradle is [27.0.12077973]
C/C++: android.ndkVersion from module build.gradle is [27.0.12077973]
C/C++: android.ndkVersion from module build.gradle is [27.0.12077973]
C/C++: android.ndkPath from module build.gradle is not set
C/C++: android.ndkVersion from module build.gradle is [27.0.12077973]
C/C++: ndk.dir in local.properties is not set
C/C++: android.ndkPath from module build.gradle is not set
C/C++: android.ndkPath from module build.gradle is not set
C/C++: android.ndkPath from module build.gradle is not set
C/C++: android.ndkPath from module build.gradle is not set
C/C++: ndk.dir in local.properties is not set
C/C++: android.ndkPath from module build.gradle is not set
C/C++: Not considering ANDROID_NDK_HOME because support was removed after deprecation period.
C/C++: ndk.dir in local.properties is not set
C/C++: ndk.dir in local.properties is not set
C/C++: ndk.dir in local.properties is not set
C/C++: Not considering ANDROID_NDK_HOME because support was removed after deprecation period.
C/C++: sdkFolder is /Users/gtesen/Library/Android/sdk
C/C++: android.ndkPath from module build.gradle is not set
C/C++: NDK side-by-side folder from sdkFolder /Users/gtesen/Library/Android/sdk/ndk does not exist
C/C++: Not considering ANDROID_NDK_HOME because support was removed after deprecation period.
C/C++: Not considering ANDROID_NDK_HOME because support was removed after deprecation period.
C/C++: sdkFolder is /Users/gtesen/Library/Android/sdk
C/C++: Not considering ANDROID_NDK_HOME because support was removed after deprecation period.
C/C++: NDK side-by-side folder from sdkFolder /Users/gtesen/Library/Android/sdk/ndk does not exist
C/C++: ndk.dir in local.properties is not set
C/C++: Folder /Users/gtesen/Library/Android/sdk/ndk/27.0.12077973 does not exist. Ignoring.
C/C++: Folder /Users/gtesen/Library/Android/sdk/ndk/27.0.12077973 does not exist. Ignoring.
C/C++: Folder /Users/gtesen/Library/Android/sdk/ndk-bundle does not exist. Ignoring.
C/C++: sdkFolder is /Users/gtesen/Library/Android/sdk
C/C++: sdkFolder is /Users/gtesen/Library/Android/sdk
C/C++: NDK side-by-side folder from sdkFolder /Users/gtesen/Library/Android/sdk/ndk does not exist
C/C++: sdkFolder is /Users/gtesen/Library/Android/sdk
C/C++: NDK side-by-side folder from sdkFolder /Users/gtesen/Library/Android/sdk/ndk does not exist
C/C++: Folder /Users/gtesen/Library/Android/sdk/ndk/27.0.12077973 does not exist. Ignoring.
C/C++: ndk.dir in local.properties is not set
C/C++: Folder /Users/gtesen/Library/Android/sdk/ndk-bundle does not exist. Ignoring.
C/C++: NDK side-by-side folder from sdkFolder /Users/gtesen/Library/Android/sdk/ndk does not exist
C/C++: Not considering ANDROID_NDK_HOME because support was removed after deprecation period.
C/C++: Folder /Users/gtesen/Library/Android/sdk/ndk/27.0.12077973 does not exist. Ignoring.
C/C++: Folder /Users/gtesen/Library/Android/sdk/ndk-bundle does not exist. Ignoring.
C/C++: Folder /Users/gtesen/Library/Android/sdk/ndk-bundle does not exist. Ignoring.
C/C++: Not considering ANDROID_NDK_HOME because support was removed after deprecation period.
C/C++: sdkFolder is /Users/gtesen/Library/Android/sdk
C/C++: sdkFolder is /Users/gtesen/Library/Android/sdk
C/C++: Folder /Users/gtesen/Library/Android/sdk/ndk/27.0.12077973 does not exist. Ignoring.
C/C++: NDK side-by-side folder from sdkFolder /Users/gtesen/Library/Android/sdk/ndk does not exist
C/C++: Folder /Users/gtesen/Library/Android/sdk/ndk-bundle does not exist. Ignoring.
C/C++: Folder /Users/gtesen/Library/Android/sdk/ndk/27.0.12077973 does not exist. Ignoring.
C/C++: NDK side-by-side folder from sdkFolder /Users/gtesen/Library/Android/sdk/ndk does not exist
C/C++: Folder /Users/gtesen/Library/Android/sdk/ndk-bundle does not exist. Ignoring.
C/C++: Folder /Users/gtesen/Library/Android/sdk/ndk/27.0.12077973 does not exist. Ignoring.
C/C++: Folder /Users/gtesen/Library/Android/sdk/ndk-bundle does not exist. Ignoring.
Unable to strip library '/Users/gtesen/Desktop/aplicacion_busmap/frontend-busmap/app/build/intermediates/merged_native_libs/release/mergeReleaseNativeLibs/out/lib/arm64-v8a/libcronet.119.0.6045.31.so' due to missing strip tool for ABI 'arm64-v8a'. Packaging it as is.
Unable to strip library '/Users/gtesen/Desktop/aplicacion_busmap/frontend-busmap/app/build/intermediates/merged_native_libs/release/mergeReleaseNativeLibs/out/lib/armeabi-v7a/libdatastore_shared_counter.so' due to missing strip tool for ABI 'armeabi-v7a'. Packaging it as is.
Unable to strip library '/Users/gtesen/Desktop/aplicacion_busmap/frontend-busmap/app/build/intermediates/merged_native_libs/release/mergeReleaseNativeLibs/out/lib/x86/libcronet.119.0.6045.31.so' due to missing strip tool for ABI 'x86'. Packaging it as is.
Unable to strip library '/Users/gtesen/Desktop/aplicacion_busmap/frontend-busmap/app/build/intermediates/merged_native_libs/release/mergeReleaseNativeLibs/out/lib/arm64-v8a/libdatastore_shared_counter.so' due to missing strip tool for ABI 'arm64-v8a'. Packaging it as is.
Unable to strip library '/Users/gtesen/Desktop/aplicacion_busmap/frontend-busmap/app/build/intermediates/merged_native_libs/release/mergeReleaseNativeLibs/out/lib/x86/libdatastore_shared_counter.so' due to missing strip tool for ABI 'x86'. Packaging it as is.
Unable to strip library '/Users/gtesen/Desktop/aplicacion_busmap/frontend-busmap/app/build/intermediates/merged_native_libs/release/mergeReleaseNativeLibs/out/lib/armeabi-v7a/libcronet.119.0.6045.31.so' due to missing strip tool for ABI 'armeabi-v7a'. Packaging it as is.
Unable to strip library '/Users/gtesen/Desktop/aplicacion_busmap/frontend-busmap/app/build/intermediates/merged_native_libs/release/mergeReleaseNativeLibs/out/lib/x86_64/libdatastore_shared_counter.so' due to missing strip tool for ABI 'x86_64'. Packaging it as is.
C/C++: android.ndkVersion from module build.gradle is [27.0.12077973]
C/C++: android.ndkPath from module build.gradle is not set
C/C++: ndk.dir in local.properties is not set
C/C++: Not considering ANDROID_NDK_HOME because support was removed after deprecation period.
C/C++: sdkFolder is /Users/gtesen/Library/Android/sdk
C/C++: NDK side-by-side folder from sdkFolder /Users/gtesen/Library/Android/sdk/ndk does not exist
C/C++: Folder /Users/gtesen/Library/Android/sdk/ndk/27.0.12077973 does not exist. Ignoring.
C/C++: Folder /Users/gtesen/Library/Android/sdk/ndk-bundle does not exist. Ignoring.
Unable to strip library '/Users/gtesen/Desktop/aplicacion_busmap/frontend-busmap/app/build/intermediates/merged_native_libs/release/mergeReleaseNativeLibs/out/lib/x86_64/libcronet.119.0.6045.31.so' due to missing strip tool for ABI 'x86_64'. Packaging it as is.
Unable to strip the following libraries, packaging them as they are: libcronet.119.0.6045.31.so, libdatastore_shared_counter.so.

> Task :app:buildKotlinToolingMetadata
Caching disabled for task ':app:buildKotlinToolingMetadata' because:
  Build cache is disabled
  Caching has been disabled for the task
Task ':app:buildKotlinToolingMetadata' is not up-to-date because:
  Output property 'outputDirectory' file /Users/gtesen/Desktop/aplicacion_busmap/frontend-busmap/app/build/kotlinToolingMetadata has been removed.
  Output property 'outputDirectory' file /Users/gtesen/Desktop/aplicacion_busmap/frontend-busmap/app/build/kotlinToolingMetadata/kotlin-tooling-metadata.json has been removed.
Resolve mutations for :app:extractReleaseNativeSymbolTables (Thread[Execution worker Thread 4,5,main]) started.
:app:extractReleaseNativeSymbolTables (Thread[Execution worker Thread 4,5,main]) started.
Resolve mutations for :app:checkKotlinGradlePluginConfigurationErrors (Thread[Execution worker,5,main]) started.
:app:checkKotlinGradlePluginConfigurationErrors (Thread[Execution worker Thread 7,5,main]) started.

> Task :app:checkKotlinGradlePluginConfigurationErrors SKIPPED
Skipping task ':app:checkKotlinGradlePluginConfigurationErrors' as task onlyIf 'errorDiagnostics are present' is false.
Resolve mutations for :app:checkReleaseAarMetadata (Thread[Execution worker Thread 7,5,main]) started.
:app:checkReleaseAarMetadata (Thread[Execution worker Thread 7,5,main]) started.

> Task :app:extractReleaseNativeSymbolTables
Caching disabled for task ':app:extractReleaseNativeSymbolTables' because:
  Build cache is disabled
Task ':app:extractReleaseNativeSymbolTables' is not up-to-date because:
  Output property 'outputDir' file /Users/gtesen/Desktop/aplicacion_busmap/frontend-busmap/app/build/intermediates/native_symbol_tables/release/extractReleaseNativeSymbolTables/out has been removed.
C/C++: android.ndkVersion from module build.gradle is [27.0.12077973]
C/C++: android.ndkPath from module build.gradle is not set
C/C++: ndk.dir in local.properties is not set
C/C++: Not considering ANDROID_NDK_HOME because support was removed after deprecation period.
C/C++: sdkFolder is /Users/gtesen/Library/Android/sdk
C/C++: NDK side-by-side folder from sdkFolder /Users/gtesen/Library/Android/sdk/ndk does not exist
C/C++: Folder /Users/gtesen/Library/Android/sdk/ndk/27.0.12077973 does not exist. Ignoring.
C/C++: Folder /Users/gtesen/Library/Android/sdk/ndk-bundle does not exist. Ignoring.
Unable to extract native debug metadata from /Users/gtesen/Desktop/aplicacion_busmap/frontend-busmap/app/build/intermediates/merged_native_libs/release/mergeReleaseNativeLibs/out/lib/armeabi-v7a/libdatastore_shared_counter.so because the native debug metadata has already been stripped.
Unable to extract native debug metadata from /Users/gtesen/Desktop/aplicacion_busmap/frontend-busmap/app/build/intermediates/merged_native_libs/release/mergeReleaseNativeLibs/out/lib/armeabi-v7a/libcronet.119.0.6045.31.so because the native debug metadata has already been stripped.
Unable to extract native debug metadata from /Users/gtesen/Desktop/aplicacion_busmap/frontend-busmap/app/build/intermediates/merged_native_libs/release/mergeReleaseNativeLibs/out/lib/x86/libdatastore_shared_counter.so because the native debug metadata has already been stripped.
Unable to extract native debug metadata from /Users/gtesen/Desktop/aplicacion_busmap/frontend-busmap/app/build/intermediates/merged_native_libs/release/mergeReleaseNativeLibs/out/lib/x86/libcronet.119.0.6045.31.so because the native debug metadata has already been stripped.
Unable to extract native debug metadata from /Users/gtesen/Desktop/aplicacion_busmap/frontend-busmap/app/build/intermediates/merged_native_libs/release/mergeReleaseNativeLibs/out/lib/arm64-v8a/libdatastore_shared_counter.so because the native debug metadata has already been stripped.
Unable to extract native debug metadata from /Users/gtesen/Desktop/aplicacion_busmap/frontend-busmap/app/build/intermediates/merged_native_libs/release/mergeReleaseNativeLibs/out/lib/arm64-v8a/libcronet.119.0.6045.31.so because the native debug metadata has already been stripped.
Unable to extract native debug metadata from /Users/gtesen/Desktop/aplicacion_busmap/frontend-busmap/app/build/intermediates/merged_native_libs/release/mergeReleaseNativeLibs/out/lib/x86_64/libdatastore_shared_counter.so because the native debug metadata has already been stripped.
Unable to extract native debug metadata from /Users/gtesen/Desktop/aplicacion_busmap/frontend-busmap/app/build/intermediates/merged_native_libs/release/mergeReleaseNativeLibs/out/lib/x86_64/libcronet.119.0.6045.31.so because the native debug metadata has already been stripped.
Resolve mutations for :app:mergeReleaseNativeDebugMetadata (Thread[Execution worker,5,main]) started.
:app:mergeReleaseNativeDebugMetadata (Thread[Execution worker,5,main]) started.

> Task :app:mergeReleaseNativeDebugMetadata NO-SOURCE
Skipping task ':app:mergeReleaseNativeDebugMetadata' as it has no source files and no previous output files.
Resolve mutations for :app:generateReleaseResValues (Thread[Execution worker,5,main]) started.
:app:generateReleaseResValues (Thread[Execution worker,5,main]) started.

> Task :app:generateReleaseResValues
Caching disabled for task ':app:generateReleaseResValues' because:
  Build cache is disabled
Task ':app:generateReleaseResValues' is not up-to-date because:
  Output property 'outputDirectory' file /Users/gtesen/Desktop/aplicacion_busmap/frontend-busmap/app/build/generated/res/resValues/release has been removed.
Resolve mutations for :app:processReleaseGoogleServices (Thread[Execution worker,5,main]) started.
:app:processReleaseGoogleServices (Thread[Execution worker,5,main]) started.

> Task :app:checkReleaseAarMetadata
Caching disabled for task ':app:checkReleaseAarMetadata' because:
  Build cache is disabled
  Caching has been disabled for the task
Task ':app:checkReleaseAarMetadata' is not up-to-date because:
  Output property 'dummyOutputDirectory' file /Users/gtesen/Desktop/aplicacion_busmap/frontend-busmap/app/build/intermediates/aar_metadata_check/release/checkReleaseAarMetadata has been removed.

> Task :app:processReleaseGoogleServices
Caching disabled for task ':app:processReleaseGoogleServices' because:
  Build cache is disabled
Task ':app:processReleaseGoogleServices' is not up-to-date because:
  Output property 'gmpAppId' file /Users/gtesen/Desktop/aplicacion_busmap/frontend-busmap/app/build/gmpAppId/release.txt has been removed.
  Output property 'outputDirectory' file /Users/gtesen/Desktop/aplicacion_busmap/frontend-busmap/app/build/generated/res/processReleaseGoogleServices has been removed.
  Output property 'outputDirectory' file /Users/gtesen/Desktop/aplicacion_busmap/frontend-busmap/app/build/generated/res/processReleaseGoogleServices/values has been removed.
  and more...
Parsing json file: /Users/gtesen/Desktop/aplicacion_busmap/frontend-busmap/app/google-services.json
Resolve mutations for :app:mapReleaseSourceSetPaths (Thread[Execution worker,5,main]) started.
:app:mapReleaseSourceSetPaths (Thread[Execution worker,5,main]) started.

> Task :app:mapReleaseSourceSetPaths
Caching disabled for task ':app:mapReleaseSourceSetPaths' because:
  Build cache is disabled
  Caching has been disabled for the task
Task ':app:mapReleaseSourceSetPaths' is not up-to-date because:
  Output property 'filepathMappingFile' file /Users/gtesen/Desktop/aplicacion_busmap/frontend-busmap/app/build/intermediates/source_set_path_map/release/mapReleaseSourceSetPaths/file-map.txt has been removed.
Resolve mutations for :app:generateReleaseResources (Thread[Execution worker,5,main]) started.
:app:generateReleaseResources (Thread[Execution worker,5,main]) started.

> Task :app:generateReleaseResources
Caching disabled for task ':app:generateReleaseResources' because:
  Build cache is disabled
Task ':app:generateReleaseResources' is not up-to-date because:
  Output property 'validationReportFile' file /Users/gtesen/Desktop/aplicacion_busmap/frontend-busmap/app/build/intermediates/nested_resources_validation_report/release/generateReleaseResources/nestedResourcesValidationReport.txt has been removed.
Resolve mutations for :app:mergeReleaseResources (Thread[Execution worker,5,main]) started.
:app:mergeReleaseResources (Thread[Execution worker,5,main]) started.

> Task :app:mergeReleaseResources
Caching disabled for task ':app:mergeReleaseResources' because:
  Build cache is disabled
Task ':app:mergeReleaseResources' is not up-to-date because:
  Output property 'blameLogOutputFolder' file /Users/gtesen/Desktop/aplicacion_busmap/frontend-busmap/app/build/intermediates/merged_res_blame_folder/release/mergeReleaseResources/out has been removed.
  Output property 'blameLogOutputFolder' file /Users/gtesen/Desktop/aplicacion_busmap/frontend-busmap/app/build/intermediates/merged_res_blame_folder/release/mergeReleaseResources/out/multi-v2 has been removed.
  Output property 'blameLogOutputFolder' file /Users/gtesen/Desktop/aplicacion_busmap/frontend-busmap/app/build/intermediates/merged_res_blame_folder/release/mergeReleaseResources/out/multi-v2/mergeReleaseResources.json has been removed.
  and more...
The input changes require a full rebuild for incremental task ':app:mergeReleaseResources'.
[MergeResources] Inputs are non-incremental full task action.
Compiling XML table /Users/gtesen/Desktop/aplicacion_busmap/frontend-busmap/app/build/intermediates/incremental/release/mergeReleaseResources/merged.dir/values-hi/values-hi.xml to /Users/gtesen/Desktop/aplicacion_busmap/frontend-busmap/app/build/intermediates/merged_res/release/mergeReleaseResources/values-hi_values-hi.arsc.flat
Compiling XML table /Users/gtesen/Desktop/aplicacion_busmap/frontend-busmap/app/build/intermediates/incremental/release/mergeReleaseResources/merged.dir/values/values.xml to /Users/gtesen/Desktop/aplicacion_busmap/frontend-busmap/app/build/intermediates/merged_res/release/mergeReleaseResources/values_values.arsc.flat
Compiling XML table /Users/gtesen/Desktop/aplicacion_busmap/frontend-busmap/app/build/intermediates/incremental/release/mergeReleaseResources/merged.dir/values-pt/values-pt.xml to /Users/gtesen/Desktop/aplicacion_busmap/frontend-busmap/app/build/intermediates/merged_res/release/mergeReleaseResources/values-pt_values-pt.arsc.flat
Compiling XML table /Users/gtesen/Desktop/aplicacion_busmap/frontend-busmap/app/build/intermediates/incremental/release/mergeReleaseResources/merged.dir/values-watch-v21/values-watch-v21.xml to /Users/gtesen/Desktop/aplicacion_busmap/frontend-busmap/app/build/intermediates/merged_res/release/mergeReleaseResources/values-watch-v21_values-watch-v21.arsc.flat
Compiling XML table /Users/gtesen/Desktop/aplicacion_busmap/frontend-busmap/app/build/intermediates/incremental/release/mergeReleaseResources/merged.dir/values-watch-v20/values-watch-v20.xml to /Users/gtesen/Desktop/aplicacion_busmap/frontend-busmap/app/build/intermediates/merged_res/release/mergeReleaseResources/values-watch-v20_values-watch-v20.arsc.flat
Compiling XML table /Users/gtesen/Desktop/aplicacion_busmap/frontend-busmap/app/build/intermediates/incremental/release/mergeReleaseResources/merged.dir/values-hr/values-hr.xml to /Users/gtesen/Desktop/aplicacion_busmap/frontend-busmap/app/build/intermediates/merged_res/release/mergeReleaseResources/values-hr_values-hr.arsc.flat
Compiling XML table /Users/gtesen/Desktop/aplicacion_busmap/frontend-busmap/app/build/intermediates/incremental/release/mergeReleaseResources/merged.dir/values-hu/values-hu.xml to /Users/gtesen/Desktop/aplicacion_busmap/frontend-busmap/app/build/intermediates/merged_res/release/mergeReleaseResources/values-hu_values-hu.arsc.flat
Compiling XML table /Users/gtesen/Desktop/aplicacion_busmap/frontend-busmap/app/build/intermediates/incremental/release/mergeReleaseResources/merged.dir/values-hy/values-hy.xml to /Users/gtesen/Desktop/aplicacion_busmap/frontend-busmap/app/build/intermediates/merged_res/release/mergeReleaseResources/values-hy_values-hy.arsc.flat
Compiling XML table /Users/gtesen/Desktop/aplicacion_busmap/frontend-busmap/app/build/intermediates/incremental/release/mergeReleaseResources/merged.dir/values-ldltr-v21/values-ldltr-v21.xml to /Users/gtesen/Desktop/aplicacion_busmap/frontend-busmap/app/build/intermediates/merged_res/release/mergeReleaseResources/values-ldltr-v21_values-ldltr-v21.arsc.flat
Compiling XML table /Users/gtesen/Desktop/aplicacion_busmap/frontend-busmap/app/build/intermediates/incremental/release/mergeReleaseResources/merged.dir/values-v17/values-v17.xml to /Users/gtesen/Desktop/aplicacion_busmap/frontend-busmap/app/build/intermediates/merged_res/release/mergeReleaseResources/values-v17_values-v17.arsc.flat
Compiling XML table /Users/gtesen/Desktop/aplicacion_busmap/frontend-busmap/app/build/intermediates/incremental/release/mergeReleaseResources/merged.dir/values-am/values-am.xml to /Users/gtesen/Desktop/aplicacion_busmap/frontend-busmap/app/build/intermediates/merged_res/release/mergeReleaseResources/values-am_values-am.arsc.flat
Compiling XML table /Users/gtesen/Desktop/aplicacion_busmap/frontend-busmap/app/build/intermediates/incremental/release/mergeReleaseResources/merged.dir/values-v18/values-v18.xml to /Users/gtesen/Desktop/aplicacion_busmap/frontend-busmap/app/build/intermediates/merged_res/release/mergeReleaseResources/values-v18_values-v18.arsc.flat
Compiling XML table /Users/gtesen/Desktop/aplicacion_busmap/frontend-busmap/app/build/intermediates/incremental/release/mergeReleaseResources/merged.dir/values-it/values-it.xml to /Users/gtesen/Desktop/aplicacion_busmap/frontend-busmap/app/build/intermediates/merged_res/release/mergeReleaseResources/values-it_values-it.arsc.flat
Compiling XML table /Users/gtesen/Desktop/aplicacion_busmap/frontend-busmap/app/build/intermediates/incremental/release/mergeReleaseResources/merged.dir/values-is/values-is.xml to /Users/gtesen/Desktop/aplicacion_busmap/frontend-busmap/app/build/intermediates/merged_res/release/mergeReleaseResources/values-is_values-is.arsc.flat
Compiling XML table /Users/gtesen/Desktop/aplicacion_busmap/frontend-busmap/app/build/intermediates/incremental/release/mergeReleaseResources/merged.dir/values-in/values-in.xml to /Users/gtesen/Desktop/aplicacion_busmap/frontend-busmap/app/build/intermediates/merged_res/release/mergeReleaseResources/values-in_values-in.arsc.flat
Compiling XML table /Users/gtesen/Desktop/aplicacion_busmap/frontend-busmap/app/build/intermediates/incremental/release/mergeReleaseResources/merged.dir/values-af/values-af.xml to /Users/gtesen/Desktop/aplicacion_busmap/frontend-busmap/app/build/intermediates/merged_res/release/mergeReleaseResources/values-af_values-af.arsc.flat
Compiling XML table /Users/gtesen/Desktop/aplicacion_busmap/frontend-busmap/app/build/intermediates/incremental/release/mergeReleaseResources/merged.dir/values-w360dp-port-v13/values-w360dp-port-v13.xml to /Users/gtesen/Desktop/aplicacion_busmap/frontend-busmap/app/build/intermediates/merged_res/release/mergeReleaseResources/values-w360dp-port-v13_values-w360dp-port-v13.arsc.flat
Compiling XML table /Users/gtesen/Desktop/aplicacion_busmap/frontend-busmap/app/build/intermediates/incremental/release/mergeReleaseResources/merged.dir/values-v16/values-v16.xml to /Users/gtesen/Desktop/aplicacion_busmap/frontend-busmap/app/build/intermediates/merged_res/release/mergeReleaseResources/values-v16_values-v16.arsc.flat
Compiling XML table /Users/gtesen/Desktop/aplicacion_busmap/frontend-busmap/app/build/intermediates/incremental/release/mergeReleaseResources/merged.dir/values-iw/values-iw.xml to /Users/gtesen/Desktop/aplicacion_busmap/frontend-busmap/app/build/intermediates/merged_res/release/mergeReleaseResources/values-iw_values-iw.arsc.flat
Compiling XML table /Users/gtesen/Desktop/aplicacion_busmap/frontend-busmap/app/build/intermediates/incremental/release/mergeReleaseResources/merged.dir/values-zh-rHK/values-zh-rHK.xml to /Users/gtesen/Desktop/aplicacion_busmap/frontend-busmap/app/build/intermediates/merged_res/release/mergeReleaseResources/values-zh-rHK_values-zh-rHK.arsc.flat
Compiling XML table /Users/gtesen/Desktop/aplicacion_busmap/frontend-busmap/app/build/intermediates/incremental/release/mergeReleaseResources/merged.dir/values-ja/values-ja.xml to /Users/gtesen/Desktop/aplicacion_busmap/frontend-busmap/app/build/intermediates/merged_res/release/mergeReleaseResources/values-ja_values-ja.arsc.flat
Compiling XML table /Users/gtesen/Desktop/aplicacion_busmap/frontend-busmap/app/build/intermediates/incremental/release/mergeReleaseResources/merged.dir/values-es-rUS/values-es-rUS.xml to /Users/gtesen/Desktop/aplicacion_busmap/frontend-busmap/app/build/intermediates/merged_res/release/mergeReleaseResources/values-es-rUS_values-es-rUS.arsc.flat
Compiling XML table /Users/gtesen/Desktop/aplicacion_busmap/frontend-busmap/app/build/intermediates/incremental/release/mergeReleaseResources/merged.dir/values-ar/values-ar.xml to /Users/gtesen/Desktop/aplicacion_busmap/frontend-busmap/app/build/intermediates/merged_res/release/mergeReleaseResources/values-ar_values-ar.arsc.flat
Compiling XML table /Users/gtesen/Desktop/aplicacion_busmap/frontend-busmap/app/build/intermediates/incremental/release/mergeReleaseResources/merged.dir/values-v22/values-v22.xml to /Users/gtesen/Desktop/aplicacion_busmap/frontend-busmap/app/build/intermediates/merged_res/release/mergeReleaseResources/values-v22_values-v22.arsc.flat
Compiling XML table /Users/gtesen/Desktop/aplicacion_busmap/frontend-busmap/app/build/intermediates/incremental/release/mergeReleaseResources/merged.dir/values-v23/values-v23.xml to /Users/gtesen/Desktop/aplicacion_busmap/frontend-busmap/app/build/intermediates/merged_res/release/mergeReleaseResources/values-v23_values-v23.arsc.flat
Compiling XML table /Users/gtesen/Desktop/aplicacion_busmap/frontend-busmap/app/build/intermediates/incremental/release/mergeReleaseResources/merged.dir/values-b+sr+Latn/values-b+sr+Latn.xml to /Users/gtesen/Desktop/aplicacion_busmap/frontend-busmap/app/build/intermediates/merged_res/release/mergeReleaseResources/values-b+sr+Latn_values-b+sr+Latn.arsc.flat
Compiling XML table /Users/gtesen/Desktop/aplicacion_busmap/frontend-busmap/app/build/intermediates/incremental/release/mergeReleaseResources/merged.dir/values-v26/values-v26.xml to /Users/gtesen/Desktop/aplicacion_busmap/frontend-busmap/app/build/intermediates/merged_res/release/mergeReleaseResources/values-v26_values-v26.arsc.flat
Compiling XML table /Users/gtesen/Desktop/aplicacion_busmap/frontend-busmap/app/build/intermediates/incremental/release/mergeReleaseResources/merged.dir/values-bg/values-bg.xml to /Users/gtesen/Desktop/aplicacion_busmap/frontend-busmap/app/build/intermediates/merged_res/release/mergeReleaseResources/values-bg_values-bg.arsc.flat
Compiling XML table /Users/gtesen/Desktop/aplicacion_busmap/frontend-busmap/app/build/intermediates/incremental/release/mergeReleaseResources/merged.dir/values-zu/values-zu.xml to /Users/gtesen/Desktop/aplicacion_busmap/frontend-busmap/app/build/intermediates/merged_res/release/mergeReleaseResources/values-zu_values-zu.arsc.flat
Compiling XML table /Users/gtesen/Desktop/aplicacion_busmap/frontend-busmap/app/build/intermediates/incremental/release/mergeReleaseResources/merged.dir/values-v21/values-v21.xml to /Users/gtesen/Desktop/aplicacion_busmap/frontend-busmap/app/build/intermediates/merged_res/release/mergeReleaseResources/values-v21_values-v21.arsc.flat
Compiling XML table /Users/gtesen/Desktop/aplicacion_busmap/frontend-busmap/app/build/intermediates/incremental/release/mergeReleaseResources/merged.dir/values-v27/values-v27.xml to /Users/gtesen/Desktop/aplicacion_busmap/frontend-busmap/app/build/intermediates/merged_res/release/mergeReleaseResources/values-v27_values-v27.arsc.flat
Compiling XML table /Users/gtesen/Desktop/aplicacion_busmap/frontend-busmap/app/build/intermediates/incremental/release/mergeReleaseResources/merged.dir/values-ru/values-ru.xml to /Users/gtesen/Desktop/aplicacion_busmap/frontend-busmap/app/build/intermediates/merged_res/release/mergeReleaseResources/values-ru_values-ru.arsc.flat
Compiling XML table /Users/gtesen/Desktop/aplicacion_busmap/frontend-busmap/app/build/intermediates/incremental/release/mergeReleaseResources/merged.dir/values-pt-rPT/values-pt-rPT.xml to /Users/gtesen/Desktop/aplicacion_busmap/frontend-busmap/app/build/intermediates/merged_res/release/mergeReleaseResources/values-pt-rPT_values-pt-rPT.arsc.flat
Compiling XML table /Users/gtesen/Desktop/aplicacion_busmap/frontend-busmap/app/build/intermediates/incremental/release/mergeReleaseResources/merged.dir/values-az/values-az.xml to /Users/gtesen/Desktop/aplicacion_busmap/frontend-busmap/app/build/intermediates/merged_res/release/mergeReleaseResources/values-az_values-az.arsc.flat
Compiling XML table /Users/gtesen/Desktop/aplicacion_busmap/frontend-busmap/app/build/intermediates/incremental/release/mergeReleaseResources/merged.dir/values-v25/values-v25.xml to /Users/gtesen/Desktop/aplicacion_busmap/frontend-busmap/app/build/intermediates/merged_res/release/mergeReleaseResources/values-v25_values-v25.arsc.flat
Compiling XML table /Users/gtesen/Desktop/aplicacion_busmap/frontend-busmap/app/build/intermediates/incremental/release/mergeReleaseResources/merged.dir/values-h480dp-land-v13/values-h480dp-land-v13.xml to /Users/gtesen/Desktop/aplicacion_busmap/frontend-busmap/app/build/intermediates/merged_res/release/mergeReleaseResources/values-h480dp-land-v13_values-h480dp-land-v13.arsc.flat
Compiling XML table /Users/gtesen/Desktop/aplicacion_busmap/frontend-busmap/app/build/intermediates/incremental/release/mergeReleaseResources/merged.dir/values-bn/values-bn.xml to /Users/gtesen/Desktop/aplicacion_busmap/frontend-busmap/app/build/intermediates/merged_res/release/mergeReleaseResources/values-bn_values-bn.arsc.flat
Compiling XML table /Users/gtesen/Desktop/aplicacion_busmap/frontend-busmap/app/build/intermediates/incremental/release/mergeReleaseResources/merged.dir/values-sk/values-sk.xml to /Users/gtesen/Desktop/aplicacion_busmap/frontend-busmap/app/build/intermediates/merged_res/release/mergeReleaseResources/values-sk_values-sk.arsc.flat
Compiling XML table /Users/gtesen/Desktop/aplicacion_busmap/frontend-busmap/app/build/intermediates/incremental/release/mergeReleaseResources/merged.dir/values-be/values-be.xml to /Users/gtesen/Desktop/aplicacion_busmap/frontend-busmap/app/build/intermediates/merged_res/release/mergeReleaseResources/values-be_values-be.arsc.flat
Compiling XML table /Users/gtesen/Desktop/aplicacion_busmap/frontend-busmap/app/build/intermediates/incremental/release/mergeReleaseResources/merged.dir/values-ka/values-ka.xml to /Users/gtesen/Desktop/aplicacion_busmap/frontend-busmap/app/build/intermediates/merged_res/release/mergeReleaseResources/values-ka_values-ka.arsc.flat
Compiling XML table /Users/gtesen/Desktop/aplicacion_busmap/frontend-busmap/app/build/intermediates/incremental/release/mergeReleaseResources/merged.dir/values-sw600dp-v13/values-sw600dp-v13.xml to /Users/gtesen/Desktop/aplicacion_busmap/frontend-busmap/app/build/intermediates/merged_res/release/mergeReleaseResources/values-sw600dp-v13_values-sw600dp-v13.arsc.flat
Compiling XML table /Users/gtesen/Desktop/aplicacion_busmap/frontend-busmap/app/build/intermediates/incremental/release/mergeReleaseResources/merged.dir/values-si/values-si.xml to /Users/gtesen/Desktop/aplicacion_busmap/frontend-busmap/app/build/intermediates/merged_res/release/mergeReleaseResources/values-si_values-si.arsc.flat
Compiling XML table /Users/gtesen/Desktop/aplicacion_busmap/frontend-busmap/app/build/intermediates/incremental/release/mergeReleaseResources/merged.dir/values-v29/values-v29.xml to /Users/gtesen/Desktop/aplicacion_busmap/frontend-busmap/app/build/intermediates/merged_res/release/mergeReleaseResources/values-v29_values-v29.arsc.flat
Compiling XML table /Users/gtesen/Desktop/aplicacion_busmap/frontend-busmap/app/build/intermediates/incremental/release/mergeReleaseResources/merged.dir/values-bs/values-bs.xml to /Users/gtesen/Desktop/aplicacion_busmap/frontend-busmap/app/build/intermediates/merged_res/release/mergeReleaseResources/values-bs_values-bs.arsc.flat
Compiling XML table /Users/gtesen/Desktop/aplicacion_busmap/frontend-busmap/app/build/intermediates/incremental/release/mergeReleaseResources/merged.dir/values-v34/values-v34.xml to /Users/gtesen/Desktop/aplicacion_busmap/frontend-busmap/app/build/intermediates/merged_res/release/mergeReleaseResources/values-v34_values-v34.arsc.flat
Compiling XML table /Users/gtesen/Desktop/aplicacion_busmap/frontend-busmap/app/build/intermediates/incremental/release/mergeReleaseResources/merged.dir/values-h360dp-land-v13/values-h360dp-land-v13.xml to /Users/gtesen/Desktop/aplicacion_busmap/frontend-busmap/app/build/intermediates/merged_res/release/mergeReleaseResources/values-h360dp-land-v13_values-h360dp-land-v13.arsc.flat
Compiling XML table /Users/gtesen/Desktop/aplicacion_busmap/frontend-busmap/app/build/intermediates/incremental/release/mergeReleaseResources/merged.dir/values-v28/values-v28.xml to /Users/gtesen/Desktop/aplicacion_busmap/frontend-busmap/app/build/intermediates/merged_res/release/mergeReleaseResources/values-v28_values-v28.arsc.flat
Compiling XML table /Users/gtesen/Desktop/aplicacion_busmap/frontend-busmap/app/build/intermediates/incremental/release/mergeReleaseResources/merged.dir/values-kk/values-kk.xml to /Users/gtesen/Desktop/aplicacion_busmap/frontend-busmap/app/build/intermediates/merged_res/release/mergeReleaseResources/values-kk_values-kk.arsc.flat
Compiling XML table /Users/gtesen/Desktop/aplicacion_busmap/frontend-busmap/app/build/intermediates/incremental/release/mergeReleaseResources/merged.dir/values-kn/values-kn.xml to /Users/gtesen/Desktop/aplicacion_busmap/frontend-busmap/app/build/intermediates/merged_res/release/mergeReleaseResources/values-kn_values-kn.arsc.flat
Compiling XML table /Users/gtesen/Desktop/aplicacion_busmap/frontend-busmap/app/build/intermediates/incremental/release/mergeReleaseResources/merged.dir/values-sl/values-sl.xml to /Users/gtesen/Desktop/aplicacion_busmap/frontend-busmap/app/build/intermediates/merged_res/release/mergeReleaseResources/values-sl_values-sl.arsc.flat
Compiling XML table /Users/gtesen/Desktop/aplicacion_busmap/frontend-busmap/app/build/intermediates/incremental/release/mergeReleaseResources/merged.dir/values-sq/values-sq.xml to /Users/gtesen/Desktop/aplicacion_busmap/frontend-busmap/app/build/intermediates/merged_res/release/mergeReleaseResources/values-sq_values-sq.arsc.flat
Compiling XML table /Users/gtesen/Desktop/aplicacion_busmap/frontend-busmap/app/build/intermediates/incremental/release/mergeReleaseResources/merged.dir/values-km/values-km.xml to /Users/gtesen/Desktop/aplicacion_busmap/frontend-busmap/app/build/intermediates/merged_res/release/mergeReleaseResources/values-km_values-km.arsc.flat
Compiling XML table /Users/gtesen/Desktop/aplicacion_busmap/frontend-busmap/app/build/intermediates/incremental/release/mergeReleaseResources/merged.dir/values-v31/values-v31.xml to /Users/gtesen/Desktop/aplicacion_busmap/frontend-busmap/app/build/intermediates/merged_res/release/mergeReleaseResources/values-v31_values-v31.arsc.flat
Compiling XML table /Users/gtesen/Desktop/aplicacion_busmap/frontend-busmap/app/build/intermediates/incremental/release/mergeReleaseResources/merged.dir/values-sv/values-sv.xml to /Users/gtesen/Desktop/aplicacion_busmap/frontend-busmap/app/build/intermediates/merged_res/release/mergeReleaseResources/values-sv_values-sv.arsc.flat
Compiling XML table /Users/gtesen/Desktop/aplicacion_busmap/frontend-busmap/app/build/intermediates/incremental/release/mergeReleaseResources/merged.dir/values-sw/values-sw.xml to /Users/gtesen/Desktop/aplicacion_busmap/frontend-busmap/app/build/intermediates/merged_res/release/mergeReleaseResources/values-sw_values-sw.arsc.flat
Compiling XML table /Users/gtesen/Desktop/aplicacion_busmap/frontend-busmap/app/build/intermediates/incremental/release/mergeReleaseResources/merged.dir/values-te/values-te.xml to /Users/gtesen/Desktop/aplicacion_busmap/frontend-busmap/app/build/intermediates/merged_res/release/mergeReleaseResources/values-te_values-te.arsc.flat
Compiling XML table /Users/gtesen/Desktop/aplicacion_busmap/frontend-busmap/app/build/intermediates/incremental/release/mergeReleaseResources/merged.dir/values-cs/values-cs.xml to /Users/gtesen/Desktop/aplicacion_busmap/frontend-busmap/app/build/intermediates/merged_res/release/mergeReleaseResources/values-cs_values-cs.arsc.flat
Compiling XML table /Users/gtesen/Desktop/aplicacion_busmap/frontend-busmap/app/build/intermediates/incremental/release/mergeReleaseResources/merged.dir/values-ko/values-ko.xml to /Users/gtesen/Desktop/aplicacion_busmap/frontend-busmap/app/build/intermediates/merged_res/release/mergeReleaseResources/values-ko_values-ko.arsc.flat
Compiling XML table /Users/gtesen/Desktop/aplicacion_busmap/frontend-busmap/app/build/intermediates/incremental/release/mergeReleaseResources/merged.dir/values-ky/values-ky.xml to /Users/gtesen/Desktop/aplicacion_busmap/frontend-busmap/app/build/intermediates/merged_res/release/mergeReleaseResources/values-ky_values-ky.arsc.flat
Compiling XML table /Users/gtesen/Desktop/aplicacion_busmap/frontend-busmap/app/build/intermediates/incremental/release/mergeReleaseResources/merged.dir/values-h720dp-v13/values-h720dp-v13.xml to /Users/gtesen/Desktop/aplicacion_busmap/frontend-busmap/app/build/intermediates/merged_res/release/mergeReleaseResources/values-h720dp-v13_values-h720dp-v13.arsc.flat
Compiling XML table /Users/gtesen/Desktop/aplicacion_busmap/frontend-busmap/app/build/intermediates/incremental/release/mergeReleaseResources/merged.dir/values-de/values-de.xml to /Users/gtesen/Desktop/aplicacion_busmap/frontend-busmap/app/build/intermediates/merged_res/release/mergeReleaseResources/values-de_values-de.arsc.flat
Compiling XML table /Users/gtesen/Desktop/aplicacion_busmap/frontend-busmap/app/build/intermediates/incremental/release/mergeReleaseResources/merged.dir/values-sr/values-sr.xml to /Users/gtesen/Desktop/aplicacion_busmap/frontend-busmap/app/build/intermediates/merged_res/release/mergeReleaseResources/values-sr_values-sr.arsc.flat
Compiling XML table /Users/gtesen/Desktop/aplicacion_busmap/frontend-busmap/app/build/intermediates/incremental/release/mergeReleaseResources/merged.dir/values-th/values-th.xml to /Users/gtesen/Desktop/aplicacion_busmap/frontend-busmap/app/build/intermediates/merged_res/release/mergeReleaseResources/values-th_values-th.arsc.flat
Compiling XML table /Users/gtesen/Desktop/aplicacion_busmap/frontend-busmap/app/build/intermediates/incremental/release/mergeReleaseResources/merged.dir/values-tr/values-tr.xml to /Users/gtesen/Desktop/aplicacion_busmap/frontend-busmap/app/build/intermediates/merged_res/release/mergeReleaseResources/values-tr_values-tr.arsc.flat
Compiling XML table /Users/gtesen/Desktop/aplicacion_busmap/frontend-busmap/app/build/intermediates/incremental/release/mergeReleaseResources/merged.dir/values-en-rAU/values-en-rAU.xml to /Users/gtesen/Desktop/aplicacion_busmap/frontend-busmap/app/build/intermediates/merged_res/release/mergeReleaseResources/values-en-rAU_values-en-rAU.arsc.flat
Compiling XML table /Users/gtesen/Desktop/aplicacion_busmap/frontend-busmap/app/build/intermediates/incremental/release/mergeReleaseResources/merged.dir/values-lo/values-lo.xml to /Users/gtesen/Desktop/aplicacion_busmap/frontend-busmap/app/build/intermediates/merged_res/release/mergeReleaseResources/values-lo_values-lo.arsc.flat
Compiling XML table /Users/gtesen/Desktop/aplicacion_busmap/frontend-busmap/app/build/intermediates/incremental/release/mergeReleaseResources/merged.dir/values-tl/values-tl.xml to /Users/gtesen/Desktop/aplicacion_busmap/frontend-busmap/app/build/intermediates/merged_res/release/mergeReleaseResources/values-tl_values-tl.arsc.flat
Compiling XML table /Users/gtesen/Desktop/aplicacion_busmap/frontend-busmap/app/build/intermediates/incremental/release/mergeReleaseResources/merged.dir/values-ur/values-ur.xml to /Users/gtesen/Desktop/aplicacion_busmap/frontend-busmap/app/build/intermediates/merged_res/release/mergeReleaseResources/values-ur_values-ur.arsc.flat
Compiling XML table /Users/gtesen/Desktop/aplicacion_busmap/frontend-busmap/app/build/intermediates/incremental/release/mergeReleaseResources/merged.dir/values-pt-rBR/values-pt-rBR.xml to /Users/gtesen/Desktop/aplicacion_busmap/frontend-busmap/app/build/intermediates/merged_res/release/mergeReleaseResources/values-pt-rBR_values-pt-rBR.arsc.flat
Compiling XML table /Users/gtesen/Desktop/aplicacion_busmap/frontend-busmap/app/build/intermediates/incremental/release/mergeReleaseResources/merged.dir/values-uk/values-uk.xml to /Users/gtesen/Desktop/aplicacion_busmap/frontend-busmap/app/build/intermediates/merged_res/release/mergeReleaseResources/values-uk_values-uk.arsc.flat
Compiling XML table /Users/gtesen/Desktop/aplicacion_busmap/frontend-busmap/app/build/intermediates/incremental/release/mergeReleaseResources/merged.dir/values-ldrtl-v17/values-ldrtl-v17.xml to /Users/gtesen/Desktop/aplicacion_busmap/frontend-busmap/app/build/intermediates/merged_res/release/mergeReleaseResources/values-ldrtl-v17_values-ldrtl-v17.arsc.flat
Compiling XML table /Users/gtesen/Desktop/aplicacion_busmap/frontend-busmap/app/build/intermediates/incremental/release/mergeReleaseResources/merged.dir/values-mr/values-mr.xml to /Users/gtesen/Desktop/aplicacion_busmap/frontend-busmap/app/build/intermediates/merged_res/release/mergeReleaseResources/values-mr_values-mr.arsc.flat
Compiling XML table /Users/gtesen/Desktop/aplicacion_busmap/frontend-busmap/app/build/intermediates/incremental/release/mergeReleaseResources/merged.dir/values-lt/values-lt.xml to /Users/gtesen/Desktop/aplicacion_busmap/frontend-busmap/app/build/intermediates/merged_res/release/mergeReleaseResources/values-lt_values-lt.arsc.flat
Compiling XML table /Users/gtesen/Desktop/aplicacion_busmap/frontend-busmap/app/build/intermediates/incremental/release/mergeReleaseResources/merged.dir/values-lv/values-lv.xml to /Users/gtesen/Desktop/aplicacion_busmap/frontend-busmap/app/build/intermediates/merged_res/release/mergeReleaseResources/values-lv_values-lv.arsc.flat
Compiling XML table /Users/gtesen/Desktop/aplicacion_busmap/frontend-busmap/app/build/intermediates/incremental/release/mergeReleaseResources/merged.dir/values-mk/values-mk.xml to /Users/gtesen/Desktop/aplicacion_busmap/frontend-busmap/app/build/intermediates/merged_res/release/mergeReleaseResources/values-mk_values-mk.arsc.flat
Compiling XML table /Users/gtesen/Desktop/aplicacion_busmap/frontend-busmap/app/build/intermediates/incremental/release/mergeReleaseResources/merged.dir/values-el/values-el.xml to /Users/gtesen/Desktop/aplicacion_busmap/frontend-busmap/app/build/intermediates/merged_res/release/mergeReleaseResources/values-el_values-el.arsc.flat
Compiling XML table /Users/gtesen/Desktop/aplicacion_busmap/frontend-busmap/app/build/intermediates/incremental/release/mergeReleaseResources/merged.dir/values-da/values-da.xml to /Users/gtesen/Desktop/aplicacion_busmap/frontend-busmap/app/build/intermediates/merged_res/release/mergeReleaseResources/values-da_values-da.arsc.flat
Compiling XML table /Users/gtesen/Desktop/aplicacion_busmap/frontend-busmap/app/build/intermediates/incremental/release/mergeReleaseResources/merged.dir/values-ms/values-ms.xml to /Users/gtesen/Desktop/aplicacion_busmap/frontend-busmap/app/build/intermediates/merged_res/release/mergeReleaseResources/values-ms_values-ms.arsc.flat
Compiling XML table /Users/gtesen/Desktop/aplicacion_busmap/frontend-busmap/app/build/intermediates/incremental/release/mergeReleaseResources/merged.dir/values-ml/values-ml.xml to /Users/gtesen/Desktop/aplicacion_busmap/frontend-busmap/app/build/intermediates/merged_res/release/mergeReleaseResources/values-ml_values-ml.arsc.flat
Compiling XML table /Users/gtesen/Desktop/aplicacion_busmap/frontend-busmap/app/build/intermediates/incremental/release/mergeReleaseResources/merged.dir/values-zh-rTW/values-zh-rTW.xml to /Users/gtesen/Desktop/aplicacion_busmap/frontend-busmap/app/build/intermediates/merged_res/release/mergeReleaseResources/values-zh-rTW_values-zh-rTW.arsc.flat
Compiling XML table /Users/gtesen/Desktop/aplicacion_busmap/frontend-busmap/app/build/intermediates/incremental/release/mergeReleaseResources/merged.dir/values-mn/values-mn.xml to /Users/gtesen/Desktop/aplicacion_busmap/frontend-busmap/app/build/intermediates/merged_res/release/mergeReleaseResources/values-mn_values-mn.arsc.flat
Compiling XML table /Users/gtesen/Desktop/aplicacion_busmap/frontend-busmap/app/build/intermediates/incremental/release/mergeReleaseResources/merged.dir/values-vi/values-vi.xml to /Users/gtesen/Desktop/aplicacion_busmap/frontend-busmap/app/build/intermediates/merged_res/release/mergeReleaseResources/values-vi_values-vi.arsc.flat
Compiling XML table /Users/gtesen/Desktop/aplicacion_busmap/frontend-busmap/app/build/intermediates/incremental/release/mergeReleaseResources/merged.dir/values-h550dp-port-v13/values-h550dp-port-v13.xml to /Users/gtesen/Desktop/aplicacion_busmap/frontend-busmap/app/build/intermediates/merged_res/release/mergeReleaseResources/values-h550dp-port-v13_values-h550dp-port-v13.arsc.flat
Compiling XML table /Users/gtesen/Desktop/aplicacion_busmap/frontend-busmap/app/build/intermediates/incremental/release/mergeReleaseResources/merged.dir/values-uz/values-uz.xml to /Users/gtesen/Desktop/aplicacion_busmap/frontend-busmap/app/build/intermediates/merged_res/release/mergeReleaseResources/values-uz_values-uz.arsc.flat
Compiling XML table /Users/gtesen/Desktop/aplicacion_busmap/frontend-busmap/app/build/intermediates/incremental/release/mergeReleaseResources/merged.dir/values-w400dp-port-v13/values-w400dp-port-v13.xml to /Users/gtesen/Desktop/aplicacion_busmap/frontend-busmap/app/build/intermediates/merged_res/release/mergeReleaseResources/values-w400dp-port-v13_values-w400dp-port-v13.arsc.flat
Compiling XML table /Users/gtesen/Desktop/aplicacion_busmap/frontend-busmap/app/build/intermediates/incremental/release/mergeReleaseResources/merged.dir/values-zh-rCN/values-zh-rCN.xml to /Users/gtesen/Desktop/aplicacion_busmap/frontend-busmap/app/build/intermediates/merged_res/release/mergeReleaseResources/values-zh-rCN_values-zh-rCN.arsc.flat
Compiling XML table /Users/gtesen/Desktop/aplicacion_busmap/frontend-busmap/app/build/intermediates/incremental/release/mergeReleaseResources/merged.dir/values-nb/values-nb.xml to /Users/gtesen/Desktop/aplicacion_busmap/frontend-busmap/app/build/intermediates/merged_res/release/mergeReleaseResources/values-nb_values-nb.arsc.flat
Compiling XML table /Users/gtesen/Desktop/aplicacion_busmap/frontend-busmap/app/build/intermediates/incremental/release/mergeReleaseResources/merged.dir/values-my/values-my.xml to /Users/gtesen/Desktop/aplicacion_busmap/frontend-busmap/app/build/intermediates/merged_res/release/mergeReleaseResources/values-my_values-my.arsc.flat
Compiling XML table /Users/gtesen/Desktop/aplicacion_busmap/frontend-busmap/app/build/intermediates/incremental/release/mergeReleaseResources/merged.dir/values-port/values-port.xml to /Users/gtesen/Desktop/aplicacion_busmap/frontend-busmap/app/build/intermediates/merged_res/release/mergeReleaseResources/values-port_values-port.arsc.flat
Compiling XML table /Users/gtesen/Desktop/aplicacion_busmap/frontend-busmap/app/build/intermediates/incremental/release/mergeReleaseResources/merged.dir/values-en-rXC/values-en-rXC.xml to /Users/gtesen/Desktop/aplicacion_busmap/frontend-busmap/app/build/intermediates/merged_res/release/mergeReleaseResources/values-en-rXC_values-en-rXC.arsc.flat
Compiling XML table /Users/gtesen/Desktop/aplicacion_busmap/frontend-busmap/app/build/intermediates/incremental/release/mergeReleaseResources/merged.dir/values-nl/values-nl.xml to /Users/gtesen/Desktop/aplicacion_busmap/frontend-busmap/app/build/intermediates/merged_res/release/mergeReleaseResources/values-nl_values-nl.arsc.flat
Compiling XML table /Users/gtesen/Desktop/aplicacion_busmap/frontend-busmap/app/build/intermediates/incremental/release/mergeReleaseResources/merged.dir/values-gl/values-gl.xml to /Users/gtesen/Desktop/aplicacion_busmap/frontend-busmap/app/build/intermediates/merged_res/release/mergeReleaseResources/values-gl_values-gl.arsc.flat
Compiling XML table /Users/gtesen/Desktop/aplicacion_busmap/frontend-busmap/app/build/intermediates/incremental/release/mergeReleaseResources/merged.dir/values-es/values-es.xml to /Users/gtesen/Desktop/aplicacion_busmap/frontend-busmap/app/build/intermediates/merged_res/release/mergeReleaseResources/values-es_values-es.arsc.flat
Compiling XML table /Users/gtesen/Desktop/aplicacion_busmap/frontend-busmap/app/build/intermediates/incremental/release/mergeReleaseResources/merged.dir/values-small-v4/values-small-v4.xml to /Users/gtesen/Desktop/aplicacion_busmap/frontend-busmap/app/build/intermediates/merged_res/release/mergeReleaseResources/values-small-v4_values-small-v4.arsc.flat
Compiling xml file /Users/gtesen/Desktop/aplicacion_busmap/frontend-busmap/app/src/main/res/drawable/rounded_edittext.xml to /Users/gtesen/Desktop/aplicacion_busmap/frontend-busmap/app/build/intermediates/merged_res/release/mergeReleaseResources/drawable_rounded_edittext.xml.flat
Compiling XML table /Users/gtesen/Desktop/aplicacion_busmap/frontend-busmap/app/build/intermediates/incremental/release/mergeReleaseResources/merged.dir/values-fi/values-fi.xml to /Users/gtesen/Desktop/aplicacion_busmap/frontend-busmap/app/build/intermediates/merged_res/release/mergeReleaseResources/values-fi_values-fi.arsc.flat
Compiling XML table /Users/gtesen/Desktop/aplicacion_busmap/frontend-busmap/app/build/intermediates/incremental/release/mergeReleaseResources/merged.dir/values-land/values-land.xml to /Users/gtesen/Desktop/aplicacion_busmap/frontend-busmap/app/build/intermediates/merged_res/release/mergeReleaseResources/values-land_values-land.arsc.flat
Compiling xml file /Users/gtesen/Desktop/aplicacion_busmap/frontend-busmap/app/src/main/res/drawable/baseline_home_24.xml to /Users/gtesen/Desktop/aplicacion_busmap/frontend-busmap/app/build/intermediates/merged_res/release/mergeReleaseResources/drawable_baseline_home_24.xml.flat
Compiling XML table /Users/gtesen/Desktop/aplicacion_busmap/frontend-busmap/app/build/intermediates/incremental/release/mergeReleaseResources/merged.dir/values-w600dp-land-v13/values-w600dp-land-v13.xml to /Users/gtesen/Desktop/aplicacion_busmap/frontend-busmap/app/build/intermediates/merged_res/release/mergeReleaseResources/values-w600dp-land-v13_values-w600dp-land-v13.arsc.flat
Compiling XML table /Users/gtesen/Desktop/aplicacion_busmap/frontend-busmap/app/build/intermediates/incremental/release/mergeReleaseResources/merged.dir/values-eu/values-eu.xml to /Users/gtesen/Desktop/aplicacion_busmap/frontend-busmap/app/build/intermediates/merged_res/release/mergeReleaseResources/values-eu_values-eu.arsc.flat
Compiling XML table /Users/gtesen/Desktop/aplicacion_busmap/frontend-busmap/app/build/intermediates/incremental/release/mergeReleaseResources/merged.dir/values-fr/values-fr.xml to /Users/gtesen/Desktop/aplicacion_busmap/frontend-busmap/app/build/intermediates/merged_res/release/mergeReleaseResources/values-fr_values-fr.arsc.flat
Compiling file /Users/gtesen/Desktop/aplicacion_busmap/frontend-busmap/app/src/main/res/mipmap-mdpi/ic_launcher.webp to /Users/gtesen/Desktop/aplicacion_busmap/frontend-busmap/app/build/intermediates/merged_res/release/mergeReleaseResources/mipmap-mdpi_ic_launcher.webp.flat
Compiling XML table /Users/gtesen/Desktop/aplicacion_busmap/frontend-busmap/app/build/intermediates/incremental/release/mergeReleaseResources/merged.dir/values-night-v8/values-night-v8.xml to /Users/gtesen/Desktop/aplicacion_busmap/frontend-busmap/app/build/intermediates/merged_res/release/mergeReleaseResources/values-night-v8_values-night-v8.arsc.flat
Compiling XML table /Users/gtesen/Desktop/aplicacion_busmap/frontend-busmap/app/build/intermediates/incremental/release/mergeReleaseResources/merged.dir/values-fa/values-fa.xml to /Users/gtesen/Desktop/aplicacion_busmap/frontend-busmap/app/build/intermediates/merged_res/release/mergeReleaseResources/values-fa_values-fa.arsc.flat
Compiling XML table /Users/gtesen/Desktop/aplicacion_busmap/frontend-busmap/app/build/intermediates/incremental/release/mergeReleaseResources/merged.dir/values-large-v4/values-large-v4.xml to /Users/gtesen/Desktop/aplicacion_busmap/frontend-busmap/app/build/intermediates/merged_res/release/mergeReleaseResources/values-large-v4_values-large-v4.arsc.flat
Compiling file /Users/gtesen/Desktop/aplicacion_busmap/frontend-busmap/app/src/main/res/mipmap-mdpi/ic_launcher_round.webp to /Users/gtesen/Desktop/aplicacion_busmap/frontend-busmap/app/build/intermediates/merged_res/release/mergeReleaseResources/mipmap-mdpi_ic_launcher_round.webp.flat
Compiling file /Users/gtesen/Desktop/aplicacion_busmap/frontend-busmap/app/src/main/res/mipmap-xxhdpi/ic_launcher.webp to /Users/gtesen/Desktop/aplicacion_busmap/frontend-busmap/app/build/intermediates/merged_res/release/mergeReleaseResources/mipmap-xxhdpi_ic_launcher.webp.flat
Compiling file /Users/gtesen/Desktop/aplicacion_busmap/frontend-busmap/app/src/main/res/mipmap-xxxhdpi/ic_launcher.webp to /Users/gtesen/Desktop/aplicacion_busmap/frontend-busmap/app/build/intermediates/merged_res/release/mergeReleaseResources/mipmap-xxxhdpi_ic_launcher.webp.flat
Compiling xml file /Users/gtesen/Desktop/aplicacion_busmap/frontend-busmap/app/src/main/res/mipmap-anydpi/ic_launcher.xml to /Users/gtesen/Desktop/aplicacion_busmap/frontend-busmap/app/build/intermediates/merged_res/release/mergeReleaseResources/mipmap-anydpi_ic_launcher.xml.flat
Compiling xml file /Users/gtesen/Desktop/aplicacion_busmap/frontend-busmap/app/src/main/res/drawable/rounded_bar.xml to /Users/gtesen/Desktop/aplicacion_busmap/frontend-busmap/app/build/intermediates/merged_res/release/mergeReleaseResources/drawable_rounded_bar.xml.flat
Compiling file /Users/gtesen/Desktop/aplicacion_busmap/frontend-busmap/app/src/main/res/mipmap-xxxhdpi/ic_launcher_round.webp to /Users/gtesen/Desktop/aplicacion_busmap/frontend-busmap/app/build/intermediates/merged_res/release/mergeReleaseResources/mipmap-xxxhdpi_ic_launcher_round.webp.flat
Compiling xml file /Users/gtesen/Desktop/aplicacion_busmap/frontend-busmap/app/src/main/res/drawable/ic_avatar_placeholder.xml to /Users/gtesen/Desktop/aplicacion_busmap/frontend-busmap/app/build/intermediates/merged_res/release/mergeReleaseResources/drawable_ic_avatar_placeholder.xml.flat
Compiling XML table /Users/gtesen/Desktop/aplicacion_busmap/frontend-busmap/app/build/intermediates/incremental/release/mergeReleaseResources/merged.dir/values-gu/values-gu.xml to /Users/gtesen/Desktop/aplicacion_busmap/frontend-busmap/app/build/intermediates/merged_res/release/mergeReleaseResources/values-gu_values-gu.arsc.flat
Compiling xml file /Users/gtesen/Desktop/aplicacion_busmap/frontend-busmap/app/src/main/res/layout/fragment_maps.xml to /Users/gtesen/Desktop/aplicacion_busmap/frontend-busmap/app/build/intermediates/merged_res/release/mergeReleaseResources/layout_fragment_maps.xml.flat
Compiling xml file /Users/gtesen/Desktop/aplicacion_busmap/frontend-busmap/app/src/main/res/layout/activity_login.xml to /Users/gtesen/Desktop/aplicacion_busmap/frontend-busmap/app/build/intermediates/merged_res/release/mergeReleaseResources/layout_activity_login.xml.flat
Compiling xml file /Users/gtesen/Desktop/aplicacion_busmap/frontend-busmap/app/src/main/res/drawable/ic_notifications_24.xml to /Users/gtesen/Desktop/aplicacion_busmap/frontend-busmap/app/build/intermediates/merged_res/release/mergeReleaseResources/drawable_ic_notifications_24.xml.flat
Compiling xml file /Users/gtesen/Desktop/aplicacion_busmap/frontend-busmap/app/src/main/res/drawable/bg_round_orange.xml to /Users/gtesen/Desktop/aplicacion_busmap/frontend-busmap/app/build/intermediates/merged_res/release/mergeReleaseResources/drawable_bg_round_orange.xml.flat
Compiling XML table /Users/gtesen/Desktop/aplicacion_busmap/frontend-busmap/app/build/intermediates/incremental/release/mergeReleaseResources/merged.dir/values-b+es+419/values-b+es+419.xml to /Users/gtesen/Desktop/aplicacion_busmap/frontend-busmap/app/build/intermediates/merged_res/release/mergeReleaseResources/values-b+es+419_values-b+es+419.arsc.flat
Compiling file /Users/gtesen/Desktop/aplicacion_busmap/frontend-busmap/app/src/main/res/mipmap-hdpi/ic_launcher_round.webp to /Users/gtesen/Desktop/aplicacion_busmap/frontend-busmap/app/build/intermediates/merged_res/release/mergeReleaseResources/mipmap-hdpi_ic_launcher_round.webp.flat
Compiling XML table /Users/gtesen/Desktop/aplicacion_busmap/frontend-busmap/app/build/intermediates/incremental/release/mergeReleaseResources/merged.dir/values-or/values-or.xml to /Users/gtesen/Desktop/aplicacion_busmap/frontend-busmap/app/build/intermediates/merged_res/release/mergeReleaseResources/values-or_values-or.arsc.flat
Compiling xml file /Users/gtesen/Desktop/aplicacion_busmap/frontend-busmap/app/src/main/res/xml/data_extraction_rules.xml to /Users/gtesen/Desktop/aplicacion_busmap/frontend-busmap/app/build/intermediates/merged_res/release/mergeReleaseResources/xml_data_extraction_rules.xml.flat
Compiling xml file /Users/gtesen/Desktop/aplicacion_busmap/frontend-busmap/app/src/main/res/drawable/rectangle3.xml to /Users/gtesen/Desktop/aplicacion_busmap/frontend-busmap/app/build/intermediates/merged_res/release/mergeReleaseResources/drawable_rectangle3.xml.flat
Compiling xml file /Users/gtesen/Desktop/aplicacion_busmap/frontend-busmap/app/src/main/res/drawable/circle_background.xml to /Users/gtesen/Desktop/aplicacion_busmap/frontend-busmap/app/build/intermediates/merged_res/release/mergeReleaseResources/drawable_circle_background.xml.flat
Compiling xml file /Users/gtesen/Desktop/aplicacion_busmap/frontend-busmap/app/src/main/res/menu/nav_menu.xml to /Users/gtesen/Desktop/aplicacion_busmap/frontend-busmap/app/build/intermediates/merged_res/release/mergeReleaseResources/menu_nav_menu.xml.flat
Compiling file /Users/gtesen/Desktop/aplicacion_busmap/frontend-busmap/app/src/main/res/mipmap-xhdpi/ic_launcher.webp to /Users/gtesen/Desktop/aplicacion_busmap/frontend-busmap/app/build/intermediates/merged_res/release/mergeReleaseResources/mipmap-xhdpi_ic_launcher.webp.flat
Compiling xml file /Users/gtesen/Desktop/aplicacion_busmap/frontend-busmap/app/src/main/res/mipmap-anydpi/ic_launcher_round.xml to /Users/gtesen/Desktop/aplicacion_busmap/frontend-busmap/app/build/intermediates/merged_res/release/mergeReleaseResources/mipmap-anydpi_ic_launcher_round.xml.flat
Compiling xml file /Users/gtesen/Desktop/aplicacion_busmap/frontend-busmap/app/src/main/res/layout/dialog_loading_fullscreen.xml to /Users/gtesen/Desktop/aplicacion_busmap/frontend-busmap/app/build/intermediates/merged_res/release/mergeReleaseResources/layout_dialog_loading_fullscreen.xml.flat
Compiling xml file /Users/gtesen/Desktop/aplicacion_busmap/frontend-busmap/app/src/main/res/layout/activity_main.xml to /Users/gtesen/Desktop/aplicacion_busmap/frontend-busmap/app/build/intermediates/merged_res/release/mergeReleaseResources/layout_activity_main.xml.flat
Compiling xml file /Users/gtesen/Desktop/aplicacion_busmap/frontend-busmap/app/src/main/res/layout/item_notification.xml to /Users/gtesen/Desktop/aplicacion_busmap/frontend-busmap/app/build/intermediates/merged_res/release/mergeReleaseResources/layout_item_notification.xml.flat
Compiling xml file /Users/gtesen/Desktop/aplicacion_busmap/frontend-busmap/app/src/main/res/drawable/stripe_orange_rounded.xml to /Users/gtesen/Desktop/aplicacion_busmap/frontend-busmap/app/build/intermediates/merged_res/release/mergeReleaseResources/drawable_stripe_orange_rounded.xml.flat
Compiling xml file /Users/gtesen/Desktop/aplicacion_busmap/frontend-busmap/app/src/main/res/layout/menu_item_badge.xml to /Users/gtesen/Desktop/aplicacion_busmap/frontend-busmap/app/build/intermediates/merged_res/release/mergeReleaseResources/layout_menu_item_badge.xml.flat
Compiling xml file /Users/gtesen/Desktop/aplicacion_busmap/frontend-busmap/app/src/main/res/layout/list_item.xml to /Users/gtesen/Desktop/aplicacion_busmap/frontend-busmap/app/build/intermediates/merged_res/release/mergeReleaseResources/layout_list_item.xml.flat
Compiling xml file /Users/gtesen/Desktop/aplicacion_busmap/frontend-busmap/app/src/main/res/drawable/rectangle1.xml to /Users/gtesen/Desktop/aplicacion_busmap/frontend-busmap/app/build/intermediates/merged_res/release/mergeReleaseResources/drawable_rectangle1.xml.flat
Compiling xml file /Users/gtesen/Desktop/aplicacion_busmap/frontend-busmap/app/src/main/res/drawable/retangle.xml to /Users/gtesen/Desktop/aplicacion_busmap/frontend-busmap/app/build/intermediates/merged_res/release/mergeReleaseResources/drawable_retangle.xml.flat
Compiling xml file /Users/gtesen/Desktop/aplicacion_busmap/frontend-busmap/app/src/main/res/layout/fragment_ruta_planificada.xml to /Users/gtesen/Desktop/aplicacion_busmap/frontend-busmap/app/build/intermediates/merged_res/release/mergeReleaseResources/layout_fragment_ruta_planificada.xml.flat
Compiling xml file /Users/gtesen/Desktop/aplicacion_busmap/frontend-busmap/app/src/main/res/drawable/vector2.xml to /Users/gtesen/Desktop/aplicacion_busmap/frontend-busmap/app/build/intermediates/merged_res/release/mergeReleaseResources/drawable_vector2.xml.flat
Compiling xml file /Users/gtesen/Desktop/aplicacion_busmap/frontend-busmap/app/src/main/res/drawable/baseline_support_agent_24.xml to /Users/gtesen/Desktop/aplicacion_busmap/frontend-busmap/app/build/intermediates/merged_res/release/mergeReleaseResources/drawable_baseline_support_agent_24.xml.flat
Compiling xml file /Users/gtesen/Desktop/aplicacion_busmap/frontend-busmap/app/src/main/res/drawable/vector3.xml to /Users/gtesen/Desktop/aplicacion_busmap/frontend-busmap/app/build/intermediates/merged_res/release/mergeReleaseResources/drawable_vector3.xml.flat
Compiling file /Users/gtesen/Desktop/aplicacion_busmap/frontend-busmap/app/src/main/res/mipmap-hdpi/ic_launcher.webp to /Users/gtesen/Desktop/aplicacion_busmap/frontend-busmap/app/build/intermediates/merged_res/release/mergeReleaseResources/mipmap-hdpi_ic_launcher.webp.flat
Compiling XML table /Users/gtesen/Desktop/aplicacion_busmap/frontend-busmap/app/build/intermediates/incremental/release/mergeReleaseResources/merged.dir/values-en-rGB/values-en-rGB.xml to /Users/gtesen/Desktop/aplicacion_busmap/frontend-busmap/app/build/intermediates/merged_res/release/mergeReleaseResources/values-en-rGB_values-en-rGB.arsc.flat
Compiling xml file /Users/gtesen/Desktop/aplicacion_busmap/frontend-busmap/app/src/main/res/drawable/dropdown_background.xml to /Users/gtesen/Desktop/aplicacion_busmap/frontend-busmap/app/build/intermediates/merged_res/release/mergeReleaseResources/drawable_dropdown_background.xml.flat
Compiling xml file /Users/gtesen/Desktop/aplicacion_busmap/frontend-busmap/app/src/main/res/drawable/rectangle2.xml to /Users/gtesen/Desktop/aplicacion_busmap/frontend-busmap/app/build/intermediates/merged_res/release/mergeReleaseResources/drawable_rectangle2.xml.flat
Compiling xml file /Users/gtesen/Desktop/aplicacion_busmap/frontend-busmap/app/src/main/res/layout/bottomsheet_notification_detail.xml to /Users/gtesen/Desktop/aplicacion_busmap/frontend-busmap/app/build/intermediates/merged_res/release/mergeReleaseResources/layout_bottomsheet_notification_detail.xml.flat
Compiling file /Users/gtesen/Desktop/aplicacion_busmap/frontend-busmap/app/src/main/res/mipmap-xxhdpi/ic_launcher_round.webp to /Users/gtesen/Desktop/aplicacion_busmap/frontend-busmap/app/build/intermediates/merged_res/release/mergeReleaseResources/mipmap-xxhdpi_ic_launcher_round.webp.flat
Compiling xml file /Users/gtesen/Desktop/aplicacion_busmap/frontend-busmap/app/src/main/res/layout/bottom_sheet_informacion.xml to /Users/gtesen/Desktop/aplicacion_busmap/frontend-busmap/app/build/intermediates/merged_res/release/mergeReleaseResources/layout_bottom_sheet_informacion.xml.flat
Compiling file /Users/gtesen/Desktop/aplicacion_busmap/frontend-busmap/app/src/main/res/drawable/bus.jpeg to /Users/gtesen/Desktop/aplicacion_busmap/frontend-busmap/app/build/intermediates/merged_res/release/mergeReleaseResources/drawable_bus.jpeg.flat
Compiling file /Users/gtesen/Desktop/aplicacion_busmap/frontend-busmap/app/src/main/res/mipmap-xhdpi/ic_launcher_round.webp to /Users/gtesen/Desktop/aplicacion_busmap/frontend-busmap/app/build/intermediates/merged_res/release/mergeReleaseResources/mipmap-xhdpi_ic_launcher_round.webp.flat
Compiling xml file /Users/gtesen/Desktop/aplicacion_busmap/frontend-busmap/app/src/main/res/xml/backup_rules.xml to /Users/gtesen/Desktop/aplicacion_busmap/frontend-busmap/app/build/intermediates/merged_res/release/mergeReleaseResources/xml_backup_rules.xml.flat
Compiling XML table /Users/gtesen/Desktop/aplicacion_busmap/frontend-busmap/app/build/intermediates/incremental/release/mergeReleaseResources/merged.dir/values-pl/values-pl.xml to /Users/gtesen/Desktop/aplicacion_busmap/frontend-busmap/app/build/intermediates/merged_res/release/mergeReleaseResources/values-pl_values-pl.arsc.flat
AAPT2 aapt2-8.9.1-12782657-osx Daemon #5: starting
AAPT2 aapt2-8.9.1-12782657-osx Daemon #4: starting
AAPT2 aapt2-8.9.1-12782657-osx Daemon #1: starting
AAPT2 aapt2-8.9.1-12782657-osx Daemon #3: starting
AAPT2 aapt2-8.9.1-12782657-osx Daemon #2: starting
AAPT2 aapt2-8.9.1-12782657-osx Daemon #0: starting
Compiling xml file /Users/gtesen/Desktop/aplicacion_busmap/frontend-busmap/app/src/main/res/drawable/ic_launcher_background.xml to /Users/gtesen/Desktop/aplicacion_busmap/frontend-busmap/app/build/intermediates/merged_res/release/mergeReleaseResources/drawable_ic_launcher_background.xml.flat
Compiling xml file /Users/gtesen/Desktop/aplicacion_busmap/frontend-busmap/app/src/main/res/layout/nav_header.xml to /Users/gtesen/Desktop/aplicacion_busmap/frontend-busmap/app/build/intermediates/merged_res/release/mergeReleaseResources/layout_nav_header.xml.flat
Compiling xml file /Users/gtesen/Desktop/aplicacion_busmap/frontend-busmap/app/src/main/res/layout/fragment_contact.xml to /Users/gtesen/Desktop/aplicacion_busmap/frontend-busmap/app/build/intermediates/merged_res/release/mergeReleaseResources/layout_fragment_contact.xml.flat
Compiling xml file /Users/gtesen/Desktop/aplicacion_busmap/frontend-busmap/app/src/main/res/drawable/ic_launcher_foreground.xml to /Users/gtesen/Desktop/aplicacion_busmap/frontend-busmap/app/build/intermediates/merged_res/release/mergeReleaseResources/drawable_ic_launcher_foreground.xml.flat
Compiling xml file /Users/gtesen/Desktop/aplicacion_busmap/frontend-busmap/app/src/main/res/layout/layout_dropdown.xml to /Users/gtesen/Desktop/aplicacion_busmap/frontend-busmap/app/build/intermediates/merged_res/release/mergeReleaseResources/layout_layout_dropdown.xml.flat
Compiling xml file /Users/gtesen/Desktop/aplicacion_busmap/frontend-busmap/app/src/main/res/drawable/bg_badge.xml to /Users/gtesen/Desktop/aplicacion_busmap/frontend-busmap/app/build/intermediates/merged_res/release/mergeReleaseResources/drawable_bg_badge.xml.flat
Compiling xml file /Users/gtesen/Desktop/aplicacion_busmap/frontend-busmap/app/src/main/res/layout/fragment_notifications.xml to /Users/gtesen/Desktop/aplicacion_busmap/frontend-busmap/app/build/intermediates/merged_res/release/mergeReleaseResources/layout_fragment_notifications.xml.flat

Resolve mutations for :app:packageReleaseResources (Thread[Execution worker Thread 6,5,main]) started.
:app:packageReleaseResources (Thread[Execution worker Thread 6,5,main]) started.

> Task :app:packageReleaseResources
Caching disabled for task ':app:packageReleaseResources' because:
  Build cache is disabled
Task ':app:packageReleaseResources' is not up-to-date because:
  Output property 'dataBindingLayoutInfoOutFolder' file /Users/gtesen/Desktop/aplicacion_busmap/frontend-busmap/app/build/intermediates/data_binding_layout_info_type_package/release/packageReleaseResources/out has been removed.
  Output property 'incrementalFolder' file /Users/gtesen/Desktop/aplicacion_busmap/frontend-busmap/app/build/intermediates/incremental/release/packageReleaseResources has been removed.
  Output property 'incrementalFolder' file /Users/gtesen/Desktop/aplicacion_busmap/frontend-busmap/app/build/intermediates/incremental/release/packageReleaseResources/compile-file-map.properties has been removed.
  and more...
The input changes require a full rebuild for incremental task ':app:packageReleaseResources'.
[MergeResources] Inputs are non-incremental full task action.
Resolve mutations for :app:parseReleaseLocalResources (Thread[Execution worker Thread 6,5,main]) started.
:app:parseReleaseLocalResources (Thread[Execution worker Thread 6,5,main]) started.
Resolve mutations for :app:createReleaseCompatibleScreenManifests (Thread[included builds,5,main]) started.
:app:createReleaseCompatibleScreenManifests (Thread[included builds,5,main]) started.

> Task :app:createReleaseCompatibleScreenManifests
Caching disabled for task ':app:createReleaseCompatibleScreenManifests' because:
  Build cache is disabled
  Caching has been disabled for the task
Task ':app:createReleaseCompatibleScreenManifests' is not up-to-date because:
  Value of input property 'variantOutputs.$0.outputFileName' has changed for task ':app:createReleaseCompatibleScreenManifests'
Resolve mutations for :app:extractDeepLinksRelease (Thread[Execution worker Thread 5,5,main]) started.
:app:extractDeepLinksRelease (Thread[Execution worker Thread 5,5,main]) started.

> Task :app:extractDeepLinksRelease
Caching disabled for task ':app:extractDeepLinksRelease' because:
  Build cache is disabled
Task ':app:extractDeepLinksRelease' is not up-to-date because:
  Output property 'navigationJson' file /Users/gtesen/Desktop/aplicacion_busmap/frontend-busmap/app/build/intermediates/navigation_json/release/extractDeepLinksRelease/navigation.json has been removed.
Resolve mutations for :app:processReleaseMainManifest (Thread[Execution worker Thread 5,5,main]) started.
:app:processReleaseMainManifest (Thread[Execution worker Thread 5,5,main]) started.

> Task :app:parseReleaseLocalResources
Caching disabled for task ':app:parseReleaseLocalResources' because:
  Build cache is disabled
Task ':app:parseReleaseLocalResources' is not up-to-date because:
  Output property 'librarySymbolsFile' file /Users/gtesen/Desktop/aplicacion_busmap/frontend-busmap/app/build/intermediates/local_only_symbol_list/release/parseReleaseLocalResources/R-def.txt has been removed.
The input changes require a full rebuild for incremental task ':app:parseReleaseLocalResources'.

> Task :app:mergeReleaseResources
Compiling XML table /Users/gtesen/Desktop/aplicacion_busmap/frontend-busmap/app/build/intermediates/incremental/release/mergeReleaseResources/merged.dir/values-h320dp-port-v13/values-h320dp-port-v13.xml to /Users/gtesen/Desktop/aplicacion_busmap/frontend-busmap/app/build/intermediates/merged_res/release/mergeReleaseResources/values-h320dp-port-v13_values-h320dp-port-v13.arsc.flat
Compiling XML table /Users/gtesen/Desktop/aplicacion_busmap/frontend-busmap/app/build/intermediates/incremental/release/mergeReleaseResources/merged.dir/values-w320dp-land-v13/values-w320dp-land-v13.xml to /Users/gtesen/Desktop/aplicacion_busmap/frontend-busmap/app/build/intermediates/merged_res/release/mergeReleaseResources/values-w320dp-land-v13_values-w320dp-land-v13.arsc.flat
Compiling XML table /Users/gtesen/Desktop/aplicacion_busmap/frontend-busmap/app/build/intermediates/incremental/release/mergeReleaseResources/merged.dir/values-as/values-as.xml to /Users/gtesen/Desktop/aplicacion_busmap/frontend-busmap/app/build/intermediates/merged_res/release/mergeReleaseResources/values-as_values-as.arsc.flat
Compiling XML table /Users/gtesen/Desktop/aplicacion_busmap/frontend-busmap/app/build/intermediates/incremental/release/mergeReleaseResources/merged.dir/values-v24/values-v24.xml to /Users/gtesen/Desktop/aplicacion_busmap/frontend-busmap/app/build/intermediates/merged_res/release/mergeReleaseResources/values-v24_values-v24.arsc.flat
Compiling XML table /Users/gtesen/Desktop/aplicacion_busmap/frontend-busmap/app/build/intermediates/incremental/release/mergeReleaseResources/merged.dir/values-ro/values-ro.xml to /Users/gtesen/Desktop/aplicacion_busmap/frontend-busmap/app/build/intermediates/merged_res/release/mergeReleaseResources/values-ro_values-ro.arsc.flat
Compiling XML table /Users/gtesen/Desktop/aplicacion_busmap/frontend-busmap/app/build/intermediates/incremental/release/mergeReleaseResources/merged.dir/values-en-rCA/values-en-rCA.xml to /Users/gtesen/Desktop/aplicacion_busmap/frontend-busmap/app/build/intermediates/merged_res/release/mergeReleaseResources/values-en-rCA_values-en-rCA.arsc.flat
Compiling XML table /Users/gtesen/Desktop/aplicacion_busmap/frontend-busmap/app/build/intermediates/incremental/release/mergeReleaseResources/merged.dir/values-ca/values-ca.xml to /Users/gtesen/Desktop/aplicacion_busmap/frontend-busmap/app/build/intermediates/merged_res/release/mergeReleaseResources/values-ca_values-ca.arsc.flat
Compiling XML table /Users/gtesen/Desktop/aplicacion_busmap/frontend-busmap/app/build/intermediates/incremental/release/mergeReleaseResources/merged.dir/values-ta/values-ta.xml to /Users/gtesen/Desktop/aplicacion_busmap/frontend-busmap/app/build/intermediates/merged_res/release/mergeReleaseResources/values-ta_values-ta.arsc.flat
Compiling XML table /Users/gtesen/Desktop/aplicacion_busmap/frontend-busmap/app/build/intermediates/incremental/release/mergeReleaseResources/merged.dir/values-xlarge-v4/values-xlarge-v4.xml to /Users/gtesen/Desktop/aplicacion_busmap/frontend-busmap/app/build/intermediates/merged_res/release/mergeReleaseResources/values-xlarge-v4_values-xlarge-v4.arsc.flat
Compiling XML table /Users/gtesen/Desktop/aplicacion_busmap/frontend-busmap/app/build/intermediates/incremental/release/mergeReleaseResources/merged.dir/values-en-rIN/values-en-rIN.xml to /Users/gtesen/Desktop/aplicacion_busmap/frontend-busmap/app/build/intermediates/merged_res/release/mergeReleaseResources/values-en-rIN_values-en-rIN.arsc.flat
Compiling XML table /Users/gtesen/Desktop/aplicacion_busmap/frontend-busmap/app/build/intermediates/incremental/release/mergeReleaseResources/merged.dir/values-fr-rCA/values-fr-rCA.xml to /Users/gtesen/Desktop/aplicacion_busmap/frontend-busmap/app/build/intermediates/merged_res/release/mergeReleaseResources/values-fr-rCA_values-fr-rCA.arsc.flat
Compiling XML table /Users/gtesen/Desktop/aplicacion_busmap/frontend-busmap/app/build/intermediates/incremental/release/mergeReleaseResources/merged.dir/values-et/values-et.xml to /Users/gtesen/Desktop/aplicacion_busmap/frontend-busmap/app/build/intermediates/merged_res/release/mergeReleaseResources/values-et_values-et.arsc.flat
Compiling XML table /Users/gtesen/Desktop/aplicacion_busmap/frontend-busmap/app/build/intermediates/incremental/release/mergeReleaseResources/merged.dir/values-ne/values-ne.xml to /Users/gtesen/Desktop/aplicacion_busmap/frontend-busmap/app/build/intermediates/merged_res/release/mergeReleaseResources/values-ne_values-ne.arsc.flat
Compiling XML table /Users/gtesen/Desktop/aplicacion_busmap/frontend-busmap/app/build/intermediates/incremental/release/mergeReleaseResources/merged.dir/values-hdpi-v4/values-hdpi-v4.xml to /Users/gtesen/Desktop/aplicacion_busmap/frontend-busmap/app/build/intermediates/merged_res/release/mergeReleaseResources/values-hdpi-v4_values-hdpi-v4.arsc.flat
Compiling XML table /Users/gtesen/Desktop/aplicacion_busmap/frontend-busmap/app/build/intermediates/incremental/release/mergeReleaseResources/merged.dir/values-pa/values-pa.xml to /Users/gtesen/Desktop/aplicacion_busmap/frontend-busmap/app/build/intermediates/merged_res/release/mergeReleaseResources/values-pa_values-pa.arsc.flat
Compiling xml file /Users/gtesen/Desktop/aplicacion_busmap/frontend-busmap/app/src/main/res/drawable/ic_logout_24.xml to /Users/gtesen/Desktop/aplicacion_busmap/frontend-busmap/app/build/intermediates/merged_res/release/mergeReleaseResources/drawable_ic_logout_24.xml.flat
Compiling xml file /Users/gtesen/Desktop/aplicacion_busmap/frontend-busmap/app/src/main/res/drawable/dialog_background.xml to /Users/gtesen/Desktop/aplicacion_busmap/frontend-busmap/app/build/intermediates/merged_res/release/mergeReleaseResources/drawable_dialog_background.xml.flat
Compiling xml file /Users/gtesen/Desktop/aplicacion_busmap/frontend-busmap/app/src/main/res/drawable/splash_screen.xml to /Users/gtesen/Desktop/aplicacion_busmap/frontend-busmap/app/build/intermediates/merged_res/release/mergeReleaseResources/drawable_splash_screen.xml.flat
Compiling xml file /Users/gtesen/Desktop/aplicacion_busmap/frontend-busmap/app/src/main/res/layout/activity_register.xml to /Users/gtesen/Desktop/aplicacion_busmap/frontend-busmap/app/build/intermediates/merged_res/release/mergeReleaseResources/layout_activity_register.xml.flat
Compiling xml file /Users/gtesen/Desktop/aplicacion_busmap/frontend-busmap/app/src/main/res/drawable/rectangulo3.xml to /Users/gtesen/Desktop/aplicacion_busmap/frontend-busmap/app/build/intermediates/merged_res/release/mergeReleaseResources/drawable_rectangulo3.xml.flat
Compiling xml file /Users/gtesen/Desktop/aplicacion_busmap/frontend-busmap/app/src/main/res/drawable/ic_menu_24.xml to /Users/gtesen/Desktop/aplicacion_busmap/frontend-busmap/app/build/intermediates/merged_res/release/mergeReleaseResources/drawable_ic_menu_24.xml.flat
Compiling xml file /Users/gtesen/Desktop/aplicacion_busmap/frontend-busmap/app/src/main/res/drawable/splash_logo_scaled.xml to /Users/gtesen/Desktop/aplicacion_busmap/frontend-busmap/app/build/intermediates/merged_res/release/mergeReleaseResources/drawable_splash_logo_scaled.xml.flat

> Task :app:processReleaseMainManifest
Caching disabled for task ':app:processReleaseMainManifest' because:
  Build cache is disabled
Task ':app:processReleaseMainManifest' is not up-to-date because:
  Output property 'mergeBlameFile' file /Users/gtesen/Desktop/aplicacion_busmap/frontend-busmap/app/build/intermediates/manifest_merge_blame_file/release/processReleaseMainManifest/manifest-merger-blame-release-report.txt has been removed.
  Output property 'mergedManifest' file /Users/gtesen/Desktop/aplicacion_busmap/frontend-busmap/app/build/intermediates/merged_manifest/release/processReleaseMainManifest/AndroidManifest.xml has been removed.
  Output property 'reportFile' file /Users/gtesen/Desktop/aplicacion_busmap/frontend-busmap/app/build/outputs/logs/manifest-merger-release-report.txt has been removed.
Loading library manifest /Users/gtesen/.gradle/caches/8.14.3/transforms/e02fa059f2e644182398b8fc61e27665/transformed/places-4.4.1/AndroidManifest.xml
Loading library manifest /Users/gtesen/.gradle/caches/8.14.3/transforms/8aff53bc460636bf233e8aacaf15b7dd/transformed/play-services-maps-19.2.0/AndroidManifest.xml
Loading library manifest /Users/gtesen/.gradle/caches/8.14.3/transforms/bd19958c989865190d217b7c65793240/transformed/material-1.12.0/AndroidManifest.xml
Loading library manifest /Users/gtesen/.gradle/caches/8.14.3/transforms/df9e2436470c77e795dba0221e222c96/transformed/constraintlayout-2.2.1/AndroidManifest.xml
Loading library manifest /Users/gtesen/.gradle/caches/8.14.3/transforms/104d6cadd3046851f7594cc81ddf4fb2/transformed/coil-2.7.0/AndroidManifest.xml
Loading library manifest /Users/gtesen/.gradle/caches/8.14.3/transforms/4f4bbb757b7646883ff750963546d8a4/transformed/coil-base-2.7.0/AndroidManifest.xml
Loading library manifest /Users/gtesen/.gradle/caches/8.14.3/transforms/37b5415420addcf22f2f43f1c86e2033/transformed/appcompat-resources-1.7.1/AndroidManifest.xml
Loading library manifest /Users/gtesen/.gradle/caches/8.14.3/transforms/2093e59a678c692f6a38d6e1c73b1aa6/transformed/appcompat-1.7.1/AndroidManifest.xml
Loading library manifest /Users/gtesen/.gradle/caches/8.14.3/transforms/0300d32c8d28c9a6b63735e1beb9e492/transformed/firebase-storage-22.0.0/AndroidManifest.xml
Loading library manifest /Users/gtesen/.gradle/caches/8.14.3/transforms/3fdbe1c4e10f571dd8fb8c595808c023/transformed/play-services-location-21.3.0/AndroidManifest.xml
Loading library manifest /Users/gtesen/.gradle/caches/8.14.3/transforms/476afaac2f7bff789d982565bdec6e84/transformed/firebase-database-ktx-21.0.0/AndroidManifest.xml
Loading library manifest /Users/gtesen/.gradle/caches/8.14.3/transforms/14d900cdb44ed51cd009acb19a15b85d/transformed/firebase-database-21.0.0/AndroidManifest.xml
Loading library manifest /Users/gtesen/.gradle/caches/8.14.3/transforms/8b2613de06d332d858e73cc1dd9ee748/transformed/firebase-appcheck-18.0.0/AndroidManifest.xml
Loading library manifest /Users/gtesen/.gradle/caches/8.14.3/transforms/c4b4de1505db2b5d5d14633f399108a8/transformed/firebase-auth-ktx-23.2.1/AndroidManifest.xml
Loading library manifest /Users/gtesen/.gradle/caches/8.14.3/transforms/3cd2e605938f2d856df0eb89b1553e65/transformed/firebase-auth-23.2.1/AndroidManifest.xml
Loading library manifest /Users/gtesen/.gradle/caches/8.14.3/transforms/376870df56929d11604b02137e699dc3/transformed/firebase-appcheck-interop-17.1.0/AndroidManifest.xml
Loading library manifest /Users/gtesen/.gradle/caches/8.14.3/transforms/1ae09923f3dde3bb0b561c59a87a3e69/transformed/credentials-1.2.0-rc01/AndroidManifest.xml
Loading library manifest /Users/gtesen/.gradle/caches/8.14.3/transforms/a9158e1934b1ccb3dadcb8af1e4199e5/transformed/credentials-play-services-auth-1.2.0-rc01/AndroidManifest.xml
Loading library manifest /Users/gtesen/.gradle/caches/8.14.3/transforms/751cd99c404e85f15b9931c83059a10e/transformed/play-services-auth-20.7.0/AndroidManifest.xml
Loading library manifest /Users/gtesen/.gradle/caches/8.14.3/transforms/122bb784feb1ef2590970d60dae6cedc/transformed/play-services-auth-api-phone-18.0.2/AndroidManifest.xml
Loading library manifest /Users/gtesen/.gradle/caches/8.14.3/transforms/f4ff8936c83f141c47a05a930fa66ee4/transformed/firebase-database-collection-18.0.1/AndroidManifest.xml
Loading library manifest /Users/gtesen/.gradle/caches/8.14.3/transforms/ef2c908082ca71bf38d811842ae9a30c/transformed/play-services-fido-20.1.0/AndroidManifest.xml
Loading library manifest /Users/gtesen/.gradle/caches/8.14.3/transforms/d4eef42d2d16002a876464770598c881/transformed/play-services-auth-base-18.0.4/AndroidManifest.xml
Loading library manifest /Users/gtesen/.gradle/caches/8.14.3/transforms/3418c3905e30a96832fbb41b08116988/transformed/play-services-base-18.5.0/AndroidManifest.xml
Loading library manifest /Users/gtesen/.gradle/caches/8.14.3/transforms/bcd13d91ffeae9529bee554c515c4749/transformed/firebase-common-ktx-21.0.0/AndroidManifest.xml
Loading library manifest /Users/gtesen/.gradle/caches/8.14.3/transforms/186089ac1e50c35298446e72c71184a4/transformed/firebase-auth-interop-20.0.0/AndroidManifest.xml
Loading library manifest /Users/gtesen/.gradle/caches/8.14.3/transforms/ba6e888e91db507a39cd0a493b112a1c/transformed/firebase-common-22.0.0/AndroidManifest.xml
Loading library manifest /Users/gtesen/.gradle/caches/8.14.3/transforms/2af0a7c21cd1d97019d343a574307a7f/transformed/activity-ktx-1.10.1/AndroidManifest.xml
Loading library manifest /Users/gtesen/.gradle/caches/8.14.3/transforms/bba8aa02134027051446a0e867678c4a/transformed/activity-1.10.1/AndroidManifest.xml
Loading library manifest /Users/gtesen/.gradle/caches/8.14.3/transforms/f18f8b006e6f091765a93d0106787778/transformed/work-runtime-ktx-2.10.3/AndroidManifest.xml
Loading library manifest /Users/gtesen/.gradle/caches/8.14.3/transforms/4415b078d78ed3f8ae330b6ef4be3957/transformed/work-runtime-2.10.3/AndroidManifest.xml
Loading library manifest /Users/gtesen/.gradle/caches/8.14.3/transforms/0bf6de760accba71767d3447cefff61e/transformed/viewpager2-1.1.0/AndroidManifest.xml
Loading library manifest /Users/gtesen/.gradle/caches/8.14.3/transforms/1d1b7319701f9c2f2999f9144f097a23/transformed/recyclerview-1.3.2/AndroidManifest.xml
Loading library manifest /Users/gtesen/.gradle/caches/8.14.3/transforms/df10a15c8c91c6a085b4d08801a31596/transformed/customview-poolingcontainer-1.0.0/AndroidManifest.xml
Loading library manifest /Users/gtesen/.gradle/caches/8.14.3/transforms/238bd3b17b6725f2e60920731c9dc916/transformed/emoji2-views-helper-1.3.0/AndroidManifest.xml
Loading library manifest /Users/gtesen/.gradle/caches/8.14.3/transforms/9bedb642ea6b3ec8092f1a33750d08f7/transformed/emoji2-1.3.0/AndroidManifest.xml
Loading library manifest /Users/gtesen/.gradle/caches/8.14.3/transforms/fbdfedb379bdf60c618fa8b3c13b6031/transformed/lifecycle-service-2.9.2/AndroidManifest.xml
Loading library manifest /Users/gtesen/.gradle/caches/8.14.3/transforms/c63d7fc3a9a9a026390556a051fa05ab/transformed/lifecycle-livedata-core-2.9.2/AndroidManifest.xml
Loading library manifest /Users/gtesen/.gradle/caches/8.14.3/transforms/2e1efcd18827bdcc40f6c4860b4d6889/transformed/savedstate-ktx-1.3.1/AndroidManifest.xml
Loading library manifest /Users/gtesen/.gradle/caches/8.14.3/transforms/886f50c966c012483ace7afddc771e82/transformed/savedstate-release/AndroidManifest.xml
Loading library manifest /Users/gtesen/.gradle/caches/8.14.3/transforms/1e1e657af00729eeee1265aeb2cc01cf/transformed/lifecycle-process-2.9.2/AndroidManifest.xml
Loading library manifest /Users/gtesen/.gradle/caches/8.14.3/transforms/3cf07bd3d2fb23a7ba17e9ac1ad7097d/transformed/lifecycle-viewmodel-savedstate-release/AndroidManifest.xml
Loading library manifest /Users/gtesen/.gradle/caches/8.14.3/transforms/3850b4fdedc2edf88f3d57c7cb066278/transformed/core-ktx-1.17.0/AndroidManifest.xml
Loading library manifest /Users/gtesen/.gradle/caches/8.14.3/transforms/edee71ba2a64320e122f12b310228f8a/transformed/cronet-embedded-119.6045.31/AndroidManifest.xml
Loading library manifest /Users/gtesen/.gradle/caches/8.14.3/transforms/7fe5594301ef40fd35b84cb6609386e4/transformed/swiperefreshlayout-1.1.0/AndroidManifest.xml
Loading library manifest /Users/gtesen/.gradle/caches/8.14.3/transforms/bbe3e5a7a0ecf3feb4759b3eb635a6eb/transformed/coordinatorlayout-1.1.0/AndroidManifest.xml
Loading library manifest /Users/gtesen/.gradle/caches/8.14.3/transforms/0d790c6940435efe9213a514c6fda210/transformed/drawerlayout-1.1.1/AndroidManifest.xml
Loading library manifest /Users/gtesen/.gradle/caches/8.14.3/transforms/ecb2ede08909e60bb8ad3e6f75c50fe3/transformed/transition-1.5.0/AndroidManifest.xml
Loading library manifest /Users/gtesen/.gradle/caches/8.14.3/transforms/25fc25b15ea6b43c2af01df75bd8b8c5/transformed/dynamicanimation-1.0.0/AndroidManifest.xml
Loading library manifest /Users/gtesen/.gradle/caches/8.14.3/transforms/9cccfa341e40c4ef8e0a43b071404749/transformed/glide-4.11.0/AndroidManifest.xml
Loading library manifest /Users/gtesen/.gradle/caches/8.14.3/transforms/7b874790044da7384d7fd6570ba315dc/transformed/vectordrawable-animated-1.1.0/AndroidManifest.xml
Loading library manifest /Users/gtesen/.gradle/caches/8.14.3/transforms/bf1a01e23fd09b08cfd9898553823993/transformed/vectordrawable-1.1.0/AndroidManifest.xml
Loading library manifest /Users/gtesen/.gradle/caches/8.14.3/transforms/b585c77cbf477f9f073e4729f94b575a/transformed/viewpager-1.0.0/AndroidManifest.xml
Loading library manifest /Users/gtesen/.gradle/caches/8.14.3/transforms/8091d846e612d9db133c6db1c9ca4e50/transformed/customview-1.1.0/AndroidManifest.xml
Loading library manifest /Users/gtesen/.gradle/caches/8.14.3/transforms/7580a60b68a046c1ca536dcb95e31f15/transformed/legacy-support-core-utils-1.0.0/AndroidManifest.xml
Loading library manifest /Users/gtesen/.gradle/caches/8.14.3/transforms/8db7680fad7a1bb9c383e638a9b973b7/transformed/browser-1.4.0/AndroidManifest.xml
Loading library manifest /Users/gtesen/.gradle/caches/8.14.3/transforms/b75b9745e442559fac1c82594edd27c7/transformed/loader-1.0.0/AndroidManifest.xml
Loading library manifest /Users/gtesen/.gradle/caches/8.14.3/transforms/dc9151437d2473234c9e3798a653da8c/transformed/core-1.17.0/AndroidManifest.xml
Loading library manifest /Users/gtesen/.gradle/caches/8.14.3/transforms/ca3d290ed5c755efac6c3ecb034afadf/transformed/lifecycle-runtime-release/AndroidManifest.xml
Loading library manifest /Users/gtesen/.gradle/caches/8.14.3/transforms/4d56467c4eeac0b0cfd192189470218c/transformed/lifecycle-viewmodel-2.9.2/AndroidManifest.xml
Loading library manifest /Users/gtesen/.gradle/caches/8.14.3/transforms/5257ac7d83275d65f19b0e86b253ced1/transformed/lifecycle-viewmodel-release/AndroidManifest.xml
Loading library manifest /Users/gtesen/.gradle/caches/8.14.3/transforms/6e344e9531386d222941ff354183a0ad/transformed/lifecycle-livedata-2.9.2/AndroidManifest.xml
Loading library manifest /Users/gtesen/.gradle/caches/8.14.3/transforms/2756f78250dd17ef2cf478c64af64b06/transformed/lifecycle-livedata-core-ktx-2.9.2/AndroidManifest.xml
Loading library manifest /Users/gtesen/.gradle/caches/8.14.3/transforms/e7dd32d0b41218e101326aed362ecdf4/transformed/lifecycle-runtime-ktx-2.9.2/AndroidManifest.xml
Loading library manifest /Users/gtesen/.gradle/caches/8.14.3/transforms/56ee7b3d932e714ce535243bd095ec61/transformed/lifecycle-runtime-ktx/AndroidManifest.xml
Loading library manifest /Users/gtesen/.gradle/caches/8.14.3/transforms/cd2771746c0e9d904bc6f61a9973f3e8/transformed/lifecycle-livedata-ktx-2.9.2/AndroidManifest.xml
Loading library manifest /Users/gtesen/.gradle/caches/8.14.3/transforms/356255f50df884112a1fafce30497403/transformed/room-ktx-2.7.2/AndroidManifest.xml
Loading library manifest /Users/gtesen/.gradle/caches/8.14.3/transforms/a080f2c4722f37c5d575998ed88f8487/transformed/room-runtime-release/AndroidManifest.xml
Loading library manifest /Users/gtesen/.gradle/caches/8.14.3/transforms/6390ffa56bd96462344e1dbd15d67f76/transformed/datastore-core-release/AndroidManifest.xml
Loading library manifest /Users/gtesen/.gradle/caches/8.14.3/transforms/8b9fe1014353295e0f606c8a37aec42a/transformed/datastore-release/AndroidManifest.xml
Loading library manifest /Users/gtesen/.gradle/caches/8.14.3/transforms/e37b670fdc0dc3daa0d925fb9a811c34/transformed/datastore-preferences-release/AndroidManifest.xml
Loading library manifest /Users/gtesen/.gradle/caches/8.14.3/transforms/77fced72e6c6cb82041e2c19ce87d255/transformed/recaptcha-18.6.1/AndroidManifest.xml
Loading library manifest /Users/gtesen/.gradle/caches/8.14.3/transforms/d228421af994f91878197fd567298af2/transformed/integrity-1.3.0/AndroidManifest.xml
Loading library manifest /Users/gtesen/.gradle/caches/8.14.3/transforms/687b45d0ab749ad0b2ae9bf57ec14ab8/transformed/play-services-tasks-18.2.0/AndroidManifest.xml
Loading library manifest /Users/gtesen/.gradle/caches/8.14.3/transforms/872ca23f34ca48a07c6ee6fd682933a8/transformed/play-services-basement-18.4.0/AndroidManifest.xml
Loading library manifest /Users/gtesen/.gradle/caches/8.14.3/transforms/47aab1fe894a56e283bb50332e855dfc/transformed/fragment-1.8.9/AndroidManifest.xml
Loading library manifest /Users/gtesen/.gradle/caches/8.14.3/transforms/183320ed5fb107f33b2220c45d108fea/transformed/fragment-ktx-1.8.9/AndroidManifest.xml
Loading library manifest /Users/gtesen/.gradle/caches/8.14.3/transforms/ac4a4f2dd08cba8d991ba673a51d128c/transformed/lifecycle-viewmodel-ktx-2.9.2/AndroidManifest.xml
Loading library manifest /Users/gtesen/.gradle/caches/8.14.3/transforms/2919b897ecfe2c2dc872ae759898bdb4/transformed/core-splashscreen-1.0.1/AndroidManifest.xml
Loading library manifest /Users/gtesen/.gradle/caches/8.14.3/transforms/e8ddcf8eb6eb52445665a43c5d53273b/transformed/googleid-1.1.0/AndroidManifest.xml
Loading library manifest /Users/gtesen/.gradle/caches/8.14.3/transforms/77f35dacb83599809353b3d04649ded9/transformed/core-viewtree-1.0.0/AndroidManifest.xml
Loading library manifest /Users/gtesen/.gradle/caches/8.14.3/transforms/a30b28ef6b3b209f7e9541d3f6cf9504/transformed/annotation-experimental-1.4.1/AndroidManifest.xml
Loading library manifest /Users/gtesen/.gradle/caches/8.14.3/transforms/629ce72d0f6063adf326f449aace05c0/transformed/profileinstaller-1.4.0/AndroidManifest.xml
Loading library manifest /Users/gtesen/.gradle/caches/8.14.3/transforms/865d974ca94050096152a7bd091901f8/transformed/startup-runtime-1.1.1/AndroidManifest.xml
Loading library manifest /Users/gtesen/.gradle/caches/8.14.3/transforms/73b52bb9664d54d0899e4db3d6031771/transformed/tracing-1.2.0/AndroidManifest.xml
Loading library manifest /Users/gtesen/.gradle/caches/8.14.3/transforms/c875d9c7c89ffd4705a0908fba29b427/transformed/tracing-ktx-1.2.0/AndroidManifest.xml
Loading library manifest /Users/gtesen/.gradle/caches/8.14.3/transforms/e1c60692c513ab66ab73b2a7f8d39cf2/transformed/cardview-1.0.0/AndroidManifest.xml
Loading library manifest /Users/gtesen/.gradle/caches/8.14.3/transforms/6f6d4c7ee6c7e8fe51b23587fec42149/transformed/transport-backend-cct-3.2.0/AndroidManifest.xml
Loading library manifest /Users/gtesen/.gradle/caches/8.14.3/transforms/fcc83ef7a302e876ef36dba39d830db9/transformed/transport-runtime-3.2.0/AndroidManifest.xml
Loading library manifest /Users/gtesen/.gradle/caches/8.14.3/transforms/b97df510d0fd476559da625f30446fbd/transformed/transport-api-3.1.0/AndroidManifest.xml
Loading library manifest /Users/gtesen/.gradle/caches/8.14.3/transforms/970f71170d66c4285fcb73021f926143/transformed/firebase-components-19.0.0/AndroidManifest.xml
Loading library manifest /Users/gtesen/.gradle/caches/8.14.3/transforms/d439df45f675714b011d039ac6ab9fdc/transformed/cursoradapter-1.0.0/AndroidManifest.xml
Loading library manifest /Users/gtesen/.gradle/caches/8.14.3/transforms/d0eb9e15f41a024d69458e310eff3ac6/transformed/interpolator-1.0.0/AndroidManifest.xml
Loading library manifest /Users/gtesen/.gradle/caches/8.14.3/transforms/9f922624a5fc8ed6be3109cb74cb813c/transformed/gifdecoder-4.11.0/AndroidManifest.xml
Loading library manifest /Users/gtesen/.gradle/caches/8.14.3/transforms/725f400d2c63548fc568607d9369d139/transformed/firebase-encoders-json-18.0.0/AndroidManifest.xml
Loading library manifest /Users/gtesen/.gradle/caches/8.14.3/transforms/1760893abcc6fabbfad7fbd28d24e1e7/transformed/localbroadcastmanager-1.0.0/AndroidManifest.xml
Loading library manifest /Users/gtesen/.gradle/caches/8.14.3/transforms/8e881eca2eb04ecf54c95769e0d11876/transformed/versionedparcelable-1.1.1/AndroidManifest.xml
Loading library manifest /Users/gtesen/.gradle/caches/8.14.3/transforms/c8ce2643cc4a03ac9d77856b578334d0/transformed/core-runtime-2.2.0/AndroidManifest.xml
Loading library manifest /Users/gtesen/.gradle/caches/8.14.3/transforms/36879a958d7475bdcca4dc1db44db100/transformed/exifinterface-1.3.7/AndroidManifest.xml
Loading library manifest /Users/gtesen/.gradle/caches/8.14.3/transforms/63f1b8efb12708430a09ce930446dd79/transformed/documentfile-1.0.0/AndroidManifest.xml
Loading library manifest /Users/gtesen/.gradle/caches/8.14.3/transforms/ddda97278a0881cfc39511a8a0cc9d99/transformed/print-1.0.0/AndroidManifest.xml
Loading library manifest /Users/gtesen/.gradle/caches/8.14.3/transforms/f37c3884d816876d3b531478ed4178e2/transformed/sqlite-framework-release/AndroidManifest.xml
Loading library manifest /Users/gtesen/.gradle/caches/8.14.3/transforms/935ab256c5257cdb57aa1080a161922c/transformed/sqlite-release/AndroidManifest.xml
Loading library manifest /Users/gtesen/.gradle/caches/8.14.3/transforms/8bbd3c4444a09a6cd435f2756cff0477/transformed/android-maps-utils-2.4.0/AndroidManifest.xml
Loading library manifest /Users/gtesen/.gradle/caches/8.14.3/transforms/14ffbc6653ef0eba5a1884f925c40c09/transformed/volley-1.2.1/AndroidManifest.xml
Loading library manifest /Users/gtesen/.gradle/caches/8.14.3/transforms/cd68c1b2ef8e9eecbdb139e20e4f271c/transformed/cronet-common-119.6045.31/AndroidManifest.xml
Loading library manifest /Users/gtesen/.gradle/caches/8.14.3/transforms/e9cae491ea26fcd518d95db616e61f8c/transformed/cronet-api-119.6045.31/AndroidManifest.xml
Loading library manifest /Users/gtesen/.gradle/caches/8.14.3/transforms/52bc9452c7e3e41704bbb736d0fee324/transformed/core-common-2.0.3/AndroidManifest.xml
Merging main manifest /Users/gtesen/Desktop/aplicacion_busmap/frontend-busmap/app/src/main/AndroidManifest.xml

Merging library manifest /Users/gtesen/.gradle/caches/8.14.3/transforms/e02fa059f2e644182398b8fc61e27665/transformed/places-4.4.1/AndroidManifest.xml
Merging manifest with lower [com.google.android.libraries.places:places:4.4.1] AndroidManifest.xml:2:1-43:12
uses-sdk defined in both files...
Merging uses-sdk with lower [com.google.android.libraries.places:places:4.4.1] AndroidManifest.xml:7:5-9:41
uses-permission#android.permission.ACCESS_COARSE_LOCATION defined in both files...
Merging uses-permission#android.permission.ACCESS_COARSE_LOCATION with lower [com.google.android.libraries.places:places:4.4.1] AndroidManifest.xml:11:5-81
uses-permission#android.permission.ACCESS_FINE_LOCATION defined in both files...
Merging uses-permission#android.permission.ACCESS_FINE_LOCATION with lower [com.google.android.libraries.places:places:4.4.1] AndroidManifest.xml:12:5-79
Adopted [uses-permission: null]
uses-permission#android.permission.INTERNET defined in both files...
Merging uses-permission#android.permission.INTERNET with lower [com.google.android.libraries.places:places:4.4.1] AndroidManifest.xml:14:5-67
application defined in both files...
Merging application with lower [com.google.android.libraries.places:places:4.4.1] AndroidManifest.xml:16:5-41:19
Adopted [activity: null]
Adopted [activity: null]
Adopted [activity: null]
Adopted [activity: null]
Merging library manifest /Users/gtesen/.gradle/caches/8.14.3/transforms/8aff53bc460636bf233e8aacaf15b7dd/transformed/play-services-maps-19.2.0/AndroidManifest.xml
Merging manifest with lower [com.google.android.gms:play-services-maps:19.2.0] AndroidManifest.xml:16:1-35:12
Adopted [uses-permission: null]
uses-permission#android.permission.INTERNET defined in both files...
Merging uses-permission#android.permission.INTERNET with lower [com.google.android.gms:play-services-maps:19.2.0] AndroidManifest.xml:21:5-66
Adopted [uses-feature: null]
uses-sdk defined in both files...
Merging uses-sdk with lower [com.google.android.gms:play-services-maps:19.2.0] AndroidManifest.xml:26:5-43
Adopted [queries: null]
application defined in both files...
Merging application with lower [com.google.android.gms:play-services-maps:19.2.0] AndroidManifest.xml:31:5-34:19
Adopted [uses-library: null]
Merging library manifest /Users/gtesen/.gradle/caches/8.14.3/transforms/bd19958c989865190d217b7c65793240/transformed/material-1.12.0/AndroidManifest.xml
Merging manifest with lower [com.google.android.material:material:1.12.0] AndroidManifest.xml:17:1-24:12
uses-sdk defined in both files...
Merging uses-sdk with lower [com.google.android.material:material:1.12.0] AndroidManifest.xml:20:5-44
application defined in both files...
Merging application with lower [com.google.android.material:material:1.12.0] AndroidManifest.xml:22:5-20
Merging library manifest /Users/gtesen/.gradle/caches/8.14.3/transforms/df9e2436470c77e795dba0221e222c96/transformed/constraintlayout-2.2.1/AndroidManifest.xml
Merging manifest with lower [androidx.constraintlayout:constraintlayout:2.2.1] AndroidManifest.xml:2:1-9:12
uses-sdk defined in both files...
Merging uses-sdk with lower [androidx.constraintlayout:constraintlayout:2.2.1] AndroidManifest.xml:5:5-44
application defined in both files...
Merging application with lower [androidx.constraintlayout:constraintlayout:2.2.1] AndroidManifest.xml:7:5-20
Merging library manifest /Users/gtesen/.gradle/caches/8.14.3/transforms/104d6cadd3046851f7594cc81ddf4fb2/transformed/coil-2.7.0/AndroidManifest.xml
Merging manifest with lower [io.coil-kt:coil:2.7.0] AndroidManifest.xml:2:1-7:12
uses-sdk defined in both files...
Merging uses-sdk with lower [io.coil-kt:coil:2.7.0] AndroidManifest.xml:5:5-44
Merging library manifest /Users/gtesen/.gradle/caches/8.14.3/transforms/4f4bbb757b7646883ff750963546d8a4/transformed/coil-base-2.7.0/AndroidManifest.xml
Merging manifest with lower [io.coil-kt:coil-base:2.7.0] AndroidManifest.xml:2:1-7:12
uses-sdk defined in both files...
Merging uses-sdk with lower [io.coil-kt:coil-base:2.7.0] AndroidManifest.xml:5:5-44
Merging library manifest /Users/gtesen/.gradle/caches/8.14.3/transforms/37b5415420addcf22f2f43f1c86e2033/transformed/appcompat-resources-1.7.1/AndroidManifest.xml
Merging manifest with lower [androidx.appcompat:appcompat-resources:1.7.1] AndroidManifest.xml:2:1-7:12
uses-sdk defined in both files...
Merging uses-sdk with lower [androidx.appcompat:appcompat-resources:1.7.1] AndroidManifest.xml:5:5-44
Merging library manifest /Users/gtesen/.gradle/caches/8.14.3/transforms/2093e59a678c692f6a38d6e1c73b1aa6/transformed/appcompat-1.7.1/AndroidManifest.xml
Merging manifest with lower [androidx.appcompat:appcompat:1.7.1] AndroidManifest.xml:2:1-7:12
uses-sdk defined in both files...
Merging uses-sdk with lower [androidx.appcompat:appcompat:1.7.1] AndroidManifest.xml:5:5-44
Merging library manifest /Users/gtesen/.gradle/caches/8.14.3/transforms/0300d32c8d28c9a6b63735e1beb9e492/transformed/firebase-storage-22.0.0/AndroidManifest.xml
Merging manifest with lower [com.google.firebase:firebase-storage:22.0.0] AndroidManifest.xml:15:1-39:12
uses-sdk defined in both files...
Merging uses-sdk with lower [com.google.firebase:firebase-storage:22.0.0] AndroidManifest.xml:19:5-44
uses-permission#android.permission.ACCESS_NETWORK_STATE defined in both files...
Merging uses-permission#android.permission.ACCESS_NETWORK_STATE with lower [com.google.firebase:firebase-storage:22.0.0] AndroidManifest.xml:23:5-79
uses-permission#android.permission.INTERNET defined in both files...
Merging uses-permission#android.permission.INTERNET with lower [com.google.firebase:firebase-storage:22.0.0] AndroidManifest.xml:24:5-67
application defined in both files...
Merging application with lower [com.google.firebase:firebase-storage:22.0.0] AndroidManifest.xml:26:5-37:19
Adopted [service: null]
Merging library manifest /Users/gtesen/.gradle/caches/8.14.3/transforms/3fdbe1c4e10f571dd8fb8c595808c023/transformed/play-services-location-21.3.0/AndroidManifest.xml
Merging manifest with lower [com.google.android.gms:play-services-location:21.3.0] AndroidManifest.xml:2:1-8:12
uses-sdk defined in both files...
Merging uses-sdk with lower [com.google.android.gms:play-services-location:21.3.0] AndroidManifest.xml:4:5-44
application defined in both files...
Merging application with lower [com.google.android.gms:play-services-location:21.3.0] AndroidManifest.xml:6:5-20
Merging library manifest /Users/gtesen/.gradle/caches/8.14.3/transforms/476afaac2f7bff789d982565bdec6e84/transformed/firebase-database-ktx-21.0.0/AndroidManifest.xml
Merging manifest with lower [com.google.firebase:firebase-database-ktx:21.0.0] AndroidManifest.xml:2:1-18:12
uses-sdk defined in both files...
Merging uses-sdk with lower [com.google.firebase:firebase-database-ktx:21.0.0] AndroidManifest.xml:5:5-44
application defined in both files...
Merging application with lower [com.google.firebase:firebase-database-ktx:21.0.0] AndroidManifest.xml:8:5-16:19
service#com.google.firebase.components.ComponentDiscoveryService defined in both files...
Merging service#com.google.firebase.components.ComponentDiscoveryService with lower [com.google.firebase:firebase-database-ktx:21.0.0] AndroidManifest.xml:9:9-15:19
Adopted [meta-data: null]
Merging library manifest /Users/gtesen/.gradle/caches/8.14.3/transforms/14d900cdb44ed51cd009acb19a15b85d/transformed/firebase-database-21.0.0/AndroidManifest.xml
Merging manifest with lower [com.google.firebase:firebase-database:21.0.0] AndroidManifest.xml:15:1-38:12
uses-sdk defined in both files...
Merging uses-sdk with lower [com.google.firebase:firebase-database:21.0.0] AndroidManifest.xml:18:5-44
uses-permission#android.permission.ACCESS_NETWORK_STATE defined in both files...
Merging uses-permission#android.permission.ACCESS_NETWORK_STATE with lower [com.google.firebase:firebase-database:21.0.0] AndroidManifest.xml:22:5-79
uses-permission#android.permission.INTERNET defined in both files...
Merging uses-permission#android.permission.INTERNET with lower [com.google.firebase:firebase-database:21.0.0] AndroidManifest.xml:23:5-67
application defined in both files...
Merging application with lower [com.google.firebase:firebase-database:21.0.0] AndroidManifest.xml:25:5-36:19
service#com.google.firebase.components.ComponentDiscoveryService defined in both files...
Merging service#com.google.firebase.components.ComponentDiscoveryService with lower [com.google.firebase:firebase-database:21.0.0] AndroidManifest.xml:26:9-35:19
Adopted [meta-data: null]
Adopted [meta-data: null]
Merging library manifest /Users/gtesen/.gradle/caches/8.14.3/transforms/8b2613de06d332d858e73cc1dd9ee748/transformed/firebase-appcheck-18.0.0/AndroidManifest.xml
Merging manifest with lower [com.google.firebase:firebase-appcheck:18.0.0] AndroidManifest.xml:15:1-34:12
uses-sdk defined in both files...
Merging uses-sdk with lower [com.google.firebase:firebase-appcheck:18.0.0] AndroidManifest.xml:18:5-44
application defined in both files...
Merging application with lower [com.google.firebase:firebase-appcheck:18.0.0] AndroidManifest.xml:21:5-32:19
service#com.google.firebase.components.ComponentDiscoveryService defined in both files...
Merging service#com.google.firebase.components.ComponentDiscoveryService with lower [com.google.firebase:firebase-appcheck:18.0.0] AndroidManifest.xml:22:9-31:19
Adopted [meta-data: null]
Adopted [meta-data: null]
Merging library manifest /Users/gtesen/.gradle/caches/8.14.3/transforms/c4b4de1505db2b5d5d14633f399108a8/transformed/firebase-auth-ktx-23.2.1/AndroidManifest.xml
Merging manifest with lower [com.google.firebase:firebase-auth-ktx:23.2.1] AndroidManifest.xml:2:1-17:12
uses-sdk defined in both files...
Merging uses-sdk with lower [com.google.firebase:firebase-auth-ktx:23.2.1] AndroidManifest.xml:5:5-44
application defined in both files...
Merging application with lower [com.google.firebase:firebase-auth-ktx:23.2.1] AndroidManifest.xml:7:5-15:19
service#com.google.firebase.components.ComponentDiscoveryService defined in both files...
Merging service#com.google.firebase.components.ComponentDiscoveryService with lower [com.google.firebase:firebase-auth-ktx:23.2.1] AndroidManifest.xml:8:9-14:19
Adopted [meta-data: null]
Merging library manifest /Users/gtesen/.gradle/caches/8.14.3/transforms/3cd2e605938f2d856df0eb89b1553e65/transformed/firebase-auth-23.2.1/AndroidManifest.xml
Merging manifest with lower [com.google.firebase:firebase-auth:23.2.1] AndroidManifest.xml:17:1-75:12
uses-sdk defined in both files...
Merging uses-sdk with lower [com.google.firebase:firebase-auth:23.2.1] AndroidManifest.xml:21:5-23:151
uses-permission#android.permission.INTERNET defined in both files...
Merging uses-permission#android.permission.INTERNET with lower [com.google.firebase:firebase-auth:23.2.1] AndroidManifest.xml:25:5-67
uses-permission#android.permission.ACCESS_NETWORK_STATE defined in both files...
Merging uses-permission#android.permission.ACCESS_NETWORK_STATE with lower [com.google.firebase:firebase-auth:23.2.1] AndroidManifest.xml:26:5-79
application defined in both files...
Merging application with lower [com.google.firebase:firebase-auth:23.2.1] AndroidManifest.xml:28:5-73:19
Adopted [activity: null]
Adopted [activity: null]
service#com.google.firebase.components.ComponentDiscoveryService defined in both files...
Merging service#com.google.firebase.components.ComponentDiscoveryService with lower [com.google.firebase:firebase-auth:23.2.1] AndroidManifest.xml:66:9-72:19
Adopted [meta-data: null]
Merging library manifest /Users/gtesen/.gradle/caches/8.14.3/transforms/376870df56929d11604b02137e699dc3/transformed/firebase-appcheck-interop-17.1.0/AndroidManifest.xml
Merging manifest with lower [com.google.firebase:firebase-appcheck-interop:17.1.0] AndroidManifest.xml:15:1-23:12
uses-sdk defined in both files...
Merging uses-sdk with lower [com.google.firebase:firebase-appcheck-interop:17.1.0] AndroidManifest.xml:18:5-44
application defined in both files...
Merging application with lower [com.google.firebase:firebase-appcheck-interop:17.1.0] AndroidManifest.xml:21:5-20
Merging library manifest /Users/gtesen/.gradle/caches/8.14.3/transforms/1ae09923f3dde3bb0b561c59a87a3e69/transformed/credentials-1.2.0-rc01/AndroidManifest.xml
Merging manifest with lower [androidx.credentials:credentials:1.2.0-rc01] AndroidManifest.xml:2:1-7:12
uses-sdk defined in both files...
Merging uses-sdk with lower [androidx.credentials:credentials:1.2.0-rc01] AndroidManifest.xml:5:5-44
Merging library manifest /Users/gtesen/.gradle/caches/8.14.3/transforms/a9158e1934b1ccb3dadcb8af1e4199e5/transformed/credentials-play-services-auth-1.2.0-rc01/AndroidManifest.xml
Merging manifest with lower [androidx.credentials:credentials-play-services-auth:1.2.0-rc01] AndroidManifest.xml:17:1-44:12
uses-sdk defined in both files...
Merging uses-sdk with lower [androidx.credentials:credentials-play-services-auth:1.2.0-rc01] AndroidManifest.xml:21:5-44
application defined in both files...
Merging application with lower [androidx.credentials:credentials-play-services-auth:1.2.0-rc01] AndroidManifest.xml:23:5-42:19
Adopted [service: null]
Adopted [activity: null]
Merging library manifest /Users/gtesen/.gradle/caches/8.14.3/transforms/751cd99c404e85f15b9931c83059a10e/transformed/play-services-auth-20.7.0/AndroidManifest.xml
Merging manifest with lower [com.google.android.gms:play-services-auth:20.7.0] AndroidManifest.xml:17:1-40:12
uses-sdk defined in both files...
Merging uses-sdk with lower [com.google.android.gms:play-services-auth:20.7.0] AndroidManifest.xml:20:5-44
application defined in both files...
Merging application with lower [com.google.android.gms:play-services-auth:20.7.0] AndroidManifest.xml:22:5-38:19
Adopted [activity: null]
Adopted [service: null]
Merging library manifest /Users/gtesen/.gradle/caches/8.14.3/transforms/122bb784feb1ef2590970d60dae6cedc/transformed/play-services-auth-api-phone-18.0.2/AndroidManifest.xml
Merging manifest with lower [com.google.android.gms:play-services-auth-api-phone:18.0.2] AndroidManifest.xml:2:1-7:12
uses-sdk defined in both files...
Merging uses-sdk with lower [com.google.android.gms:play-services-auth-api-phone:18.0.2] AndroidManifest.xml:5:5-44
Merging library manifest /Users/gtesen/.gradle/caches/8.14.3/transforms/f4ff8936c83f141c47a05a930fa66ee4/transformed/firebase-database-collection-18.0.1/AndroidManifest.xml
Merging manifest with lower [com.google.firebase:firebase-database-collection:18.0.1] AndroidManifest.xml:2:1-9:12
uses-sdk defined in both files...
Merging uses-sdk with lower [com.google.firebase:firebase-database-collection:18.0.1] AndroidManifest.xml:5:5-7:41
Merging library manifest /Users/gtesen/.gradle/caches/8.14.3/transforms/ef2c908082ca71bf38d811842ae9a30c/transformed/play-services-fido-20.1.0/AndroidManifest.xml
Merging manifest with lower [com.google.android.gms:play-services-fido:20.1.0] AndroidManifest.xml:2:1-10:12
uses-sdk defined in both files...
Merging uses-sdk with lower [com.google.android.gms:play-services-fido:20.1.0] AndroidManifest.xml:5:5-44
application defined in both files...
Merging application with lower [com.google.android.gms:play-services-fido:20.1.0] AndroidManifest.xml:7:5-8:19
Merging library manifest /Users/gtesen/.gradle/caches/8.14.3/transforms/d4eef42d2d16002a876464770598c881/transformed/play-services-auth-base-18.0.4/AndroidManifest.xml
Merging manifest with lower [com.google.android.gms:play-services-auth-base:18.0.4] AndroidManifest.xml:2:1-7:12
uses-sdk defined in both files...
Merging uses-sdk with lower [com.google.android.gms:play-services-auth-base:18.0.4] AndroidManifest.xml:5:5-44
Merging library manifest /Users/gtesen/.gradle/caches/8.14.3/transforms/3418c3905e30a96832fbb41b08116988/transformed/play-services-base-18.5.0/AndroidManifest.xml
Merging manifest with lower [com.google.android.gms:play-services-base:18.5.0] AndroidManifest.xml:2:1-7:12
uses-sdk defined in both files...
Merging uses-sdk with lower [com.google.android.gms:play-services-base:18.5.0] AndroidManifest.xml:3:5-44
application defined in both files...
Merging application with lower [com.google.android.gms:play-services-base:18.5.0] AndroidManifest.xml:4:5-6:19
Adopted [activity: null]
Merging library manifest /Users/gtesen/.gradle/caches/8.14.3/transforms/bcd13d91ffeae9529bee554c515c4749/transformed/firebase-common-ktx-21.0.0/AndroidManifest.xml
Merging manifest with lower [com.google.firebase:firebase-common-ktx:21.0.0] AndroidManifest.xml:2:1-18:12
uses-sdk defined in both files...
Merging uses-sdk with lower [com.google.firebase:firebase-common-ktx:21.0.0] AndroidManifest.xml:5:5-44
application defined in both files...
Merging application with lower [com.google.firebase:firebase-common-ktx:21.0.0] AndroidManifest.xml:8:5-16:19
service#com.google.firebase.components.ComponentDiscoveryService defined in both files...
Merging service#com.google.firebase.components.ComponentDiscoveryService with lower [com.google.firebase:firebase-common-ktx:21.0.0] AndroidManifest.xml:9:9-15:19
Adopted [meta-data: null]
Merging library manifest /Users/gtesen/.gradle/caches/8.14.3/transforms/186089ac1e50c35298446e72c71184a4/transformed/firebase-auth-interop-20.0.0/AndroidManifest.xml
Merging manifest with lower [com.google.firebase:firebase-auth-interop:20.0.0] AndroidManifest.xml:2:1-10:12
uses-sdk defined in both files...
Merging uses-sdk with lower [com.google.firebase:firebase-auth-interop:20.0.0] AndroidManifest.xml:5:5-44
application defined in both files...
Merging application with lower [com.google.firebase:firebase-auth-interop:20.0.0] AndroidManifest.xml:7:5-8:19
Merging library manifest /Users/gtesen/.gradle/caches/8.14.3/transforms/ba6e888e91db507a39cd0a493b112a1c/transformed/firebase-common-22.0.0/AndroidManifest.xml
Merging manifest with lower [com.google.firebase:firebase-common:22.0.0] AndroidManifest.xml:15:1-41:12
uses-sdk defined in both files...
Merging uses-sdk with lower [com.google.firebase:firebase-common:22.0.0] AndroidManifest.xml:19:5-44
application defined in both files...
Merging application with lower [com.google.firebase:firebase-common:22.0.0] AndroidManifest.xml:22:5-39:19
Adopted [provider: null]
service#com.google.firebase.components.ComponentDiscoveryService defined in both files...
Merging service#com.google.firebase.components.ComponentDiscoveryService with lower [com.google.firebase:firebase-common:22.0.0] AndroidManifest.xml:30:9-38:19
Adopted [meta-data: null]
Merging library manifest /Users/gtesen/.gradle/caches/8.14.3/transforms/2af0a7c21cd1d97019d343a574307a7f/transformed/activity-ktx-1.10.1/AndroidManifest.xml
Merging manifest with lower [androidx.activity:activity-ktx:1.10.1] AndroidManifest.xml:2:1-7:12
uses-sdk defined in both files...
Merging uses-sdk with lower [androidx.activity:activity-ktx:1.10.1] AndroidManifest.xml:5:5-44
Merging library manifest /Users/gtesen/.gradle/caches/8.14.3/transforms/bba8aa02134027051446a0e867678c4a/transformed/activity-1.10.1/AndroidManifest.xml
Merging manifest with lower [androidx.activity:activity:1.10.1] AndroidManifest.xml:17:1-22:12
uses-sdk defined in both files...
Merging uses-sdk with lower [androidx.activity:activity:1.10.1] AndroidManifest.xml:20:5-44
Merging library manifest /Users/gtesen/.gradle/caches/8.14.3/transforms/f18f8b006e6f091765a93d0106787778/transformed/work-runtime-ktx-2.10.3/AndroidManifest.xml
Merging manifest with lower [androidx.work:work-runtime-ktx:2.10.3] AndroidManifest.xml:17:1-22:12
uses-sdk defined in both files...
Merging uses-sdk with lower [androidx.work:work-runtime-ktx:2.10.3] AndroidManifest.xml:20:5-44
Merging library manifest /Users/gtesen/.gradle/caches/8.14.3/transforms/4415b078d78ed3f8ae330b6ef4be3957/transformed/work-runtime-2.10.3/AndroidManifest.xml
Merging manifest with lower [androidx.work:work-runtime:2.10.3] AndroidManifest.xml:17:1-145:12
uses-sdk defined in both files...
Merging uses-sdk with lower [androidx.work:work-runtime:2.10.3] AndroidManifest.xml:21:5-44
Adopted [uses-permission: null]
uses-permission#android.permission.ACCESS_NETWORK_STATE defined in both files...
Merging uses-permission#android.permission.ACCESS_NETWORK_STATE with lower [androidx.work:work-runtime:2.10.3] AndroidManifest.xml:24:5-79
Adopted [uses-permission: null]
Adopted [uses-permission: null]
application defined in both files...
Merging application with lower [androidx.work:work-runtime:2.10.3] AndroidManifest.xml:28:5-143:19
Adopted [provider: null]
Adopted [service: null]
Adopted [service: null]
Adopted [service: null]
Adopted [receiver: null]
Adopted [receiver: null]
Adopted [receiver: null]
Adopted [receiver: null]
Adopted [receiver: null]
Adopted [receiver: null]
Adopted [receiver: null]
Adopted [receiver: null]
Merging library manifest /Users/gtesen/.gradle/caches/8.14.3/transforms/0bf6de760accba71767d3447cefff61e/transformed/viewpager2-1.1.0/AndroidManifest.xml
Merging manifest with lower [androidx.viewpager2:viewpager2:1.1.0] AndroidManifest.xml:2:1-7:12
uses-sdk defined in both files...
Merging uses-sdk with lower [androidx.viewpager2:viewpager2:1.1.0] AndroidManifest.xml:5:5-44
Merging library manifest /Users/gtesen/.gradle/caches/8.14.3/transforms/1d1b7319701f9c2f2999f9144f097a23/transformed/recyclerview-1.3.2/AndroidManifest.xml
Merging manifest with lower [androidx.recyclerview:recyclerview:1.3.2] AndroidManifest.xml:17:1-22:12
uses-sdk defined in both files...
Merging uses-sdk with lower [androidx.recyclerview:recyclerview:1.3.2] AndroidManifest.xml:20:5-44
Merging library manifest /Users/gtesen/.gradle/caches/8.14.3/transforms/df10a15c8c91c6a085b4d08801a31596/transformed/customview-poolingcontainer-1.0.0/AndroidManifest.xml
Merging manifest with lower [androidx.customview:customview-poolingcontainer:1.0.0] AndroidManifest.xml:17:1-23:12
uses-sdk defined in both files...
Merging uses-sdk with lower [androidx.customview:customview-poolingcontainer:1.0.0] AndroidManifest.xml:20:5-21:38
Merging library manifest /Users/gtesen/.gradle/caches/8.14.3/transforms/238bd3b17b6725f2e60920731c9dc916/transformed/emoji2-views-helper-1.3.0/AndroidManifest.xml
Merging manifest with lower [androidx.emoji2:emoji2-views-helper:1.3.0] AndroidManifest.xml:2:1-7:12
uses-sdk defined in both files...
Merging uses-sdk with lower [androidx.emoji2:emoji2-views-helper:1.3.0] AndroidManifest.xml:5:5-44
Merging library manifest /Users/gtesen/.gradle/caches/8.14.3/transforms/9bedb642ea6b3ec8092f1a33750d08f7/transformed/emoji2-1.3.0/AndroidManifest.xml
Merging manifest with lower [androidx.emoji2:emoji2:1.3.0] AndroidManifest.xml:17:1-35:12
uses-sdk defined in both files...
Merging uses-sdk with lower [androidx.emoji2:emoji2:1.3.0] AndroidManifest.xml:21:5-44
application defined in both files...
Merging application with lower [androidx.emoji2:emoji2:1.3.0] AndroidManifest.xml:23:5-33:19
provider#androidx.startup.InitializationProvider defined in both files...
Merging provider#androidx.startup.InitializationProvider with lower [androidx.emoji2:emoji2:1.3.0] AndroidManifest.xml:24:9-32:20
Adopted [meta-data: null]
Merging library manifest /Users/gtesen/.gradle/caches/8.14.3/transforms/fbdfedb379bdf60c618fa8b3c13b6031/transformed/lifecycle-service-2.9.2/AndroidManifest.xml
Merging manifest with lower [androidx.lifecycle:lifecycle-service:2.9.2] AndroidManifest.xml:2:1-7:12
uses-sdk defined in both files...
Merging uses-sdk with lower [androidx.lifecycle:lifecycle-service:2.9.2] AndroidManifest.xml:5:5-44
Merging library manifest /Users/gtesen/.gradle/caches/8.14.3/transforms/c63d7fc3a9a9a026390556a051fa05ab/transformed/lifecycle-livedata-core-2.9.2/AndroidManifest.xml
Merging manifest with lower [androidx.lifecycle:lifecycle-livedata-core:2.9.2] AndroidManifest.xml:17:1-22:12
uses-sdk defined in both files...
Merging uses-sdk with lower [androidx.lifecycle:lifecycle-livedata-core:2.9.2] AndroidManifest.xml:20:5-44
Merging library manifest /Users/gtesen/.gradle/caches/8.14.3/transforms/2e1efcd18827bdcc40f6c4860b4d6889/transformed/savedstate-ktx-1.3.1/AndroidManifest.xml
Merging manifest with lower [androidx.savedstate:savedstate-ktx:1.3.1] AndroidManifest.xml:2:1-7:12
uses-sdk defined in both files...
Merging uses-sdk with lower [androidx.savedstate:savedstate-ktx:1.3.1] AndroidManifest.xml:5:5-44
Merging library manifest /Users/gtesen/.gradle/caches/8.14.3/transforms/886f50c966c012483ace7afddc771e82/transformed/savedstate-release/AndroidManifest.xml
Merging manifest with lower [androidx.savedstate:savedstate-android:1.3.1] AndroidManifest.xml:17:1-22:12
uses-sdk defined in both files...
Merging uses-sdk with lower [androidx.savedstate:savedstate-android:1.3.1] AndroidManifest.xml:20:5-44
Merging library manifest /Users/gtesen/.gradle/caches/8.14.3/transforms/1e1e657af00729eeee1265aeb2cc01cf/transformed/lifecycle-process-2.9.2/AndroidManifest.xml
Merging manifest with lower [androidx.lifecycle:lifecycle-process:2.9.2] AndroidManifest.xml:17:1-35:12
uses-sdk defined in both files...
Merging uses-sdk with lower [androidx.lifecycle:lifecycle-process:2.9.2] AndroidManifest.xml:21:5-44
application defined in both files...
Merging application with lower [androidx.lifecycle:lifecycle-process:2.9.2] AndroidManifest.xml:23:5-33:19
provider#androidx.startup.InitializationProvider defined in both files...
Merging provider#androidx.startup.InitializationProvider with lower [androidx.lifecycle:lifecycle-process:2.9.2] AndroidManifest.xml:24:9-32:20
Adopted [meta-data: null]
Merging library manifest /Users/gtesen/.gradle/caches/8.14.3/transforms/3cf07bd3d2fb23a7ba17e9ac1ad7097d/transformed/lifecycle-viewmodel-savedstate-release/AndroidManifest.xml
Merging manifest with lower [androidx.lifecycle:lifecycle-viewmodel-savedstate-android:2.9.2] AndroidManifest.xml:17:1-22:12
uses-sdk defined in both files...
Merging uses-sdk with lower [androidx.lifecycle:lifecycle-viewmodel-savedstate-android:2.9.2] AndroidManifest.xml:20:5-44
Merging library manifest /Users/gtesen/.gradle/caches/8.14.3/transforms/3850b4fdedc2edf88f3d57c7cb066278/transformed/core-ktx-1.17.0/AndroidManifest.xml
Merging manifest with lower [androidx.core:core-ktx:1.17.0] AndroidManifest.xml:2:1-7:12
uses-sdk defined in both files...
Merging uses-sdk with lower [androidx.core:core-ktx:1.17.0] AndroidManifest.xml:5:5-44
Merging library manifest /Users/gtesen/.gradle/caches/8.14.3/transforms/edee71ba2a64320e122f12b310228f8a/transformed/cronet-embedded-119.6045.31/AndroidManifest.xml
Merging manifest with lower [org.chromium.net:cronet-embedded:119.6045.31] AndroidManifest.xml:15:2-22:13
uses-sdk defined in both files...
Merging uses-sdk with lower [org.chromium.net:cronet-embedded:119.6045.31] AndroidManifest.xml:18:6-75
uses-permission#android.permission.INTERNET defined in both files...
Merging uses-permission#android.permission.INTERNET with lower [org.chromium.net:cronet-embedded:119.6045.31] AndroidManifest.xml:19:6-67
uses-permission#android.permission.ACCESS_NETWORK_STATE defined in both files...
Merging uses-permission#android.permission.ACCESS_NETWORK_STATE with lower [org.chromium.net:cronet-embedded:119.6045.31] AndroidManifest.xml:20:6-79
Merging library manifest /Users/gtesen/.gradle/caches/8.14.3/transforms/7fe5594301ef40fd35b84cb6609386e4/transformed/swiperefreshlayout-1.1.0/AndroidManifest.xml
Merging manifest with lower [androidx.swiperefreshlayout:swiperefreshlayout:1.1.0] AndroidManifest.xml:17:1-24:12
uses-sdk defined in both files...
Merging uses-sdk with lower [androidx.swiperefreshlayout:swiperefreshlayout:1.1.0] AndroidManifest.xml:20:5-22:41
Merging library manifest /Users/gtesen/.gradle/caches/8.14.3/transforms/bbe3e5a7a0ecf3feb4759b3eb635a6eb/transformed/coordinatorlayout-1.1.0/AndroidManifest.xml
Merging manifest with lower [androidx.coordinatorlayout:coordinatorlayout:1.1.0] AndroidManifest.xml:17:1-24:12
uses-sdk defined in both files...
Merging uses-sdk with lower [androidx.coordinatorlayout:coordinatorlayout:1.1.0] AndroidManifest.xml:20:5-22:41
Merging library manifest /Users/gtesen/.gradle/caches/8.14.3/transforms/0d790c6940435efe9213a514c6fda210/transformed/drawerlayout-1.1.1/AndroidManifest.xml
Merging manifest with lower [androidx.drawerlayout:drawerlayout:1.1.1] AndroidManifest.xml:17:1-24:12
uses-sdk defined in both files...
Merging uses-sdk with lower [androidx.drawerlayout:drawerlayout:1.1.1] AndroidManifest.xml:20:5-22:41
Merging library manifest /Users/gtesen/.gradle/caches/8.14.3/transforms/ecb2ede08909e60bb8ad3e6f75c50fe3/transformed/transition-1.5.0/AndroidManifest.xml
Merging manifest with lower [androidx.transition:transition:1.5.0] AndroidManifest.xml:2:1-7:12
uses-sdk defined in both files...
Merging uses-sdk with lower [androidx.transition:transition:1.5.0] AndroidManifest.xml:5:5-44
Merging library manifest /Users/gtesen/.gradle/caches/8.14.3/transforms/25fc25b15ea6b43c2af01df75bd8b8c5/transformed/dynamicanimation-1.0.0/AndroidManifest.xml
Merging manifest with lower [androidx.dynamicanimation:dynamicanimation:1.0.0] AndroidManifest.xml:17:1-22:12
uses-sdk defined in both files...
Merging uses-sdk with lower [androidx.dynamicanimation:dynamicanimation:1.0.0] AndroidManifest.xml:20:5-44
Merging library manifest /Users/gtesen/.gradle/caches/8.14.3/transforms/9cccfa341e40c4ef8e0a43b071404749/transformed/glide-4.11.0/AndroidManifest.xml
Merging manifest with lower [com.github.bumptech.glide:glide:4.11.0] AndroidManifest.xml:2:1-12:12
uses-sdk defined in both files...
Merging uses-sdk with lower [com.github.bumptech.glide:glide:4.11.0] AndroidManifest.xml:6:5-8:41
application defined in both files...
Merging application with lower [com.github.bumptech.glide:glide:4.11.0] AndroidManifest.xml:10:5-20
Merging library manifest /Users/gtesen/.gradle/caches/8.14.3/transforms/7b874790044da7384d7fd6570ba315dc/transformed/vectordrawable-animated-1.1.0/AndroidManifest.xml
Merging manifest with lower [androidx.vectordrawable:vectordrawable-animated:1.1.0] AndroidManifest.xml:17:1-24:12
uses-sdk defined in both files...
Merging uses-sdk with lower [androidx.vectordrawable:vectordrawable-animated:1.1.0] AndroidManifest.xml:20:5-22:41
Merging library manifest /Users/gtesen/.gradle/caches/8.14.3/transforms/bf1a01e23fd09b08cfd9898553823993/transformed/vectordrawable-1.1.0/AndroidManifest.xml
Merging manifest with lower [androidx.vectordrawable:vectordrawable:1.1.0] AndroidManifest.xml:17:1-24:12
uses-sdk defined in both files...
Merging uses-sdk with lower [androidx.vectordrawable:vectordrawable:1.1.0] AndroidManifest.xml:20:5-22:41
Merging library manifest /Users/gtesen/.gradle/caches/8.14.3/transforms/b585c77cbf477f9f073e4729f94b575a/transformed/viewpager-1.0.0/AndroidManifest.xml
Merging manifest with lower [androidx.viewpager:viewpager:1.0.0] AndroidManifest.xml:17:1-22:12
uses-sdk defined in both files...
Merging uses-sdk with lower [androidx.viewpager:viewpager:1.0.0] AndroidManifest.xml:20:5-44
Merging library manifest /Users/gtesen/.gradle/caches/8.14.3/transforms/8091d846e612d9db133c6db1c9ca4e50/transformed/customview-1.1.0/AndroidManifest.xml
Merging manifest with lower [androidx.customview:customview:1.1.0] AndroidManifest.xml:17:1-24:12
uses-sdk defined in both files...
Merging uses-sdk with lower [androidx.customview:customview:1.1.0] AndroidManifest.xml:20:5-22:41
Merging library manifest /Users/gtesen/.gradle/caches/8.14.3/transforms/7580a60b68a046c1ca536dcb95e31f15/transformed/legacy-support-core-utils-1.0.0/AndroidManifest.xml
Merging manifest with lower [androidx.legacy:legacy-support-core-utils:1.0.0] AndroidManifest.xml:17:1-22:12
uses-sdk defined in both files...
Merging uses-sdk with lower [androidx.legacy:legacy-support-core-utils:1.0.0] AndroidManifest.xml:20:5-44
Merging library manifest /Users/gtesen/.gradle/caches/8.14.3/transforms/8db7680fad7a1bb9c383e638a9b973b7/transformed/browser-1.4.0/AndroidManifest.xml
Merging manifest with lower [androidx.browser:browser:1.4.0] AndroidManifest.xml:17:1-24:12
uses-sdk defined in both files...
Merging uses-sdk with lower [androidx.browser:browser:1.4.0] AndroidManifest.xml:20:5-22:41
Merging library manifest /Users/gtesen/.gradle/caches/8.14.3/transforms/b75b9745e442559fac1c82594edd27c7/transformed/loader-1.0.0/AndroidManifest.xml
Merging manifest with lower [androidx.loader:loader:1.0.0] AndroidManifest.xml:17:1-22:12
uses-sdk defined in both files...
Merging uses-sdk with lower [androidx.loader:loader:1.0.0] AndroidManifest.xml:20:5-44
Merging library manifest /Users/gtesen/.gradle/caches/8.14.3/transforms/dc9151437d2473234c9e3798a653da8c/transformed/core-1.17.0/AndroidManifest.xml
Merging manifest with lower [androidx.core:core:1.17.0] AndroidManifest.xml:17:1-30:12
uses-sdk defined in both files...
Merging uses-sdk with lower [androidx.core:core:1.17.0] AndroidManifest.xml:20:5-44
Adopted [permission: null]
Adopted [uses-permission: null]
application defined in both files...
Merging application with lower [androidx.core:core:1.17.0] AndroidManifest.xml:28:5-89
Merging library manifest /Users/gtesen/.gradle/caches/8.14.3/transforms/ca3d290ed5c755efac6c3ecb034afadf/transformed/lifecycle-runtime-release/AndroidManifest.xml
Merging manifest with lower [androidx.lifecycle:lifecycle-runtime-android:2.9.2] AndroidManifest.xml:17:1-22:12
uses-sdk defined in both files...
Merging uses-sdk with lower [androidx.lifecycle:lifecycle-runtime-android:2.9.2] AndroidManifest.xml:20:5-44
Merging library manifest /Users/gtesen/.gradle/caches/8.14.3/transforms/4d56467c4eeac0b0cfd192189470218c/transformed/lifecycle-viewmodel-2.9.2/AndroidManifest.xml
Merging manifest with lower [androidx.lifecycle:lifecycle-viewmodel:2.9.2] AndroidManifest.xml:2:1-5:12
uses-sdk defined in both files...
Merging uses-sdk with lower [androidx.lifecycle:lifecycle-viewmodel:2.9.2] AndroidManifest.xml:4:5-43
Merging library manifest /Users/gtesen/.gradle/caches/8.14.3/transforms/5257ac7d83275d65f19b0e86b253ced1/transformed/lifecycle-viewmodel-release/AndroidManifest.xml
Merging manifest with lower [androidx.lifecycle:lifecycle-viewmodel-android:2.9.2] AndroidManifest.xml:17:1-22:12
uses-sdk defined in both files...
Merging uses-sdk with lower [androidx.lifecycle:lifecycle-viewmodel-android:2.9.2] AndroidManifest.xml:20:5-44
Merging library manifest /Users/gtesen/.gradle/caches/8.14.3/transforms/6e344e9531386d222941ff354183a0ad/transformed/lifecycle-livedata-2.9.2/AndroidManifest.xml
Merging manifest with lower [androidx.lifecycle:lifecycle-livedata:2.9.2] AndroidManifest.xml:17:1-22:12
uses-sdk defined in both files...
Merging uses-sdk with lower [androidx.lifecycle:lifecycle-livedata:2.9.2] AndroidManifest.xml:20:5-44
Merging library manifest /Users/gtesen/.gradle/caches/8.14.3/transforms/2756f78250dd17ef2cf478c64af64b06/transformed/lifecycle-livedata-core-ktx-2.9.2/AndroidManifest.xml
Merging manifest with lower [androidx.lifecycle:lifecycle-livedata-core-ktx:2.9.2] AndroidManifest.xml:2:1-7:12
uses-sdk defined in both files...
Merging uses-sdk with lower [androidx.lifecycle:lifecycle-livedata-core-ktx:2.9.2] AndroidManifest.xml:5:5-44
Merging library manifest /Users/gtesen/.gradle/caches/8.14.3/transforms/e7dd32d0b41218e101326aed362ecdf4/transformed/lifecycle-runtime-ktx-2.9.2/AndroidManifest.xml
Merging manifest with lower [androidx.lifecycle:lifecycle-runtime-ktx:2.9.2] AndroidManifest.xml:2:1-5:12
uses-sdk defined in both files...
Merging uses-sdk with lower [androidx.lifecycle:lifecycle-runtime-ktx:2.9.2] AndroidManifest.xml:4:5-43
Merging library manifest /Users/gtesen/.gradle/caches/8.14.3/transforms/56ee7b3d932e714ce535243bd095ec61/transformed/lifecycle-runtime-ktx/AndroidManifest.xml
Merging manifest with lower [androidx.lifecycle:lifecycle-runtime-ktx-android:2.9.2] AndroidManifest.xml:2:1-7:12
uses-sdk defined in both files...
Merging uses-sdk with lower [androidx.lifecycle:lifecycle-runtime-ktx-android:2.9.2] AndroidManifest.xml:5:5-44
Merging library manifest /Users/gtesen/.gradle/caches/8.14.3/transforms/cd2771746c0e9d904bc6f61a9973f3e8/transformed/lifecycle-livedata-ktx-2.9.2/AndroidManifest.xml
Merging manifest with lower [androidx.lifecycle:lifecycle-livedata-ktx:2.9.2] AndroidManifest.xml:2:1-7:12
uses-sdk defined in both files...
Merging uses-sdk with lower [androidx.lifecycle:lifecycle-livedata-ktx:2.9.2] AndroidManifest.xml:5:5-44
Merging library manifest /Users/gtesen/.gradle/caches/8.14.3/transforms/356255f50df884112a1fafce30497403/transformed/room-ktx-2.7.2/AndroidManifest.xml
Merging manifest with lower [androidx.room:room-ktx:2.7.2] AndroidManifest.xml:17:1-22:12
uses-sdk defined in both files...
Merging uses-sdk with lower [androidx.room:room-ktx:2.7.2] AndroidManifest.xml:20:5-44
Merging library manifest /Users/gtesen/.gradle/caches/8.14.3/transforms/a080f2c4722f37c5d575998ed88f8487/transformed/room-runtime-release/AndroidManifest.xml
Merging manifest with lower [androidx.room:room-runtime-android:2.7.2] AndroidManifest.xml:17:1-31:12
uses-sdk defined in both files...
Merging uses-sdk with lower [androidx.room:room-runtime-android:2.7.2] AndroidManifest.xml:21:5-44
application defined in both files...
Merging application with lower [androidx.room:room-runtime-android:2.7.2] AndroidManifest.xml:23:5-29:19
Adopted [service: null]
Merging library manifest /Users/gtesen/.gradle/caches/8.14.3/transforms/6390ffa56bd96462344e1dbd15d67f76/transformed/datastore-core-release/AndroidManifest.xml
Merging manifest with lower [androidx.datastore:datastore-core-android:1.1.3] AndroidManifest.xml:2:1-7:12
uses-sdk defined in both files...
Merging uses-sdk with lower [androidx.datastore:datastore-core-android:1.1.3] AndroidManifest.xml:5:5-44
Merging library manifest /Users/gtesen/.gradle/caches/8.14.3/transforms/8b9fe1014353295e0f606c8a37aec42a/transformed/datastore-release/AndroidManifest.xml
Merging manifest with lower [androidx.datastore:datastore-android:1.1.3] AndroidManifest.xml:17:1-22:12
uses-sdk defined in both files...
Merging uses-sdk with lower [androidx.datastore:datastore-android:1.1.3] AndroidManifest.xml:20:5-44
Merging library manifest /Users/gtesen/.gradle/caches/8.14.3/transforms/e37b670fdc0dc3daa0d925fb9a811c34/transformed/datastore-preferences-release/AndroidManifest.xml
Merging manifest with lower [androidx.datastore:datastore-preferences-android:1.1.3] AndroidManifest.xml:17:1-22:12
uses-sdk defined in both files...
Merging uses-sdk with lower [androidx.datastore:datastore-preferences-android:1.1.3] AndroidManifest.xml:20:5-44
Merging library manifest /Users/gtesen/.gradle/caches/8.14.3/transforms/77fced72e6c6cb82041e2c19ce87d255/transformed/recaptcha-18.6.1/AndroidManifest.xml
Merging manifest with lower [com.google.android.recaptcha:recaptcha:18.6.1] AndroidManifest.xml:2:1-11:12
uses-sdk defined in both files...
Merging uses-sdk with lower [com.google.android.recaptcha:recaptcha:18.6.1] AndroidManifest.xml:5:5-44
uses-permission#android.permission.INTERNET defined in both files...
Merging uses-permission#android.permission.INTERNET with lower [com.google.android.recaptcha:recaptcha:18.6.1] AndroidManifest.xml:7:5-67
uses-permission#android.permission.ACCESS_NETWORK_STATE defined in both files...
Merging uses-permission#android.permission.ACCESS_NETWORK_STATE with lower [com.google.android.recaptcha:recaptcha:18.6.1] AndroidManifest.xml:8:5-79
Adopted [uses-permission: null]
Merging library manifest /Users/gtesen/.gradle/caches/8.14.3/transforms/d228421af994f91878197fd567298af2/transformed/integrity-1.3.0/AndroidManifest.xml
Merging manifest with lower [com.google.android.play:integrity:1.3.0] AndroidManifest.xml:2:1-7:12
uses-sdk defined in both files...
Merging uses-sdk with lower [com.google.android.play:integrity:1.3.0] AndroidManifest.xml:4:5-44
application defined in both files...
Merging application with lower [com.google.android.play:integrity:1.3.0] AndroidManifest.xml:5:5-6:19
Merging library manifest /Users/gtesen/.gradle/caches/8.14.3/transforms/687b45d0ab749ad0b2ae9bf57ec14ab8/transformed/play-services-tasks-18.2.0/AndroidManifest.xml
Merging manifest with lower [com.google.android.gms:play-services-tasks:18.2.0] AndroidManifest.xml:2:1-5:12
uses-sdk defined in both files...
Merging uses-sdk with lower [com.google.android.gms:play-services-tasks:18.2.0] AndroidManifest.xml:3:5-44
application defined in both files...
Merging application with lower [com.google.android.gms:play-services-tasks:18.2.0] AndroidManifest.xml:4:5-20
Merging library manifest /Users/gtesen/.gradle/caches/8.14.3/transforms/872ca23f34ca48a07c6ee6fd682933a8/transformed/play-services-basement-18.4.0/AndroidManifest.xml
Merging manifest with lower [com.google.android.gms:play-services-basement:18.4.0] AndroidManifest.xml:2:1-9:12
uses-sdk defined in both files...
Merging uses-sdk with lower [com.google.android.gms:play-services-basement:18.4.0] AndroidManifest.xml:3:5-44
application defined in both files...
Merging application with lower [com.google.android.gms:play-services-basement:18.4.0] AndroidManifest.xml:5:5-7:19
Adopted [meta-data: null]
Merging library manifest /Users/gtesen/.gradle/caches/8.14.3/transforms/47aab1fe894a56e283bb50332e855dfc/transformed/fragment-1.8.9/AndroidManifest.xml
Merging manifest with lower [androidx.fragment:fragment:1.8.9] AndroidManifest.xml:2:1-7:12
uses-sdk defined in both files...
Merging uses-sdk with lower [androidx.fragment:fragment:1.8.9] AndroidManifest.xml:5:5-44
Merging library manifest /Users/gtesen/.gradle/caches/8.14.3/transforms/183320ed5fb107f33b2220c45d108fea/transformed/fragment-ktx-1.8.9/AndroidManifest.xml
Merging manifest with lower [androidx.fragment:fragment-ktx:1.8.9] AndroidManifest.xml:2:1-7:12
uses-sdk defined in both files...
Merging uses-sdk with lower [androidx.fragment:fragment-ktx:1.8.9] AndroidManifest.xml:5:5-44
Merging library manifest /Users/gtesen/.gradle/caches/8.14.3/transforms/ac4a4f2dd08cba8d991ba673a51d128c/transformed/lifecycle-viewmodel-ktx-2.9.2/AndroidManifest.xml
Merging manifest with lower [androidx.lifecycle:lifecycle-viewmodel-ktx:2.9.2] AndroidManifest.xml:2:1-7:12
uses-sdk defined in both files...
Merging uses-sdk with lower [androidx.lifecycle:lifecycle-viewmodel-ktx:2.9.2] AndroidManifest.xml:5:5-44
Merging library manifest /Users/gtesen/.gradle/caches/8.14.3/transforms/2919b897ecfe2c2dc872ae759898bdb4/transformed/core-splashscreen-1.0.1/AndroidManifest.xml
Merging manifest with lower [androidx.core:core-splashscreen:1.0.1] AndroidManifest.xml:17:1-24:12
uses-sdk defined in both files...
Merging uses-sdk with lower [androidx.core:core-splashscreen:1.0.1] AndroidManifest.xml:20:5-22:41
Merging library manifest /Users/gtesen/.gradle/caches/8.14.3/transforms/e8ddcf8eb6eb52445665a43c5d53273b/transformed/googleid-1.1.0/AndroidManifest.xml
Merging manifest with lower [com.google.android.libraries.identity.googleid:googleid:1.1.0] AndroidManifest.xml:2:1-7:12
uses-sdk defined in both files...
Merging uses-sdk with lower [com.google.android.libraries.identity.googleid:googleid:1.1.0] AndroidManifest.xml:5:5-44
Merging library manifest /Users/gtesen/.gradle/caches/8.14.3/transforms/77f35dacb83599809353b3d04649ded9/transformed/core-viewtree-1.0.0/AndroidManifest.xml
Merging manifest with lower [androidx.core:core-viewtree:1.0.0] AndroidManifest.xml:2:1-7:12
uses-sdk defined in both files...
Merging uses-sdk with lower [androidx.core:core-viewtree:1.0.0] AndroidManifest.xml:5:5-44
Merging library manifest /Users/gtesen/.gradle/caches/8.14.3/transforms/a30b28ef6b3b209f7e9541d3f6cf9504/transformed/annotation-experimental-1.4.1/AndroidManifest.xml
Merging manifest with lower [androidx.annotation:annotation-experimental:1.4.1] AndroidManifest.xml:2:1-7:12
uses-sdk defined in both files...
Merging uses-sdk with lower [androidx.annotation:annotation-experimental:1.4.1] AndroidManifest.xml:5:5-44
Merging library manifest /Users/gtesen/.gradle/caches/8.14.3/transforms/629ce72d0f6063adf326f449aace05c0/transformed/profileinstaller-1.4.0/AndroidManifest.xml
Merging manifest with lower [androidx.profileinstaller:profileinstaller:1.4.0] AndroidManifest.xml:17:1-55:12
uses-sdk defined in both files...
Merging uses-sdk with lower [androidx.profileinstaller:profileinstaller:1.4.0] AndroidManifest.xml:21:5-44
application defined in both files...
Merging application with lower [androidx.profileinstaller:profileinstaller:1.4.0] AndroidManifest.xml:23:5-53:19
provider#androidx.startup.InitializationProvider defined in both files...
Merging provider#androidx.startup.InitializationProvider with lower [androidx.profileinstaller:profileinstaller:1.4.0] AndroidManifest.xml:24:9-32:20
Adopted [meta-data: null]
Adopted [receiver: null]
Merging library manifest /Users/gtesen/.gradle/caches/8.14.3/transforms/865d974ca94050096152a7bd091901f8/transformed/startup-runtime-1.1.1/AndroidManifest.xml
Merging manifest with lower [androidx.startup:startup-runtime:1.1.1] AndroidManifest.xml:17:1-33:12
uses-sdk defined in both files...
Merging uses-sdk with lower [androidx.startup:startup-runtime:1.1.1] AndroidManifest.xml:21:5-23:41
application defined in both files...
Merging application with lower [androidx.startup:startup-runtime:1.1.1] AndroidManifest.xml:25:5-31:19
provider#androidx.startup.InitializationProvider defined in both files...
Merging provider#androidx.startup.InitializationProvider with lower [androidx.startup:startup-runtime:1.1.1] AndroidManifest.xml:26:9-30:34
Merging library manifest /Users/gtesen/.gradle/caches/8.14.3/transforms/73b52bb9664d54d0899e4db3d6031771/transformed/tracing-1.2.0/AndroidManifest.xml
Merging manifest with lower [androidx.tracing:tracing:1.2.0] AndroidManifest.xml:17:1-22:12
uses-sdk defined in both files...
Merging uses-sdk with lower [androidx.tracing:tracing:1.2.0] AndroidManifest.xml:20:5-44
Merging library manifest /Users/gtesen/.gradle/caches/8.14.3/transforms/c875d9c7c89ffd4705a0908fba29b427/transformed/tracing-ktx-1.2.0/AndroidManifest.xml
Merging manifest with lower [androidx.tracing:tracing-ktx:1.2.0] AndroidManifest.xml:17:1-22:12
uses-sdk defined in both files...
Merging uses-sdk with lower [androidx.tracing:tracing-ktx:1.2.0] AndroidManifest.xml:20:5-44
Merging library manifest /Users/gtesen/.gradle/caches/8.14.3/transforms/e1c60692c513ab66ab73b2a7f8d39cf2/transformed/cardview-1.0.0/AndroidManifest.xml
Merging manifest with lower [androidx.cardview:cardview:1.0.0] AndroidManifest.xml:17:1-22:12
uses-sdk defined in both files...
Merging uses-sdk with lower [androidx.cardview:cardview:1.0.0] AndroidManifest.xml:20:5-44
Merging library manifest /Users/gtesen/.gradle/caches/8.14.3/transforms/6f6d4c7ee6c7e8fe51b23587fec42149/transformed/transport-backend-cct-3.2.0/AndroidManifest.xml
Merging manifest with lower [com.google.android.datatransport:transport-backend-cct:3.2.0] AndroidManifest.xml:15:1-35:12
uses-sdk defined in both files...
Merging uses-sdk with lower [com.google.android.datatransport:transport-backend-cct:3.2.0] AndroidManifest.xml:18:5-44
uses-permission#android.permission.ACCESS_NETWORK_STATE defined in both files...
Merging uses-permission#android.permission.ACCESS_NETWORK_STATE with lower [com.google.android.datatransport:transport-backend-cct:3.2.0] AndroidManifest.xml:22:5-79
uses-permission#android.permission.INTERNET defined in both files...
Merging uses-permission#android.permission.INTERNET with lower [com.google.android.datatransport:transport-backend-cct:3.2.0] AndroidManifest.xml:23:5-67
application defined in both files...
Merging application with lower [com.google.android.datatransport:transport-backend-cct:3.2.0] AndroidManifest.xml:25:5-33:19
Adopted [service: null]
Merging library manifest /Users/gtesen/.gradle/caches/8.14.3/transforms/fcc83ef7a302e876ef36dba39d830db9/transformed/transport-runtime-3.2.0/AndroidManifest.xml
Merging manifest with lower [com.google.android.datatransport:transport-runtime:3.2.0] AndroidManifest.xml:15:1-39:12
uses-sdk defined in both files...
Merging uses-sdk with lower [com.google.android.datatransport:transport-runtime:3.2.0] AndroidManifest.xml:18:5-44
uses-permission#android.permission.ACCESS_NETWORK_STATE defined in both files...
Merging uses-permission#android.permission.ACCESS_NETWORK_STATE with lower [com.google.android.datatransport:transport-runtime:3.2.0] AndroidManifest.xml:20:5-79
application defined in both files...
Merging application with lower [com.google.android.datatransport:transport-runtime:3.2.0] AndroidManifest.xml:23:5-37:19
Adopted [service: null]
Adopted [receiver: null]
service#com.google.android.datatransport.runtime.backends.TransportBackendDiscovery defined in both files...
Merging service#com.google.android.datatransport.runtime.backends.TransportBackendDiscovery with lower [com.google.android.datatransport:transport-runtime:3.2.0] AndroidManifest.xml:34:9-36:40
Merging library manifest /Users/gtesen/.gradle/caches/8.14.3/transforms/b97df510d0fd476559da625f30446fbd/transformed/transport-api-3.1.0/AndroidManifest.xml
Merging manifest with lower [com.google.android.datatransport:transport-api:3.1.0] AndroidManifest.xml:15:1-20:12
uses-sdk defined in both files...
Merging uses-sdk with lower [com.google.android.datatransport:transport-api:3.1.0] AndroidManifest.xml:18:5-44
Merging library manifest /Users/gtesen/.gradle/caches/8.14.3/transforms/970f71170d66c4285fcb73021f926143/transformed/firebase-components-19.0.0/AndroidManifest.xml
Merging manifest with lower [com.google.firebase:firebase-components:19.0.0] AndroidManifest.xml:15:1-20:12
uses-sdk defined in both files...
Merging uses-sdk with lower [com.google.firebase:firebase-components:19.0.0] AndroidManifest.xml:18:5-44
Merging library manifest /Users/gtesen/.gradle/caches/8.14.3/transforms/d439df45f675714b011d039ac6ab9fdc/transformed/cursoradapter-1.0.0/AndroidManifest.xml
Merging manifest with lower [androidx.cursoradapter:cursoradapter:1.0.0] AndroidManifest.xml:17:1-22:12
uses-sdk defined in both files...
Merging uses-sdk with lower [androidx.cursoradapter:cursoradapter:1.0.0] AndroidManifest.xml:20:5-44
Merging library manifest /Users/gtesen/.gradle/caches/8.14.3/transforms/d0eb9e15f41a024d69458e310eff3ac6/transformed/interpolator-1.0.0/AndroidManifest.xml
Merging manifest with lower [androidx.interpolator:interpolator:1.0.0] AndroidManifest.xml:17:1-22:12
uses-sdk defined in both files...
Merging uses-sdk with lower [androidx.interpolator:interpolator:1.0.0] AndroidManifest.xml:20:5-44
Merging library manifest /Users/gtesen/.gradle/caches/8.14.3/transforms/9f922624a5fc8ed6be3109cb74cb813c/transformed/gifdecoder-4.11.0/AndroidManifest.xml
Merging manifest with lower [com.github.bumptech.glide:gifdecoder:4.11.0] AndroidManifest.xml:2:1-11:12
uses-sdk defined in both files...
Merging uses-sdk with lower [com.github.bumptech.glide:gifdecoder:4.11.0] AndroidManifest.xml:5:5-7:41
application defined in both files...
Merging application with lower [com.github.bumptech.glide:gifdecoder:4.11.0] AndroidManifest.xml:9:5-20
Merging library manifest /Users/gtesen/.gradle/caches/8.14.3/transforms/725f400d2c63548fc568607d9369d139/transformed/firebase-encoders-json-18.0.0/AndroidManifest.xml
Merging manifest with lower [com.google.firebase:firebase-encoders-json:18.0.0] AndroidManifest.xml:15:1-23:12
uses-sdk defined in both files...
Merging uses-sdk with lower [com.google.firebase:firebase-encoders-json:18.0.0] AndroidManifest.xml:19:5-21:41
Merging library manifest /Users/gtesen/.gradle/caches/8.14.3/transforms/1760893abcc6fabbfad7fbd28d24e1e7/transformed/localbroadcastmanager-1.0.0/AndroidManifest.xml
Merging manifest with lower [androidx.localbroadcastmanager:localbroadcastmanager:1.0.0] AndroidManifest.xml:17:1-22:12
uses-sdk defined in both files...
Merging uses-sdk with lower [androidx.localbroadcastmanager:localbroadcastmanager:1.0.0] AndroidManifest.xml:20:5-44
Merging library manifest /Users/gtesen/.gradle/caches/8.14.3/transforms/8e881eca2eb04ecf54c95769e0d11876/transformed/versionedparcelable-1.1.1/AndroidManifest.xml
Merging manifest with lower [androidx.versionedparcelable:versionedparcelable:1.1.1] AndroidManifest.xml:17:1-27:12
uses-sdk defined in both files...
Merging uses-sdk with lower [androidx.versionedparcelable:versionedparcelable:1.1.1] AndroidManifest.xml:20:5-22:41
application defined in both files...
Merging application with lower [androidx.versionedparcelable:versionedparcelable:1.1.1] AndroidManifest.xml:24:5-25:19
Merging library manifest /Users/gtesen/.gradle/caches/8.14.3/transforms/c8ce2643cc4a03ac9d77856b578334d0/transformed/core-runtime-2.2.0/AndroidManifest.xml
Merging manifest with lower [androidx.arch.core:core-runtime:2.2.0] AndroidManifest.xml:17:1-22:12
uses-sdk defined in both files...
Merging uses-sdk with lower [androidx.arch.core:core-runtime:2.2.0] AndroidManifest.xml:20:5-44
Merging library manifest /Users/gtesen/.gradle/caches/8.14.3/transforms/36879a958d7475bdcca4dc1db44db100/transformed/exifinterface-1.3.7/AndroidManifest.xml
Merging manifest with lower [androidx.exifinterface:exifinterface:1.3.7] AndroidManifest.xml:17:1-24:12
uses-sdk defined in both files...
Merging uses-sdk with lower [androidx.exifinterface:exifinterface:1.3.7] AndroidManifest.xml:20:5-22:41
Merging library manifest /Users/gtesen/.gradle/caches/8.14.3/transforms/63f1b8efb12708430a09ce930446dd79/transformed/documentfile-1.0.0/AndroidManifest.xml
Merging manifest with lower [androidx.documentfile:documentfile:1.0.0] AndroidManifest.xml:17:1-22:12
uses-sdk defined in both files...
Merging uses-sdk with lower [androidx.documentfile:documentfile:1.0.0] AndroidManifest.xml:20:5-44
Merging library manifest /Users/gtesen/.gradle/caches/8.14.3/transforms/ddda97278a0881cfc39511a8a0cc9d99/transformed/print-1.0.0/AndroidManifest.xml
Merging manifest with lower [androidx.print:print:1.0.0] AndroidManifest.xml:17:1-22:12
uses-sdk defined in both files...
Merging uses-sdk with lower [androidx.print:print:1.0.0] AndroidManifest.xml:20:5-44
Merging library manifest /Users/gtesen/.gradle/caches/8.14.3/transforms/f37c3884d816876d3b531478ed4178e2/transformed/sqlite-framework-release/AndroidManifest.xml
Merging manifest with lower [androidx.sqlite:sqlite-framework-android:2.5.1] AndroidManifest.xml:17:1-22:12
uses-sdk defined in both files...
Merging uses-sdk with lower [androidx.sqlite:sqlite-framework-android:2.5.1] AndroidManifest.xml:20:5-44
Merging library manifest /Users/gtesen/.gradle/caches/8.14.3/transforms/935ab256c5257cdb57aa1080a161922c/transformed/sqlite-release/AndroidManifest.xml
Merging manifest with lower [androidx.sqlite:sqlite-android:2.5.1] AndroidManifest.xml:17:1-22:12
uses-sdk defined in both files...
Merging uses-sdk with lower [androidx.sqlite:sqlite-android:2.5.1] AndroidManifest.xml:20:5-44
Merging library manifest /Users/gtesen/.gradle/caches/8.14.3/transforms/8bbd3c4444a09a6cd435f2756cff0477/transformed/android-maps-utils-2.4.0/AndroidManifest.xml
Merging manifest with lower [com.google.maps.android:android-maps-utils:2.4.0] AndroidManifest.xml:2:1-15:12
uses-sdk defined in both files...
Merging uses-sdk with lower [com.google.maps.android:android-maps-utils:2.4.0] AndroidManifest.xml:5:5-7:41
application defined in both files...
Merging application with lower [com.google.maps.android:android-maps-utils:2.4.0] AndroidManifest.xml:9:5-13:19
meta-data#com.google.android.gms.version defined in both files...
Merging meta-data#com.google.android.gms.version with lower [com.google.maps.android:android-maps-utils:2.4.0] AndroidManifest.xml:10:9-12:69
Merging library manifest /Users/gtesen/.gradle/caches/8.14.3/transforms/14ffbc6653ef0eba5a1884f925c40c09/transformed/volley-1.2.1/AndroidManifest.xml
Merging manifest with lower [com.android.volley:volley:1.2.1] AndroidManifest.xml:2:1-7:12
uses-sdk defined in both files...
Merging uses-sdk with lower [com.android.volley:volley:1.2.1] AndroidManifest.xml:5:5-43
Merging library manifest /Users/gtesen/.gradle/caches/8.14.3/transforms/cd68c1b2ef8e9eecbdb139e20e4f271c/transformed/cronet-common-119.6045.31/AndroidManifest.xml
Merging manifest with lower [org.chromium.net:cronet-common:119.6045.31] AndroidManifest.xml:15:2-22:13
uses-sdk defined in both files...
Merging uses-sdk with lower [org.chromium.net:cronet-common:119.6045.31] AndroidManifest.xml:18:6-75
uses-permission#android.permission.INTERNET defined in both files...
Merging uses-permission#android.permission.INTERNET with lower [org.chromium.net:cronet-common:119.6045.31] AndroidManifest.xml:19:6-67
uses-permission#android.permission.ACCESS_NETWORK_STATE defined in both files...
Merging uses-permission#android.permission.ACCESS_NETWORK_STATE with lower [org.chromium.net:cronet-common:119.6045.31] AndroidManifest.xml:20:6-79
Merging library manifest /Users/gtesen/.gradle/caches/8.14.3/transforms/e9cae491ea26fcd518d95db616e61f8c/transformed/cronet-api-119.6045.31/AndroidManifest.xml
Merging manifest with lower [org.chromium.net:cronet-api:119.6045.31] AndroidManifest.xml:15:2-22:13
uses-sdk defined in both files...
Merging uses-sdk with lower [org.chromium.net:cronet-api:119.6045.31] AndroidManifest.xml:18:6-75
uses-permission#android.permission.INTERNET defined in both files...
Merging uses-permission#android.permission.INTERNET with lower [org.chromium.net:cronet-api:119.6045.31] AndroidManifest.xml:19:6-67
uses-permission#android.permission.ACCESS_NETWORK_STATE defined in both files...
Merging uses-permission#android.permission.ACCESS_NETWORK_STATE with lower [org.chromium.net:cronet-api:119.6045.31] AndroidManifest.xml:20:6-79
Merging library manifest /Users/gtesen/.gradle/caches/8.14.3/transforms/52bc9452c7e3e41704bbb736d0fee324/transformed/core-common-2.0.3/AndroidManifest.xml
Merging manifest with lower [com.google.android.play:core-common:2.0.3] AndroidManifest.xml:2:1-21:12
uses-sdk defined in both files...
Merging uses-sdk with lower [com.google.android.play:core-common:2.0.3] AndroidManifest.xml:7:5-9:41
application defined in both files...
Merging application with lower [com.google.android.play:core-common:2.0.3] AndroidManifest.xml:11:5-19:19
Adopted [activity: null]
Merging result: WARNING
[org.chromium.net:cronet-embedded:119.6045.31] /Users/gtesen/.gradle/caches/8.14.3/transforms/edee71ba2a64320e122f12b310228f8a/transformed/cronet-embedded-119.6045.31/AndroidManifest.xml Warning:
	Namespace 'org.chromium.net' is used in multiple modules and/or libraries: org.chromium.net:cronet-embedded:119.6045.31, org.chromium.net:cronet-common:119.6045.31, org.chromium.net:cronet-api:119.6045.31. Please ensure that all modules and libraries have a unique namespace. For more information, See https://developer.android.com/studio/build/configure-app-module#set-namespace
-- Merging decision tree log ---
manifest
ADDED from /Users/gtesen/Desktop/aplicacion_busmap/frontend-busmap/app/src/main/AndroidManifest.xml:2:1-50:12
INJECTED from /Users/gtesen/Desktop/aplicacion_busmap/frontend-busmap/app/src/main/AndroidManifest.xml:2:1-50:12
INJECTED from /Users/gtesen/Desktop/aplicacion_busmap/frontend-busmap/app/src/main/AndroidManifest.xml:2:1-50:12
INJECTED from /Users/gtesen/Desktop/aplicacion_busmap/frontend-busmap/app/src/main/AndroidManifest.xml:2:1-50:12
MERGED from [com.google.android.libraries.places:places:4.4.1] /Users/gtesen/.gradle/caches/8.14.3/transforms/e02fa059f2e644182398b8fc61e27665/transformed/places-4.4.1/AndroidManifest.xml:2:1-43:12
MERGED from [com.google.android.gms:play-services-maps:19.2.0] /Users/gtesen/.gradle/caches/8.14.3/transforms/8aff53bc460636bf233e8aacaf15b7dd/transformed/play-services-maps-19.2.0/AndroidManifest.xml:16:1-35:12
MERGED from [com.google.android.material:material:1.12.0] /Users/gtesen/.gradle/caches/8.14.3/transforms/bd19958c989865190d217b7c65793240/transformed/material-1.12.0/AndroidManifest.xml:17:1-24:12
MERGED from [androidx.constraintlayout:constraintlayout:2.2.1] /Users/gtesen/.gradle/caches/8.14.3/transforms/df9e2436470c77e795dba0221e222c96/transformed/constraintlayout-2.2.1/AndroidManifest.xml:2:1-9:12
MERGED from [io.coil-kt:coil:2.7.0] /Users/gtesen/.gradle/caches/8.14.3/transforms/104d6cadd3046851f7594cc81ddf4fb2/transformed/coil-2.7.0/AndroidManifest.xml:2:1-7:12
MERGED from [io.coil-kt:coil-base:2.7.0] /Users/gtesen/.gradle/caches/8.14.3/transforms/4f4bbb757b7646883ff750963546d8a4/transformed/coil-base-2.7.0/AndroidManifest.xml:2:1-7:12
MERGED from [androidx.appcompat:appcompat-resources:1.7.1] /Users/gtesen/.gradle/caches/8.14.3/transforms/37b5415420addcf22f2f43f1c86e2033/transformed/appcompat-resources-1.7.1/AndroidManifest.xml:2:1-7:12
MERGED from [androidx.appcompat:appcompat:1.7.1] /Users/gtesen/.gradle/caches/8.14.3/transforms/2093e59a678c692f6a38d6e1c73b1aa6/transformed/appcompat-1.7.1/AndroidManifest.xml:2:1-7:12
MERGED from [com.google.firebase:firebase-storage:22.0.0] /Users/gtesen/.gradle/caches/8.14.3/transforms/0300d32c8d28c9a6b63735e1beb9e492/transformed/firebase-storage-22.0.0/AndroidManifest.xml:15:1-39:12
MERGED from [com.google.android.gms:play-services-location:21.3.0] /Users/gtesen/.gradle/caches/8.14.3/transforms/3fdbe1c4e10f571dd8fb8c595808c023/transformed/play-services-location-21.3.0/AndroidManifest.xml:2:1-8:12
MERGED from [com.google.firebase:firebase-database-ktx:21.0.0] /Users/gtesen/.gradle/caches/8.14.3/transforms/476afaac2f7bff789d982565bdec6e84/transformed/firebase-database-ktx-21.0.0/AndroidManifest.xml:2:1-18:12
MERGED from [com.google.firebase:firebase-database:21.0.0] /Users/gtesen/.gradle/caches/8.14.3/transforms/14d900cdb44ed51cd009acb19a15b85d/transformed/firebase-database-21.0.0/AndroidManifest.xml:15:1-38:12
MERGED from [com.google.firebase:firebase-appcheck:18.0.0] /Users/gtesen/.gradle/caches/8.14.3/transforms/8b2613de06d332d858e73cc1dd9ee748/transformed/firebase-appcheck-18.0.0/AndroidManifest.xml:15:1-34:12
MERGED from [com.google.firebase:firebase-auth-ktx:23.2.1] /Users/gtesen/.gradle/caches/8.14.3/transforms/c4b4de1505db2b5d5d14633f399108a8/transformed/firebase-auth-ktx-23.2.1/AndroidManifest.xml:2:1-17:12
MERGED from [com.google.firebase:firebase-auth:23.2.1] /Users/gtesen/.gradle/caches/8.14.3/transforms/3cd2e605938f2d856df0eb89b1553e65/transformed/firebase-auth-23.2.1/AndroidManifest.xml:17:1-75:12
MERGED from [com.google.firebase:firebase-appcheck-interop:17.1.0] /Users/gtesen/.gradle/caches/8.14.3/transforms/376870df56929d11604b02137e699dc3/transformed/firebase-appcheck-interop-17.1.0/AndroidManifest.xml:15:1-23:12
MERGED from [androidx.credentials:credentials:1.2.0-rc01] /Users/gtesen/.gradle/caches/8.14.3/transforms/1ae09923f3dde3bb0b561c59a87a3e69/transformed/credentials-1.2.0-rc01/AndroidManifest.xml:2:1-7:12
MERGED from [androidx.credentials:credentials-play-services-auth:1.2.0-rc01] /Users/gtesen/.gradle/caches/8.14.3/transforms/a9158e1934b1ccb3dadcb8af1e4199e5/transformed/credentials-play-services-auth-1.2.0-rc01/AndroidManifest.xml:17:1-44:12
MERGED from [com.google.android.gms:play-services-auth:20.7.0] /Users/gtesen/.gradle/caches/8.14.3/transforms/751cd99c404e85f15b9931c83059a10e/transformed/play-services-auth-20.7.0/AndroidManifest.xml:17:1-40:12
MERGED from [com.google.android.gms:play-services-auth-api-phone:18.0.2] /Users/gtesen/.gradle/caches/8.14.3/transforms/122bb784feb1ef2590970d60dae6cedc/transformed/play-services-auth-api-phone-18.0.2/AndroidManifest.xml:2:1-7:12
MERGED from [com.google.firebase:firebase-database-collection:18.0.1] /Users/gtesen/.gradle/caches/8.14.3/transforms/f4ff8936c83f141c47a05a930fa66ee4/transformed/firebase-database-collection-18.0.1/AndroidManifest.xml:2:1-9:12
MERGED from [com.google.android.gms:play-services-fido:20.1.0] /Users/gtesen/.gradle/caches/8.14.3/transforms/ef2c908082ca71bf38d811842ae9a30c/transformed/play-services-fido-20.1.0/AndroidManifest.xml:2:1-10:12
MERGED from [com.google.android.gms:play-services-auth-base:18.0.4] /Users/gtesen/.gradle/caches/8.14.3/transforms/d4eef42d2d16002a876464770598c881/transformed/play-services-auth-base-18.0.4/AndroidManifest.xml:2:1-7:12
MERGED from [com.google.android.gms:play-services-base:18.5.0] /Users/gtesen/.gradle/caches/8.14.3/transforms/3418c3905e30a96832fbb41b08116988/transformed/play-services-base-18.5.0/AndroidManifest.xml:2:1-7:12
MERGED from [com.google.firebase:firebase-common-ktx:21.0.0] /Users/gtesen/.gradle/caches/8.14.3/transforms/bcd13d91ffeae9529bee554c515c4749/transformed/firebase-common-ktx-21.0.0/AndroidManifest.xml:2:1-18:12
MERGED from [com.google.firebase:firebase-auth-interop:20.0.0] /Users/gtesen/.gradle/caches/8.14.3/transforms/186089ac1e50c35298446e72c71184a4/transformed/firebase-auth-interop-20.0.0/AndroidManifest.xml:2:1-10:12
MERGED from [com.google.firebase:firebase-common:22.0.0] /Users/gtesen/.gradle/caches/8.14.3/transforms/ba6e888e91db507a39cd0a493b112a1c/transformed/firebase-common-22.0.0/AndroidManifest.xml:15:1-41:12
MERGED from [androidx.activity:activity-ktx:1.10.1] /Users/gtesen/.gradle/caches/8.14.3/transforms/2af0a7c21cd1d97019d343a574307a7f/transformed/activity-ktx-1.10.1/AndroidManifest.xml:2:1-7:12
MERGED from [androidx.activity:activity:1.10.1] /Users/gtesen/.gradle/caches/8.14.3/transforms/bba8aa02134027051446a0e867678c4a/transformed/activity-1.10.1/AndroidManifest.xml:17:1-22:12
MERGED from [androidx.work:work-runtime-ktx:2.10.3] /Users/gtesen/.gradle/caches/8.14.3/transforms/f18f8b006e6f091765a93d0106787778/transformed/work-runtime-ktx-2.10.3/AndroidManifest.xml:17:1-22:12
MERGED from [androidx.work:work-runtime:2.10.3] /Users/gtesen/.gradle/caches/8.14.3/transforms/4415b078d78ed3f8ae330b6ef4be3957/transformed/work-runtime-2.10.3/AndroidManifest.xml:17:1-145:12
MERGED from [androidx.viewpager2:viewpager2:1.1.0] /Users/gtesen/.gradle/caches/8.14.3/transforms/0bf6de760accba71767d3447cefff61e/transformed/viewpager2-1.1.0/AndroidManifest.xml:2:1-7:12
MERGED from [androidx.recyclerview:recyclerview:1.3.2] /Users/gtesen/.gradle/caches/8.14.3/transforms/1d1b7319701f9c2f2999f9144f097a23/transformed/recyclerview-1.3.2/AndroidManifest.xml:17:1-22:12
MERGED from [androidx.customview:customview-poolingcontainer:1.0.0] /Users/gtesen/.gradle/caches/8.14.3/transforms/df10a15c8c91c6a085b4d08801a31596/transformed/customview-poolingcontainer-1.0.0/AndroidManifest.xml:17:1-23:12
MERGED from [androidx.emoji2:emoji2-views-helper:1.3.0] /Users/gtesen/.gradle/caches/8.14.3/transforms/238bd3b17b6725f2e60920731c9dc916/transformed/emoji2-views-helper-1.3.0/AndroidManifest.xml:2:1-7:12
MERGED from [androidx.emoji2:emoji2:1.3.0] /Users/gtesen/.gradle/caches/8.14.3/transforms/9bedb642ea6b3ec8092f1a33750d08f7/transformed/emoji2-1.3.0/AndroidManifest.xml:17:1-35:12
MERGED from [androidx.lifecycle:lifecycle-service:2.9.2] /Users/gtesen/.gradle/caches/8.14.3/transforms/fbdfedb379bdf60c618fa8b3c13b6031/transformed/lifecycle-service-2.9.2/AndroidManifest.xml:2:1-7:12
MERGED from [androidx.lifecycle:lifecycle-livedata-core:2.9.2] /Users/gtesen/.gradle/caches/8.14.3/transforms/c63d7fc3a9a9a026390556a051fa05ab/transformed/lifecycle-livedata-core-2.9.2/AndroidManifest.xml:17:1-22:12
MERGED from [androidx.savedstate:savedstate-ktx:1.3.1] /Users/gtesen/.gradle/caches/8.14.3/transforms/2e1efcd18827bdcc40f6c4860b4d6889/transformed/savedstate-ktx-1.3.1/AndroidManifest.xml:2:1-7:12
MERGED from [androidx.savedstate:savedstate-android:1.3.1] /Users/gtesen/.gradle/caches/8.14.3/transforms/886f50c966c012483ace7afddc771e82/transformed/savedstate-release/AndroidManifest.xml:17:1-22:12
MERGED from [androidx.lifecycle:lifecycle-process:2.9.2] /Users/gtesen/.gradle/caches/8.14.3/transforms/1e1e657af00729eeee1265aeb2cc01cf/transformed/lifecycle-process-2.9.2/AndroidManifest.xml:17:1-35:12
MERGED from [androidx.lifecycle:lifecycle-viewmodel-savedstate-android:2.9.2] /Users/gtesen/.gradle/caches/8.14.3/transforms/3cf07bd3d2fb23a7ba17e9ac1ad7097d/transformed/lifecycle-viewmodel-savedstate-release/AndroidManifest.xml:17:1-22:12
MERGED from [androidx.core:core-ktx:1.17.0] /Users/gtesen/.gradle/caches/8.14.3/transforms/3850b4fdedc2edf88f3d57c7cb066278/transformed/core-ktx-1.17.0/AndroidManifest.xml:2:1-7:12
MERGED from [org.chromium.net:cronet-embedded:119.6045.31] /Users/gtesen/.gradle/caches/8.14.3/transforms/edee71ba2a64320e122f12b310228f8a/transformed/cronet-embedded-119.6045.31/AndroidManifest.xml:15:2-22:13
MERGED from [androidx.swiperefreshlayout:swiperefreshlayout:1.1.0] /Users/gtesen/.gradle/caches/8.14.3/transforms/7fe5594301ef40fd35b84cb6609386e4/transformed/swiperefreshlayout-1.1.0/AndroidManifest.xml:17:1-24:12
MERGED from [androidx.coordinatorlayout:coordinatorlayout:1.1.0] /Users/gtesen/.gradle/caches/8.14.3/transforms/bbe3e5a7a0ecf3feb4759b3eb635a6eb/transformed/coordinatorlayout-1.1.0/AndroidManifest.xml:17:1-24:12
MERGED from [androidx.drawerlayout:drawerlayout:1.1.1] /Users/gtesen/.gradle/caches/8.14.3/transforms/0d790c6940435efe9213a514c6fda210/transformed/drawerlayout-1.1.1/AndroidManifest.xml:17:1-24:12
MERGED from [androidx.transition:transition:1.5.0] /Users/gtesen/.gradle/caches/8.14.3/transforms/ecb2ede08909e60bb8ad3e6f75c50fe3/transformed/transition-1.5.0/AndroidManifest.xml:2:1-7:12
MERGED from [androidx.dynamicanimation:dynamicanimation:1.0.0] /Users/gtesen/.gradle/caches/8.14.3/transforms/25fc25b15ea6b43c2af01df75bd8b8c5/transformed/dynamicanimation-1.0.0/AndroidManifest.xml:17:1-22:12
MERGED from [com.github.bumptech.glide:glide:4.11.0] /Users/gtesen/.gradle/caches/8.14.3/transforms/9cccfa341e40c4ef8e0a43b071404749/transformed/glide-4.11.0/AndroidManifest.xml:2:1-12:12
MERGED from [androidx.vectordrawable:vectordrawable-animated:1.1.0] /Users/gtesen/.gradle/caches/8.14.3/transforms/7b874790044da7384d7fd6570ba315dc/transformed/vectordrawable-animated-1.1.0/AndroidManifest.xml:17:1-24:12
MERGED from [androidx.vectordrawable:vectordrawable:1.1.0] /Users/gtesen/.gradle/caches/8.14.3/transforms/bf1a01e23fd09b08cfd9898553823993/transformed/vectordrawable-1.1.0/AndroidManifest.xml:17:1-24:12
MERGED from [androidx.viewpager:viewpager:1.0.0] /Users/gtesen/.gradle/caches/8.14.3/transforms/b585c77cbf477f9f073e4729f94b575a/transformed/viewpager-1.0.0/AndroidManifest.xml:17:1-22:12
MERGED from [androidx.customview:customview:1.1.0] /Users/gtesen/.gradle/caches/8.14.3/transforms/8091d846e612d9db133c6db1c9ca4e50/transformed/customview-1.1.0/AndroidManifest.xml:17:1-24:12
MERGED from [androidx.legacy:legacy-support-core-utils:1.0.0] /Users/gtesen/.gradle/caches/8.14.3/transforms/7580a60b68a046c1ca536dcb95e31f15/transformed/legacy-support-core-utils-1.0.0/AndroidManifest.xml:17:1-22:12
MERGED from [androidx.browser:browser:1.4.0] /Users/gtesen/.gradle/caches/8.14.3/transforms/8db7680fad7a1bb9c383e638a9b973b7/transformed/browser-1.4.0/AndroidManifest.xml:17:1-24:12
MERGED from [androidx.loader:loader:1.0.0] /Users/gtesen/.gradle/caches/8.14.3/transforms/b75b9745e442559fac1c82594edd27c7/transformed/loader-1.0.0/AndroidManifest.xml:17:1-22:12
MERGED from [androidx.core:core:1.17.0] /Users/gtesen/.gradle/caches/8.14.3/transforms/dc9151437d2473234c9e3798a653da8c/transformed/core-1.17.0/AndroidManifest.xml:17:1-30:12
MERGED from [androidx.lifecycle:lifecycle-runtime-android:2.9.2] /Users/gtesen/.gradle/caches/8.14.3/transforms/ca3d290ed5c755efac6c3ecb034afadf/transformed/lifecycle-runtime-release/AndroidManifest.xml:17:1-22:12
MERGED from [androidx.lifecycle:lifecycle-viewmodel:2.9.2] /Users/gtesen/.gradle/caches/8.14.3/transforms/4d56467c4eeac0b0cfd192189470218c/transformed/lifecycle-viewmodel-2.9.2/AndroidManifest.xml:2:1-5:12
MERGED from [androidx.lifecycle:lifecycle-viewmodel-android:2.9.2] /Users/gtesen/.gradle/caches/8.14.3/transforms/5257ac7d83275d65f19b0e86b253ced1/transformed/lifecycle-viewmodel-release/AndroidManifest.xml:17:1-22:12
MERGED from [androidx.lifecycle:lifecycle-livedata:2.9.2] /Users/gtesen/.gradle/caches/8.14.3/transforms/6e344e9531386d222941ff354183a0ad/transformed/lifecycle-livedata-2.9.2/AndroidManifest.xml:17:1-22:12
MERGED from [androidx.lifecycle:lifecycle-livedata-core-ktx:2.9.2] /Users/gtesen/.gradle/caches/8.14.3/transforms/2756f78250dd17ef2cf478c64af64b06/transformed/lifecycle-livedata-core-ktx-2.9.2/AndroidManifest.xml:2:1-7:12
MERGED from [androidx.lifecycle:lifecycle-runtime-ktx:2.9.2] /Users/gtesen/.gradle/caches/8.14.3/transforms/e7dd32d0b41218e101326aed362ecdf4/transformed/lifecycle-runtime-ktx-2.9.2/AndroidManifest.xml:2:1-5:12
MERGED from [androidx.lifecycle:lifecycle-runtime-ktx-android:2.9.2] /Users/gtesen/.gradle/caches/8.14.3/transforms/56ee7b3d932e714ce535243bd095ec61/transformed/lifecycle-runtime-ktx/AndroidManifest.xml:2:1-7:12
MERGED from [androidx.lifecycle:lifecycle-livedata-ktx:2.9.2] /Users/gtesen/.gradle/caches/8.14.3/transforms/cd2771746c0e9d904bc6f61a9973f3e8/transformed/lifecycle-livedata-ktx-2.9.2/AndroidManifest.xml:2:1-7:12
MERGED from [androidx.room:room-ktx:2.7.2] /Users/gtesen/.gradle/caches/8.14.3/transforms/356255f50df884112a1fafce30497403/transformed/room-ktx-2.7.2/AndroidManifest.xml:17:1-22:12
MERGED from [androidx.room:room-runtime-android:2.7.2] /Users/gtesen/.gradle/caches/8.14.3/transforms/a080f2c4722f37c5d575998ed88f8487/transformed/room-runtime-release/AndroidManifest.xml:17:1-31:12
MERGED from [androidx.datastore:datastore-core-android:1.1.3] /Users/gtesen/.gradle/caches/8.14.3/transforms/6390ffa56bd96462344e1dbd15d67f76/transformed/datastore-core-release/AndroidManifest.xml:2:1-7:12
MERGED from [androidx.datastore:datastore-android:1.1.3] /Users/gtesen/.gradle/caches/8.14.3/transforms/8b9fe1014353295e0f606c8a37aec42a/transformed/datastore-release/AndroidManifest.xml:17:1-22:12
MERGED from [androidx.datastore:datastore-preferences-android:1.1.3] /Users/gtesen/.gradle/caches/8.14.3/transforms/e37b670fdc0dc3daa0d925fb9a811c34/transformed/datastore-preferences-release/AndroidManifest.xml:17:1-22:12
MERGED from [com.google.android.recaptcha:recaptcha:18.6.1] /Users/gtesen/.gradle/caches/8.14.3/transforms/77fced72e6c6cb82041e2c19ce87d255/transformed/recaptcha-18.6.1/AndroidManifest.xml:2:1-11:12
MERGED from [com.google.android.play:integrity:1.3.0] /Users/gtesen/.gradle/caches/8.14.3/transforms/d228421af994f91878197fd567298af2/transformed/integrity-1.3.0/AndroidManifest.xml:2:1-7:12
MERGED from [com.google.android.gms:play-services-tasks:18.2.0] /Users/gtesen/.gradle/caches/8.14.3/transforms/687b45d0ab749ad0b2ae9bf57ec14ab8/transformed/play-services-tasks-18.2.0/AndroidManifest.xml:2:1-5:12
MERGED from [com.google.android.gms:play-services-basement:18.4.0] /Users/gtesen/.gradle/caches/8.14.3/transforms/872ca23f34ca48a07c6ee6fd682933a8/transformed/play-services-basement-18.4.0/AndroidManifest.xml:2:1-9:12
MERGED from [androidx.fragment:fragment:1.8.9] /Users/gtesen/.gradle/caches/8.14.3/transforms/47aab1fe894a56e283bb50332e855dfc/transformed/fragment-1.8.9/AndroidManifest.xml:2:1-7:12
MERGED from [androidx.fragment:fragment-ktx:1.8.9] /Users/gtesen/.gradle/caches/8.14.3/transforms/183320ed5fb107f33b2220c45d108fea/transformed/fragment-ktx-1.8.9/AndroidManifest.xml:2:1-7:12
MERGED from [androidx.lifecycle:lifecycle-viewmodel-ktx:2.9.2] /Users/gtesen/.gradle/caches/8.14.3/transforms/ac4a4f2dd08cba8d991ba673a51d128c/transformed/lifecycle-viewmodel-ktx-2.9.2/AndroidManifest.xml:2:1-7:12
MERGED from [androidx.core:core-splashscreen:1.0.1] /Users/gtesen/.gradle/caches/8.14.3/transforms/2919b897ecfe2c2dc872ae759898bdb4/transformed/core-splashscreen-1.0.1/AndroidManifest.xml:17:1-24:12
MERGED from [com.google.android.libraries.identity.googleid:googleid:1.1.0] /Users/gtesen/.gradle/caches/8.14.3/transforms/e8ddcf8eb6eb52445665a43c5d53273b/transformed/googleid-1.1.0/AndroidManifest.xml:2:1-7:12
MERGED from [androidx.core:core-viewtree:1.0.0] /Users/gtesen/.gradle/caches/8.14.3/transforms/77f35dacb83599809353b3d04649ded9/transformed/core-viewtree-1.0.0/AndroidManifest.xml:2:1-7:12
MERGED from [androidx.annotation:annotation-experimental:1.4.1] /Users/gtesen/.gradle/caches/8.14.3/transforms/a30b28ef6b3b209f7e9541d3f6cf9504/transformed/annotation-experimental-1.4.1/AndroidManifest.xml:2:1-7:12
MERGED from [androidx.profileinstaller:profileinstaller:1.4.0] /Users/gtesen/.gradle/caches/8.14.3/transforms/629ce72d0f6063adf326f449aace05c0/transformed/profileinstaller-1.4.0/AndroidManifest.xml:17:1-55:12
MERGED from [androidx.startup:startup-runtime:1.1.1] /Users/gtesen/.gradle/caches/8.14.3/transforms/865d974ca94050096152a7bd091901f8/transformed/startup-runtime-1.1.1/AndroidManifest.xml:17:1-33:12
MERGED from [androidx.tracing:tracing:1.2.0] /Users/gtesen/.gradle/caches/8.14.3/transforms/73b52bb9664d54d0899e4db3d6031771/transformed/tracing-1.2.0/AndroidManifest.xml:17:1-22:12
MERGED from [androidx.tracing:tracing-ktx:1.2.0] /Users/gtesen/.gradle/caches/8.14.3/transforms/c875d9c7c89ffd4705a0908fba29b427/transformed/tracing-ktx-1.2.0/AndroidManifest.xml:17:1-22:12
MERGED from [androidx.cardview:cardview:1.0.0] /Users/gtesen/.gradle/caches/8.14.3/transforms/e1c60692c513ab66ab73b2a7f8d39cf2/transformed/cardview-1.0.0/AndroidManifest.xml:17:1-22:12
MERGED from [com.google.android.datatransport:transport-backend-cct:3.2.0] /Users/gtesen/.gradle/caches/8.14.3/transforms/6f6d4c7ee6c7e8fe51b23587fec42149/transformed/transport-backend-cct-3.2.0/AndroidManifest.xml:15:1-35:12
MERGED from [com.google.android.datatransport:transport-runtime:3.2.0] /Users/gtesen/.gradle/caches/8.14.3/transforms/fcc83ef7a302e876ef36dba39d830db9/transformed/transport-runtime-3.2.0/AndroidManifest.xml:15:1-39:12
MERGED from [com.google.android.datatransport:transport-api:3.1.0] /Users/gtesen/.gradle/caches/8.14.3/transforms/b97df510d0fd476559da625f30446fbd/transformed/transport-api-3.1.0/AndroidManifest.xml:15:1-20:12
MERGED from [com.google.firebase:firebase-components:19.0.0] /Users/gtesen/.gradle/caches/8.14.3/transforms/970f71170d66c4285fcb73021f926143/transformed/firebase-components-19.0.0/AndroidManifest.xml:15:1-20:12
MERGED from [androidx.cursoradapter:cursoradapter:1.0.0] /Users/gtesen/.gradle/caches/8.14.3/transforms/d439df45f675714b011d039ac6ab9fdc/transformed/cursoradapter-1.0.0/AndroidManifest.xml:17:1-22:12
MERGED from [androidx.interpolator:interpolator:1.0.0] /Users/gtesen/.gradle/caches/8.14.3/transforms/d0eb9e15f41a024d69458e310eff3ac6/transformed/interpolator-1.0.0/AndroidManifest.xml:17:1-22:12
MERGED from [com.github.bumptech.glide:gifdecoder:4.11.0] /Users/gtesen/.gradle/caches/8.14.3/transforms/9f922624a5fc8ed6be3109cb74cb813c/transformed/gifdecoder-4.11.0/AndroidManifest.xml:2:1-11:12
MERGED from [com.google.firebase:firebase-encoders-json:18.0.0] /Users/gtesen/.gradle/caches/8.14.3/transforms/725f400d2c63548fc568607d9369d139/transformed/firebase-encoders-json-18.0.0/AndroidManifest.xml:15:1-23:12
MERGED from [androidx.localbroadcastmanager:localbroadcastmanager:1.0.0] /Users/gtesen/.gradle/caches/8.14.3/transforms/1760893abcc6fabbfad7fbd28d24e1e7/transformed/localbroadcastmanager-1.0.0/AndroidManifest.xml:17:1-22:12
MERGED from [androidx.versionedparcelable:versionedparcelable:1.1.1] /Users/gtesen/.gradle/caches/8.14.3/transforms/8e881eca2eb04ecf54c95769e0d11876/transformed/versionedparcelable-1.1.1/AndroidManifest.xml:17:1-27:12
MERGED from [androidx.arch.core:core-runtime:2.2.0] /Users/gtesen/.gradle/caches/8.14.3/transforms/c8ce2643cc4a03ac9d77856b578334d0/transformed/core-runtime-2.2.0/AndroidManifest.xml:17:1-22:12
MERGED from [androidx.exifinterface:exifinterface:1.3.7] /Users/gtesen/.gradle/caches/8.14.3/transforms/36879a958d7475bdcca4dc1db44db100/transformed/exifinterface-1.3.7/AndroidManifest.xml:17:1-24:12
MERGED from [androidx.documentfile:documentfile:1.0.0] /Users/gtesen/.gradle/caches/8.14.3/transforms/63f1b8efb12708430a09ce930446dd79/transformed/documentfile-1.0.0/AndroidManifest.xml:17:1-22:12
MERGED from [androidx.print:print:1.0.0] /Users/gtesen/.gradle/caches/8.14.3/transforms/ddda97278a0881cfc39511a8a0cc9d99/transformed/print-1.0.0/AndroidManifest.xml:17:1-22:12
MERGED from [androidx.sqlite:sqlite-framework-android:2.5.1] /Users/gtesen/.gradle/caches/8.14.3/transforms/f37c3884d816876d3b531478ed4178e2/transformed/sqlite-framework-release/AndroidManifest.xml:17:1-22:12
MERGED from [androidx.sqlite:sqlite-android:2.5.1] /Users/gtesen/.gradle/caches/8.14.3/transforms/935ab256c5257cdb57aa1080a161922c/transformed/sqlite-release/AndroidManifest.xml:17:1-22:12
MERGED from [com.google.maps.android:android-maps-utils:2.4.0] /Users/gtesen/.gradle/caches/8.14.3/transforms/8bbd3c4444a09a6cd435f2756cff0477/transformed/android-maps-utils-2.4.0/AndroidManifest.xml:2:1-15:12
MERGED from [com.android.volley:volley:1.2.1] /Users/gtesen/.gradle/caches/8.14.3/transforms/14ffbc6653ef0eba5a1884f925c40c09/transformed/volley-1.2.1/AndroidManifest.xml:2:1-7:12
MERGED from [org.chromium.net:cronet-common:119.6045.31] /Users/gtesen/.gradle/caches/8.14.3/transforms/cd68c1b2ef8e9eecbdb139e20e4f271c/transformed/cronet-common-119.6045.31/AndroidManifest.xml:15:2-22:13
MERGED from [org.chromium.net:cronet-api:119.6045.31] /Users/gtesen/.gradle/caches/8.14.3/transforms/e9cae491ea26fcd518d95db616e61f8c/transformed/cronet-api-119.6045.31/AndroidManifest.xml:15:2-22:13
MERGED from [com.google.android.play:core-common:2.0.3] /Users/gtesen/.gradle/caches/8.14.3/transforms/52bc9452c7e3e41704bbb736d0fee324/transformed/core-common-2.0.3/AndroidManifest.xml:2:1-21:12
	package
		INJECTED from /Users/gtesen/Desktop/aplicacion_busmap/frontend-busmap/app/src/main/AndroidManifest.xml
	android:versionName
		INJECTED from /Users/gtesen/Desktop/aplicacion_busmap/frontend-busmap/app/src/main/AndroidManifest.xml
	xmlns:tools
		ADDED from /Users/gtesen/Desktop/aplicacion_busmap/frontend-busmap/app/src/main/AndroidManifest.xml:3:5-51
	android:versionCode
		INJECTED from /Users/gtesen/Desktop/aplicacion_busmap/frontend-busmap/app/src/main/AndroidManifest.xml
	xmlns:android
		ADDED from /Users/gtesen/Desktop/aplicacion_busmap/frontend-busmap/app/src/main/AndroidManifest.xml:2:11-69
uses-permission#android.permission.INTERNET
ADDED from /Users/gtesen/Desktop/aplicacion_busmap/frontend-busmap/app/src/main/AndroidManifest.xml:5:5-67
MERGED from [com.google.android.libraries.places:places:4.4.1] /Users/gtesen/.gradle/caches/8.14.3/transforms/e02fa059f2e644182398b8fc61e27665/transformed/places-4.4.1/AndroidManifest.xml:14:5-67
MERGED from [com.google.android.libraries.places:places:4.4.1] /Users/gtesen/.gradle/caches/8.14.3/transforms/e02fa059f2e644182398b8fc61e27665/transformed/places-4.4.1/AndroidManifest.xml:14:5-67
MERGED from [com.google.android.gms:play-services-maps:19.2.0] /Users/gtesen/.gradle/caches/8.14.3/transforms/8aff53bc460636bf233e8aacaf15b7dd/transformed/play-services-maps-19.2.0/AndroidManifest.xml:21:5-66
MERGED from [com.google.android.gms:play-services-maps:19.2.0] /Users/gtesen/.gradle/caches/8.14.3/transforms/8aff53bc460636bf233e8aacaf15b7dd/transformed/play-services-maps-19.2.0/AndroidManifest.xml:21:5-66
MERGED from [com.google.firebase:firebase-storage:22.0.0] /Users/gtesen/.gradle/caches/8.14.3/transforms/0300d32c8d28c9a6b63735e1beb9e492/transformed/firebase-storage-22.0.0/AndroidManifest.xml:24:5-67
MERGED from [com.google.firebase:firebase-storage:22.0.0] /Users/gtesen/.gradle/caches/8.14.3/transforms/0300d32c8d28c9a6b63735e1beb9e492/transformed/firebase-storage-22.0.0/AndroidManifest.xml:24:5-67
MERGED from [com.google.firebase:firebase-database:21.0.0] /Users/gtesen/.gradle/caches/8.14.3/transforms/14d900cdb44ed51cd009acb19a15b85d/transformed/firebase-database-21.0.0/AndroidManifest.xml:23:5-67
MERGED from [com.google.firebase:firebase-database:21.0.0] /Users/gtesen/.gradle/caches/8.14.3/transforms/14d900cdb44ed51cd009acb19a15b85d/transformed/firebase-database-21.0.0/AndroidManifest.xml:23:5-67
MERGED from [com.google.firebase:firebase-auth:23.2.1] /Users/gtesen/.gradle/caches/8.14.3/transforms/3cd2e605938f2d856df0eb89b1553e65/transformed/firebase-auth-23.2.1/AndroidManifest.xml:25:5-67
MERGED from [com.google.firebase:firebase-auth:23.2.1] /Users/gtesen/.gradle/caches/8.14.3/transforms/3cd2e605938f2d856df0eb89b1553e65/transformed/firebase-auth-23.2.1/AndroidManifest.xml:25:5-67
MERGED from [org.chromium.net:cronet-embedded:119.6045.31] /Users/gtesen/.gradle/caches/8.14.3/transforms/edee71ba2a64320e122f12b310228f8a/transformed/cronet-embedded-119.6045.31/AndroidManifest.xml:19:6-67
MERGED from [org.chromium.net:cronet-embedded:119.6045.31] /Users/gtesen/.gradle/caches/8.14.3/transforms/edee71ba2a64320e122f12b310228f8a/transformed/cronet-embedded-119.6045.31/AndroidManifest.xml:19:6-67
MERGED from [com.google.android.recaptcha:recaptcha:18.6.1] /Users/gtesen/.gradle/caches/8.14.3/transforms/77fced72e6c6cb82041e2c19ce87d255/transformed/recaptcha-18.6.1/AndroidManifest.xml:7:5-67
MERGED from [com.google.android.recaptcha:recaptcha:18.6.1] /Users/gtesen/.gradle/caches/8.14.3/transforms/77fced72e6c6cb82041e2c19ce87d255/transformed/recaptcha-18.6.1/AndroidManifest.xml:7:5-67
MERGED from [com.google.android.datatransport:transport-backend-cct:3.2.0] /Users/gtesen/.gradle/caches/8.14.3/transforms/6f6d4c7ee6c7e8fe51b23587fec42149/transformed/transport-backend-cct-3.2.0/AndroidManifest.xml:23:5-67
MERGED from [com.google.android.datatransport:transport-backend-cct:3.2.0] /Users/gtesen/.gradle/caches/8.14.3/transforms/6f6d4c7ee6c7e8fe51b23587fec42149/transformed/transport-backend-cct-3.2.0/AndroidManifest.xml:23:5-67
MERGED from [org.chromium.net:cronet-common:119.6045.31] /Users/gtesen/.gradle/caches/8.14.3/transforms/cd68c1b2ef8e9eecbdb139e20e4f271c/transformed/cronet-common-119.6045.31/AndroidManifest.xml:19:6-67
MERGED from [org.chromium.net:cronet-common:119.6045.31] /Users/gtesen/.gradle/caches/8.14.3/transforms/cd68c1b2ef8e9eecbdb139e20e4f271c/transformed/cronet-common-119.6045.31/AndroidManifest.xml:19:6-67
MERGED from [org.chromium.net:cronet-api:119.6045.31] /Users/gtesen/.gradle/caches/8.14.3/transforms/e9cae491ea26fcd518d95db616e61f8c/transformed/cronet-api-119.6045.31/AndroidManifest.xml:19:6-67
MERGED from [org.chromium.net:cronet-api:119.6045.31] /Users/gtesen/.gradle/caches/8.14.3/transforms/e9cae491ea26fcd518d95db616e61f8c/transformed/cronet-api-119.6045.31/AndroidManifest.xml:19:6-67
	android:name
		ADDED from /Users/gtesen/Desktop/aplicacion_busmap/frontend-busmap/app/src/main/AndroidManifest.xml:5:22-64
uses-permission#android.permission.READ_EXTERNAL_STORAGE
ADDED from /Users/gtesen/Desktop/aplicacion_busmap/frontend-busmap/app/src/main/AndroidManifest.xml:6:5-80
	android:name
		ADDED from /Users/gtesen/Desktop/aplicacion_busmap/frontend-busmap/app/src/main/AndroidManifest.xml:6:22-77
uses-permission#android.permission.READ_MEDIA_IMAGES
ADDED from /Users/gtesen/Desktop/aplicacion_busmap/frontend-busmap/app/src/main/AndroidManifest.xml:7:5-76
	android:name
		ADDED from /Users/gtesen/Desktop/aplicacion_busmap/frontend-busmap/app/src/main/AndroidManifest.xml:7:22-73
uses-permission#android.permission.ACCESS_FINE_LOCATION
ADDED from /Users/gtesen/Desktop/aplicacion_busmap/frontend-busmap/app/src/main/AndroidManifest.xml:8:5-79
MERGED from [com.google.android.libraries.places:places:4.4.1] /Users/gtesen/.gradle/caches/8.14.3/transforms/e02fa059f2e644182398b8fc61e27665/transformed/places-4.4.1/AndroidManifest.xml:12:5-79
MERGED from [com.google.android.libraries.places:places:4.4.1] /Users/gtesen/.gradle/caches/8.14.3/transforms/e02fa059f2e644182398b8fc61e27665/transformed/places-4.4.1/AndroidManifest.xml:12:5-79
	android:name
		ADDED from /Users/gtesen/Desktop/aplicacion_busmap/frontend-busmap/app/src/main/AndroidManifest.xml:8:22-76
uses-permission#android.permission.ACCESS_COARSE_LOCATION
ADDED from /Users/gtesen/Desktop/aplicacion_busmap/frontend-busmap/app/src/main/AndroidManifest.xml:9:5-81
MERGED from [com.google.android.libraries.places:places:4.4.1] /Users/gtesen/.gradle/caches/8.14.3/transforms/e02fa059f2e644182398b8fc61e27665/transformed/places-4.4.1/AndroidManifest.xml:11:5-81
MERGED from [com.google.android.libraries.places:places:4.4.1] /Users/gtesen/.gradle/caches/8.14.3/transforms/e02fa059f2e644182398b8fc61e27665/transformed/places-4.4.1/AndroidManifest.xml:11:5-81
	android:name
		ADDED from /Users/gtesen/Desktop/aplicacion_busmap/frontend-busmap/app/src/main/AndroidManifest.xml:9:22-78
application
ADDED from /Users/gtesen/Desktop/aplicacion_busmap/frontend-busmap/app/src/main/AndroidManifest.xml:11:5-48:19
INJECTED from /Users/gtesen/Desktop/aplicacion_busmap/frontend-busmap/app/src/main/AndroidManifest.xml:11:5-48:19
MERGED from [com.google.android.libraries.places:places:4.4.1] /Users/gtesen/.gradle/caches/8.14.3/transforms/e02fa059f2e644182398b8fc61e27665/transformed/places-4.4.1/AndroidManifest.xml:16:5-41:19
MERGED from [com.google.android.libraries.places:places:4.4.1] /Users/gtesen/.gradle/caches/8.14.3/transforms/e02fa059f2e644182398b8fc61e27665/transformed/places-4.4.1/AndroidManifest.xml:16:5-41:19
MERGED from [com.google.android.gms:play-services-maps:19.2.0] /Users/gtesen/.gradle/caches/8.14.3/transforms/8aff53bc460636bf233e8aacaf15b7dd/transformed/play-services-maps-19.2.0/AndroidManifest.xml:31:5-34:19
MERGED from [com.google.android.gms:play-services-maps:19.2.0] /Users/gtesen/.gradle/caches/8.14.3/transforms/8aff53bc460636bf233e8aacaf15b7dd/transformed/play-services-maps-19.2.0/AndroidManifest.xml:31:5-34:19
MERGED from [com.google.android.material:material:1.12.0] /Users/gtesen/.gradle/caches/8.14.3/transforms/bd19958c989865190d217b7c65793240/transformed/material-1.12.0/AndroidManifest.xml:22:5-20
MERGED from [com.google.android.material:material:1.12.0] /Users/gtesen/.gradle/caches/8.14.3/transforms/bd19958c989865190d217b7c65793240/transformed/material-1.12.0/AndroidManifest.xml:22:5-20
MERGED from [androidx.constraintlayout:constraintlayout:2.2.1] /Users/gtesen/.gradle/caches/8.14.3/transforms/df9e2436470c77e795dba0221e222c96/transformed/constraintlayout-2.2.1/AndroidManifest.xml:7:5-20
MERGED from [androidx.constraintlayout:constraintlayout:2.2.1] /Users/gtesen/.gradle/caches/8.14.3/transforms/df9e2436470c77e795dba0221e222c96/transformed/constraintlayout-2.2.1/AndroidManifest.xml:7:5-20
MERGED from [com.google.firebase:firebase-storage:22.0.0] /Users/gtesen/.gradle/caches/8.14.3/transforms/0300d32c8d28c9a6b63735e1beb9e492/transformed/firebase-storage-22.0.0/AndroidManifest.xml:26:5-37:19
MERGED from [com.google.firebase:firebase-storage:22.0.0] /Users/gtesen/.gradle/caches/8.14.3/transforms/0300d32c8d28c9a6b63735e1beb9e492/transformed/firebase-storage-22.0.0/AndroidManifest.xml:26:5-37:19
MERGED from [com.google.android.gms:play-services-location:21.3.0] /Users/gtesen/.gradle/caches/8.14.3/transforms/3fdbe1c4e10f571dd8fb8c595808c023/transformed/play-services-location-21.3.0/AndroidManifest.xml:6:5-20
MERGED from [com.google.android.gms:play-services-location:21.3.0] /Users/gtesen/.gradle/caches/8.14.3/transforms/3fdbe1c4e10f571dd8fb8c595808c023/transformed/play-services-location-21.3.0/AndroidManifest.xml:6:5-20
MERGED from [com.google.firebase:firebase-database-ktx:21.0.0] /Users/gtesen/.gradle/caches/8.14.3/transforms/476afaac2f7bff789d982565bdec6e84/transformed/firebase-database-ktx-21.0.0/AndroidManifest.xml:8:5-16:19
MERGED from [com.google.firebase:firebase-database-ktx:21.0.0] /Users/gtesen/.gradle/caches/8.14.3/transforms/476afaac2f7bff789d982565bdec6e84/transformed/firebase-database-ktx-21.0.0/AndroidManifest.xml:8:5-16:19
MERGED from [com.google.firebase:firebase-database:21.0.0] /Users/gtesen/.gradle/caches/8.14.3/transforms/14d900cdb44ed51cd009acb19a15b85d/transformed/firebase-database-21.0.0/AndroidManifest.xml:25:5-36:19
MERGED from [com.google.firebase:firebase-database:21.0.0] /Users/gtesen/.gradle/caches/8.14.3/transforms/14d900cdb44ed51cd009acb19a15b85d/transformed/firebase-database-21.0.0/AndroidManifest.xml:25:5-36:19
MERGED from [com.google.firebase:firebase-appcheck:18.0.0] /Users/gtesen/.gradle/caches/8.14.3/transforms/8b2613de06d332d858e73cc1dd9ee748/transformed/firebase-appcheck-18.0.0/AndroidManifest.xml:21:5-32:19
MERGED from [com.google.firebase:firebase-appcheck:18.0.0] /Users/gtesen/.gradle/caches/8.14.3/transforms/8b2613de06d332d858e73cc1dd9ee748/transformed/firebase-appcheck-18.0.0/AndroidManifest.xml:21:5-32:19
MERGED from [com.google.firebase:firebase-auth-ktx:23.2.1] /Users/gtesen/.gradle/caches/8.14.3/transforms/c4b4de1505db2b5d5d14633f399108a8/transformed/firebase-auth-ktx-23.2.1/AndroidManifest.xml:7:5-15:19
MERGED from [com.google.firebase:firebase-auth-ktx:23.2.1] /Users/gtesen/.gradle/caches/8.14.3/transforms/c4b4de1505db2b5d5d14633f399108a8/transformed/firebase-auth-ktx-23.2.1/AndroidManifest.xml:7:5-15:19
MERGED from [com.google.firebase:firebase-auth:23.2.1] /Users/gtesen/.gradle/caches/8.14.3/transforms/3cd2e605938f2d856df0eb89b1553e65/transformed/firebase-auth-23.2.1/AndroidManifest.xml:28:5-73:19
MERGED from [com.google.firebase:firebase-auth:23.2.1] /Users/gtesen/.gradle/caches/8.14.3/transforms/3cd2e605938f2d856df0eb89b1553e65/transformed/firebase-auth-23.2.1/AndroidManifest.xml:28:5-73:19
MERGED from [com.google.firebase:firebase-appcheck-interop:17.1.0] /Users/gtesen/.gradle/caches/8.14.3/transforms/376870df56929d11604b02137e699dc3/transformed/firebase-appcheck-interop-17.1.0/AndroidManifest.xml:21:5-20
MERGED from [com.google.firebase:firebase-appcheck-interop:17.1.0] /Users/gtesen/.gradle/caches/8.14.3/transforms/376870df56929d11604b02137e699dc3/transformed/firebase-appcheck-interop-17.1.0/AndroidManifest.xml:21:5-20
MERGED from [androidx.credentials:credentials-play-services-auth:1.2.0-rc01] /Users/gtesen/.gradle/caches/8.14.3/transforms/a9158e1934b1ccb3dadcb8af1e4199e5/transformed/credentials-play-services-auth-1.2.0-rc01/AndroidManifest.xml:23:5-42:19
MERGED from [androidx.credentials:credentials-play-services-auth:1.2.0-rc01] /Users/gtesen/.gradle/caches/8.14.3/transforms/a9158e1934b1ccb3dadcb8af1e4199e5/transformed/credentials-play-services-auth-1.2.0-rc01/AndroidManifest.xml:23:5-42:19
MERGED from [com.google.android.gms:play-services-auth:20.7.0] /Users/gtesen/.gradle/caches/8.14.3/transforms/751cd99c404e85f15b9931c83059a10e/transformed/play-services-auth-20.7.0/AndroidManifest.xml:22:5-38:19
MERGED from [com.google.android.gms:play-services-auth:20.7.0] /Users/gtesen/.gradle/caches/8.14.3/transforms/751cd99c404e85f15b9931c83059a10e/transformed/play-services-auth-20.7.0/AndroidManifest.xml:22:5-38:19
MERGED from [com.google.android.gms:play-services-fido:20.1.0] /Users/gtesen/.gradle/caches/8.14.3/transforms/ef2c908082ca71bf38d811842ae9a30c/transformed/play-services-fido-20.1.0/AndroidManifest.xml:7:5-8:19
MERGED from [com.google.android.gms:play-services-fido:20.1.0] /Users/gtesen/.gradle/caches/8.14.3/transforms/ef2c908082ca71bf38d811842ae9a30c/transformed/play-services-fido-20.1.0/AndroidManifest.xml:7:5-8:19
MERGED from [com.google.android.gms:play-services-base:18.5.0] /Users/gtesen/.gradle/caches/8.14.3/transforms/3418c3905e30a96832fbb41b08116988/transformed/play-services-base-18.5.0/AndroidManifest.xml:4:5-6:19
MERGED from [com.google.android.gms:play-services-base:18.5.0] /Users/gtesen/.gradle/caches/8.14.3/transforms/3418c3905e30a96832fbb41b08116988/transformed/play-services-base-18.5.0/AndroidManifest.xml:4:5-6:19
MERGED from [com.google.firebase:firebase-common-ktx:21.0.0] /Users/gtesen/.gradle/caches/8.14.3/transforms/bcd13d91ffeae9529bee554c515c4749/transformed/firebase-common-ktx-21.0.0/AndroidManifest.xml:8:5-16:19
MERGED from [com.google.firebase:firebase-common-ktx:21.0.0] /Users/gtesen/.gradle/caches/8.14.3/transforms/bcd13d91ffeae9529bee554c515c4749/transformed/firebase-common-ktx-21.0.0/AndroidManifest.xml:8:5-16:19
MERGED from [com.google.firebase:firebase-auth-interop:20.0.0] /Users/gtesen/.gradle/caches/8.14.3/transforms/186089ac1e50c35298446e72c71184a4/transformed/firebase-auth-interop-20.0.0/AndroidManifest.xml:7:5-8:19
MERGED from [com.google.firebase:firebase-auth-interop:20.0.0] /Users/gtesen/.gradle/caches/8.14.3/transforms/186089ac1e50c35298446e72c71184a4/transformed/firebase-auth-interop-20.0.0/AndroidManifest.xml:7:5-8:19
MERGED from [com.google.firebase:firebase-common:22.0.0] /Users/gtesen/.gradle/caches/8.14.3/transforms/ba6e888e91db507a39cd0a493b112a1c/transformed/firebase-common-22.0.0/AndroidManifest.xml:22:5-39:19
MERGED from [com.google.firebase:firebase-common:22.0.0] /Users/gtesen/.gradle/caches/8.14.3/transforms/ba6e888e91db507a39cd0a493b112a1c/transformed/firebase-common-22.0.0/AndroidManifest.xml:22:5-39:19
MERGED from [androidx.work:work-runtime:2.10.3] /Users/gtesen/.gradle/caches/8.14.3/transforms/4415b078d78ed3f8ae330b6ef4be3957/transformed/work-runtime-2.10.3/AndroidManifest.xml:28:5-143:19
MERGED from [androidx.work:work-runtime:2.10.3] /Users/gtesen/.gradle/caches/8.14.3/transforms/4415b078d78ed3f8ae330b6ef4be3957/transformed/work-runtime-2.10.3/AndroidManifest.xml:28:5-143:19
MERGED from [androidx.emoji2:emoji2:1.3.0] /Users/gtesen/.gradle/caches/8.14.3/transforms/9bedb642ea6b3ec8092f1a33750d08f7/transformed/emoji2-1.3.0/AndroidManifest.xml:23:5-33:19
MERGED from [androidx.emoji2:emoji2:1.3.0] /Users/gtesen/.gradle/caches/8.14.3/transforms/9bedb642ea6b3ec8092f1a33750d08f7/transformed/emoji2-1.3.0/AndroidManifest.xml:23:5-33:19
MERGED from [androidx.lifecycle:lifecycle-process:2.9.2] /Users/gtesen/.gradle/caches/8.14.3/transforms/1e1e657af00729eeee1265aeb2cc01cf/transformed/lifecycle-process-2.9.2/AndroidManifest.xml:23:5-33:19
MERGED from [androidx.lifecycle:lifecycle-process:2.9.2] /Users/gtesen/.gradle/caches/8.14.3/transforms/1e1e657af00729eeee1265aeb2cc01cf/transformed/lifecycle-process-2.9.2/AndroidManifest.xml:23:5-33:19
MERGED from [com.github.bumptech.glide:glide:4.11.0] /Users/gtesen/.gradle/caches/8.14.3/transforms/9cccfa341e40c4ef8e0a43b071404749/transformed/glide-4.11.0/AndroidManifest.xml:10:5-20
MERGED from [com.github.bumptech.glide:glide:4.11.0] /Users/gtesen/.gradle/caches/8.14.3/transforms/9cccfa341e40c4ef8e0a43b071404749/transformed/glide-4.11.0/AndroidManifest.xml:10:5-20
MERGED from [androidx.core:core:1.17.0] /Users/gtesen/.gradle/caches/8.14.3/transforms/dc9151437d2473234c9e3798a653da8c/transformed/core-1.17.0/AndroidManifest.xml:28:5-89
MERGED from [androidx.core:core:1.17.0] /Users/gtesen/.gradle/caches/8.14.3/transforms/dc9151437d2473234c9e3798a653da8c/transformed/core-1.17.0/AndroidManifest.xml:28:5-89
MERGED from [androidx.room:room-runtime-android:2.7.2] /Users/gtesen/.gradle/caches/8.14.3/transforms/a080f2c4722f37c5d575998ed88f8487/transformed/room-runtime-release/AndroidManifest.xml:23:5-29:19
MERGED from [androidx.room:room-runtime-android:2.7.2] /Users/gtesen/.gradle/caches/8.14.3/transforms/a080f2c4722f37c5d575998ed88f8487/transformed/room-runtime-release/AndroidManifest.xml:23:5-29:19
MERGED from [com.google.android.play:integrity:1.3.0] /Users/gtesen/.gradle/caches/8.14.3/transforms/d228421af994f91878197fd567298af2/transformed/integrity-1.3.0/AndroidManifest.xml:5:5-6:19
MERGED from [com.google.android.play:integrity:1.3.0] /Users/gtesen/.gradle/caches/8.14.3/transforms/d228421af994f91878197fd567298af2/transformed/integrity-1.3.0/AndroidManifest.xml:5:5-6:19
MERGED from [com.google.android.gms:play-services-tasks:18.2.0] /Users/gtesen/.gradle/caches/8.14.3/transforms/687b45d0ab749ad0b2ae9bf57ec14ab8/transformed/play-services-tasks-18.2.0/AndroidManifest.xml:4:5-20
MERGED from [com.google.android.gms:play-services-tasks:18.2.0] /Users/gtesen/.gradle/caches/8.14.3/transforms/687b45d0ab749ad0b2ae9bf57ec14ab8/transformed/play-services-tasks-18.2.0/AndroidManifest.xml:4:5-20
MERGED from [com.google.android.gms:play-services-basement:18.4.0] /Users/gtesen/.gradle/caches/8.14.3/transforms/872ca23f34ca48a07c6ee6fd682933a8/transformed/play-services-basement-18.4.0/AndroidManifest.xml:5:5-7:19
MERGED from [com.google.android.gms:play-services-basement:18.4.0] /Users/gtesen/.gradle/caches/8.14.3/transforms/872ca23f34ca48a07c6ee6fd682933a8/transformed/play-services-basement-18.4.0/AndroidManifest.xml:5:5-7:19
MERGED from [androidx.profileinstaller:profileinstaller:1.4.0] /Users/gtesen/.gradle/caches/8.14.3/transforms/629ce72d0f6063adf326f449aace05c0/transformed/profileinstaller-1.4.0/AndroidManifest.xml:23:5-53:19
MERGED from [androidx.profileinstaller:profileinstaller:1.4.0] /Users/gtesen/.gradle/caches/8.14.3/transforms/629ce72d0f6063adf326f449aace05c0/transformed/profileinstaller-1.4.0/AndroidManifest.xml:23:5-53:19
MERGED from [androidx.startup:startup-runtime:1.1.1] /Users/gtesen/.gradle/caches/8.14.3/transforms/865d974ca94050096152a7bd091901f8/transformed/startup-runtime-1.1.1/AndroidManifest.xml:25:5-31:19
MERGED from [androidx.startup:startup-runtime:1.1.1] /Users/gtesen/.gradle/caches/8.14.3/transforms/865d974ca94050096152a7bd091901f8/transformed/startup-runtime-1.1.1/AndroidManifest.xml:25:5-31:19
MERGED from [com.google.android.datatransport:transport-backend-cct:3.2.0] /Users/gtesen/.gradle/caches/8.14.3/transforms/6f6d4c7ee6c7e8fe51b23587fec42149/transformed/transport-backend-cct-3.2.0/AndroidManifest.xml:25:5-33:19
MERGED from [com.google.android.datatransport:transport-backend-cct:3.2.0] /Users/gtesen/.gradle/caches/8.14.3/transforms/6f6d4c7ee6c7e8fe51b23587fec42149/transformed/transport-backend-cct-3.2.0/AndroidManifest.xml:25:5-33:19
MERGED from [com.google.android.datatransport:transport-runtime:3.2.0] /Users/gtesen/.gradle/caches/8.14.3/transforms/fcc83ef7a302e876ef36dba39d830db9/transformed/transport-runtime-3.2.0/AndroidManifest.xml:23:5-37:19
MERGED from [com.google.android.datatransport:transport-runtime:3.2.0] /Users/gtesen/.gradle/caches/8.14.3/transforms/fcc83ef7a302e876ef36dba39d830db9/transformed/transport-runtime-3.2.0/AndroidManifest.xml:23:5-37:19
MERGED from [com.github.bumptech.glide:gifdecoder:4.11.0] /Users/gtesen/.gradle/caches/8.14.3/transforms/9f922624a5fc8ed6be3109cb74cb813c/transformed/gifdecoder-4.11.0/AndroidManifest.xml:9:5-20
MERGED from [com.github.bumptech.glide:gifdecoder:4.11.0] /Users/gtesen/.gradle/caches/8.14.3/transforms/9f922624a5fc8ed6be3109cb74cb813c/transformed/gifdecoder-4.11.0/AndroidManifest.xml:9:5-20
MERGED from [androidx.versionedparcelable:versionedparcelable:1.1.1] /Users/gtesen/.gradle/caches/8.14.3/transforms/8e881eca2eb04ecf54c95769e0d11876/transformed/versionedparcelable-1.1.1/AndroidManifest.xml:24:5-25:19
MERGED from [androidx.versionedparcelable:versionedparcelable:1.1.1] /Users/gtesen/.gradle/caches/8.14.3/transforms/8e881eca2eb04ecf54c95769e0d11876/transformed/versionedparcelable-1.1.1/AndroidManifest.xml:24:5-25:19
MERGED from [com.google.maps.android:android-maps-utils:2.4.0] /Users/gtesen/.gradle/caches/8.14.3/transforms/8bbd3c4444a09a6cd435f2756cff0477/transformed/android-maps-utils-2.4.0/AndroidManifest.xml:9:5-13:19
MERGED from [com.google.maps.android:android-maps-utils:2.4.0] /Users/gtesen/.gradle/caches/8.14.3/transforms/8bbd3c4444a09a6cd435f2756cff0477/transformed/android-maps-utils-2.4.0/AndroidManifest.xml:9:5-13:19
MERGED from [com.google.android.play:core-common:2.0.3] /Users/gtesen/.gradle/caches/8.14.3/transforms/52bc9452c7e3e41704bbb736d0fee324/transformed/core-common-2.0.3/AndroidManifest.xml:11:5-19:19
MERGED from [com.google.android.play:core-common:2.0.3] /Users/gtesen/.gradle/caches/8.14.3/transforms/52bc9452c7e3e41704bbb736d0fee324/transformed/core-common-2.0.3/AndroidManifest.xml:11:5-19:19
	android:extractNativeLibs
		INJECTED from /Users/gtesen/Desktop/aplicacion_busmap/frontend-busmap/app/src/main/AndroidManifest.xml
	android:roundIcon
		ADDED from /Users/gtesen/Desktop/aplicacion_busmap/frontend-busmap/app/src/main/AndroidManifest.xml:19:9-54
	android:icon
		ADDED from /Users/gtesen/Desktop/aplicacion_busmap/frontend-busmap/app/src/main/AndroidManifest.xml:17:9-43
	android:appComponentFactory
		ADDED from [androidx.core:core:1.17.0] /Users/gtesen/.gradle/caches/8.14.3/transforms/dc9151437d2473234c9e3798a653da8c/transformed/core-1.17.0/AndroidManifest.xml:28:18-86
	android:supportsRtl
		ADDED from /Users/gtesen/Desktop/aplicacion_busmap/frontend-busmap/app/src/main/AndroidManifest.xml:20:9-35
	android:label
		ADDED from /Users/gtesen/Desktop/aplicacion_busmap/frontend-busmap/app/src/main/AndroidManifest.xml:18:9-41
	android:fullBackupContent
		ADDED from /Users/gtesen/Desktop/aplicacion_busmap/frontend-busmap/app/src/main/AndroidManifest.xml:16:9-54
	tools:targetApi
		ADDED from /Users/gtesen/Desktop/aplicacion_busmap/frontend-busmap/app/src/main/AndroidManifest.xml:23:9-29
	android:allowBackup
		ADDED from /Users/gtesen/Desktop/aplicacion_busmap/frontend-busmap/app/src/main/AndroidManifest.xml:13:9-35
	android:theme
		ADDED from /Users/gtesen/Desktop/aplicacion_busmap/frontend-busmap/app/src/main/AndroidManifest.xml:21:9-47
	android:enableOnBackInvokedCallback
		ADDED from /Users/gtesen/Desktop/aplicacion_busmap/frontend-busmap/app/src/main/AndroidManifest.xml:15:9-51
	android:dataExtractionRules
		ADDED from /Users/gtesen/Desktop/aplicacion_busmap/frontend-busmap/app/src/main/AndroidManifest.xml:14:9-65
	android:usesCleartextTraffic
		ADDED from /Users/gtesen/Desktop/aplicacion_busmap/frontend-busmap/app/src/main/AndroidManifest.xml:22:9-44
	android:name
		ADDED from /Users/gtesen/Desktop/aplicacion_busmap/frontend-busmap/app/src/main/AndroidManifest.xml:12:9-28
meta-data#com.google.android.geo.API_KEY
ADDED from /Users/gtesen/Desktop/aplicacion_busmap/frontend-busmap/app/src/main/AndroidManifest.xml:24:9-26:71
	android:value
		ADDED from /Users/gtesen/Desktop/aplicacion_busmap/frontend-busmap/app/src/main/AndroidManifest.xml:26:13-68
	android:name
		ADDED from /Users/gtesen/Desktop/aplicacion_busmap/frontend-busmap/app/src/main/AndroidManifest.xml:25:13-58
activity#com.example.app_rutas.ui.activity.MainActivity
ADDED from /Users/gtesen/Desktop/aplicacion_busmap/frontend-busmap/app/src/main/AndroidManifest.xml:27:9-30:40
	android:exported
		ADDED from /Users/gtesen/Desktop/aplicacion_busmap/frontend-busmap/app/src/main/AndroidManifest.xml:30:13-37
	android:windowDisablePreview
		ADDED from /Users/gtesen/Desktop/aplicacion_busmap/frontend-busmap/app/src/main/AndroidManifest.xml:29:13-48
	android:name
		ADDED from /Users/gtesen/Desktop/aplicacion_busmap/frontend-busmap/app/src/main/AndroidManifest.xml:28:13-53
activity#com.example.app_rutas.ui.LoginActivity
ADDED from /Users/gtesen/Desktop/aplicacion_busmap/frontend-busmap/app/src/main/AndroidManifest.xml:31:9-33:40
	android:exported
		ADDED from /Users/gtesen/Desktop/aplicacion_busmap/frontend-busmap/app/src/main/AndroidManifest.xml:33:13-37
	android:name
		ADDED from /Users/gtesen/Desktop/aplicacion_busmap/frontend-busmap/app/src/main/AndroidManifest.xml:32:13-45
activity#com.example.app_rutas.ui.RegisterActivity
ADDED from /Users/gtesen/Desktop/aplicacion_busmap/frontend-busmap/app/src/main/AndroidManifest.xml:35:9-37:40
	android:exported
		ADDED from /Users/gtesen/Desktop/aplicacion_busmap/frontend-busmap/app/src/main/AndroidManifest.xml:37:13-37
	android:name
		ADDED from /Users/gtesen/Desktop/aplicacion_busmap/frontend-busmap/app/src/main/AndroidManifest.xml:36:13-48
activity#com.example.app_rutas.ui.StartActivity
ADDED from /Users/gtesen/Desktop/aplicacion_busmap/frontend-busmap/app/src/main/AndroidManifest.xml:39:9-47:20
	android:exported
		ADDED from /Users/gtesen/Desktop/aplicacion_busmap/frontend-busmap/app/src/main/AndroidManifest.xml:41:13-36
	android:theme
		ADDED from /Users/gtesen/Desktop/aplicacion_busmap/frontend-busmap/app/src/main/AndroidManifest.xml:42:13-60
	android:name
		ADDED from /Users/gtesen/Desktop/aplicacion_busmap/frontend-busmap/app/src/main/AndroidManifest.xml:40:13-45
intent-filter#action:name:android.intent.action.MAIN+category:name:android.intent.category.LAUNCHER
ADDED from /Users/gtesen/Desktop/aplicacion_busmap/frontend-busmap/app/src/main/AndroidManifest.xml:43:13-46:29
action#android.intent.action.MAIN
ADDED from /Users/gtesen/Desktop/aplicacion_busmap/frontend-busmap/app/src/main/AndroidManifest.xml:44:17-69
	android:name
		ADDED from /Users/gtesen/Desktop/aplicacion_busmap/frontend-busmap/app/src/main/AndroidManifest.xml:44:25-66
category#android.intent.category.LAUNCHER
ADDED from /Users/gtesen/Desktop/aplicacion_busmap/frontend-busmap/app/src/main/AndroidManifest.xml:45:17-77
	android:name
		ADDED from /Users/gtesen/Desktop/aplicacion_busmap/frontend-busmap/app/src/main/AndroidManifest.xml:45:27-74
uses-sdk
INJECTED from /Users/gtesen/Desktop/aplicacion_busmap/frontend-busmap/app/src/main/AndroidManifest.xml reason: use-sdk injection requested
INJECTED from /Users/gtesen/Desktop/aplicacion_busmap/frontend-busmap/app/src/main/AndroidManifest.xml
INJECTED from /Users/gtesen/Desktop/aplicacion_busmap/frontend-busmap/app/src/main/AndroidManifest.xml
MERGED from [com.google.android.libraries.places:places:4.4.1] /Users/gtesen/.gradle/caches/8.14.3/transforms/e02fa059f2e644182398b8fc61e27665/transformed/places-4.4.1/AndroidManifest.xml:7:5-9:41
MERGED from [com.google.android.libraries.places:places:4.4.1] /Users/gtesen/.gradle/caches/8.14.3/transforms/e02fa059f2e644182398b8fc61e27665/transformed/places-4.4.1/AndroidManifest.xml:7:5-9:41
MERGED from [com.google.android.gms:play-services-maps:19.2.0] /Users/gtesen/.gradle/caches/8.14.3/transforms/8aff53bc460636bf233e8aacaf15b7dd/transformed/play-services-maps-19.2.0/AndroidManifest.xml:26:5-43
MERGED from [com.google.android.gms:play-services-maps:19.2.0] /Users/gtesen/.gradle/caches/8.14.3/transforms/8aff53bc460636bf233e8aacaf15b7dd/transformed/play-services-maps-19.2.0/AndroidManifest.xml:26:5-43
MERGED from [com.google.android.material:material:1.12.0] /Users/gtesen/.gradle/caches/8.14.3/transforms/bd19958c989865190d217b7c65793240/transformed/material-1.12.0/AndroidManifest.xml:20:5-44
MERGED from [com.google.android.material:material:1.12.0] /Users/gtesen/.gradle/caches/8.14.3/transforms/bd19958c989865190d217b7c65793240/transformed/material-1.12.0/AndroidManifest.xml:20:5-44
MERGED from [androidx.constraintlayout:constraintlayout:2.2.1] /Users/gtesen/.gradle/caches/8.14.3/transforms/df9e2436470c77e795dba0221e222c96/transformed/constraintlayout-2.2.1/AndroidManifest.xml:5:5-44
MERGED from [androidx.constraintlayout:constraintlayout:2.2.1] /Users/gtesen/.gradle/caches/8.14.3/transforms/df9e2436470c77e795dba0221e222c96/transformed/constraintlayout-2.2.1/AndroidManifest.xml:5:5-44
MERGED from [io.coil-kt:coil:2.7.0] /Users/gtesen/.gradle/caches/8.14.3/transforms/104d6cadd3046851f7594cc81ddf4fb2/transformed/coil-2.7.0/AndroidManifest.xml:5:5-44
MERGED from [io.coil-kt:coil:2.7.0] /Users/gtesen/.gradle/caches/8.14.3/transforms/104d6cadd3046851f7594cc81ddf4fb2/transformed/coil-2.7.0/AndroidManifest.xml:5:5-44
MERGED from [io.coil-kt:coil-base:2.7.0] /Users/gtesen/.gradle/caches/8.14.3/transforms/4f4bbb757b7646883ff750963546d8a4/transformed/coil-base-2.7.0/AndroidManifest.xml:5:5-44
MERGED from [io.coil-kt:coil-base:2.7.0] /Users/gtesen/.gradle/caches/8.14.3/transforms/4f4bbb757b7646883ff750963546d8a4/transformed/coil-base-2.7.0/AndroidManifest.xml:5:5-44
MERGED from [androidx.appcompat:appcompat-resources:1.7.1] /Users/gtesen/.gradle/caches/8.14.3/transforms/37b5415420addcf22f2f43f1c86e2033/transformed/appcompat-resources-1.7.1/AndroidManifest.xml:5:5-44
MERGED from [androidx.appcompat:appcompat-resources:1.7.1] /Users/gtesen/.gradle/caches/8.14.3/transforms/37b5415420addcf22f2f43f1c86e2033/transformed/appcompat-resources-1.7.1/AndroidManifest.xml:5:5-44
MERGED from [androidx.appcompat:appcompat:1.7.1] /Users/gtesen/.gradle/caches/8.14.3/transforms/2093e59a678c692f6a38d6e1c73b1aa6/transformed/appcompat-1.7.1/AndroidManifest.xml:5:5-44
MERGED from [androidx.appcompat:appcompat:1.7.1] /Users/gtesen/.gradle/caches/8.14.3/transforms/2093e59a678c692f6a38d6e1c73b1aa6/transformed/appcompat-1.7.1/AndroidManifest.xml:5:5-44
MERGED from [com.google.firebase:firebase-storage:22.0.0] /Users/gtesen/.gradle/caches/8.14.3/transforms/0300d32c8d28c9a6b63735e1beb9e492/transformed/firebase-storage-22.0.0/AndroidManifest.xml:19:5-44
MERGED from [com.google.firebase:firebase-storage:22.0.0] /Users/gtesen/.gradle/caches/8.14.3/transforms/0300d32c8d28c9a6b63735e1beb9e492/transformed/firebase-storage-22.0.0/AndroidManifest.xml:19:5-44
MERGED from [com.google.android.gms:play-services-location:21.3.0] /Users/gtesen/.gradle/caches/8.14.3/transforms/3fdbe1c4e10f571dd8fb8c595808c023/transformed/play-services-location-21.3.0/AndroidManifest.xml:4:5-44
MERGED from [com.google.android.gms:play-services-location:21.3.0] /Users/gtesen/.gradle/caches/8.14.3/transforms/3fdbe1c4e10f571dd8fb8c595808c023/transformed/play-services-location-21.3.0/AndroidManifest.xml:4:5-44
MERGED from [com.google.firebase:firebase-database-ktx:21.0.0] /Users/gtesen/.gradle/caches/8.14.3/transforms/476afaac2f7bff789d982565bdec6e84/transformed/firebase-database-ktx-21.0.0/AndroidManifest.xml:5:5-44
MERGED from [com.google.firebase:firebase-database-ktx:21.0.0] /Users/gtesen/.gradle/caches/8.14.3/transforms/476afaac2f7bff789d982565bdec6e84/transformed/firebase-database-ktx-21.0.0/AndroidManifest.xml:5:5-44
MERGED from [com.google.firebase:firebase-database:21.0.0] /Users/gtesen/.gradle/caches/8.14.3/transforms/14d900cdb44ed51cd009acb19a15b85d/transformed/firebase-database-21.0.0/AndroidManifest.xml:18:5-44
MERGED from [com.google.firebase:firebase-database:21.0.0] /Users/gtesen/.gradle/caches/8.14.3/transforms/14d900cdb44ed51cd009acb19a15b85d/transformed/firebase-database-21.0.0/AndroidManifest.xml:18:5-44
MERGED from [com.google.firebase:firebase-appcheck:18.0.0] /Users/gtesen/.gradle/caches/8.14.3/transforms/8b2613de06d332d858e73cc1dd9ee748/transformed/firebase-appcheck-18.0.0/AndroidManifest.xml:18:5-44
MERGED from [com.google.firebase:firebase-appcheck:18.0.0] /Users/gtesen/.gradle/caches/8.14.3/transforms/8b2613de06d332d858e73cc1dd9ee748/transformed/firebase-appcheck-18.0.0/AndroidManifest.xml:18:5-44
MERGED from [com.google.firebase:firebase-auth-ktx:23.2.1] /Users/gtesen/.gradle/caches/8.14.3/transforms/c4b4de1505db2b5d5d14633f399108a8/transformed/firebase-auth-ktx-23.2.1/AndroidManifest.xml:5:5-44
MERGED from [com.google.firebase:firebase-auth-ktx:23.2.1] /Users/gtesen/.gradle/caches/8.14.3/transforms/c4b4de1505db2b5d5d14633f399108a8/transformed/firebase-auth-ktx-23.2.1/AndroidManifest.xml:5:5-44
MERGED from [com.google.firebase:firebase-auth:23.2.1] /Users/gtesen/.gradle/caches/8.14.3/transforms/3cd2e605938f2d856df0eb89b1553e65/transformed/firebase-auth-23.2.1/AndroidManifest.xml:21:5-23:151
MERGED from [com.google.firebase:firebase-auth:23.2.1] /Users/gtesen/.gradle/caches/8.14.3/transforms/3cd2e605938f2d856df0eb89b1553e65/transformed/firebase-auth-23.2.1/AndroidManifest.xml:21:5-23:151
MERGED from [com.google.firebase:firebase-appcheck-interop:17.1.0] /Users/gtesen/.gradle/caches/8.14.3/transforms/376870df56929d11604b02137e699dc3/transformed/firebase-appcheck-interop-17.1.0/AndroidManifest.xml:18:5-44
MERGED from [com.google.firebase:firebase-appcheck-interop:17.1.0] /Users/gtesen/.gradle/caches/8.14.3/transforms/376870df56929d11604b02137e699dc3/transformed/firebase-appcheck-interop-17.1.0/AndroidManifest.xml:18:5-44
MERGED from [androidx.credentials:credentials:1.2.0-rc01] /Users/gtesen/.gradle/caches/8.14.3/transforms/1ae09923f3dde3bb0b561c59a87a3e69/transformed/credentials-1.2.0-rc01/AndroidManifest.xml:5:5-44
MERGED from [androidx.credentials:credentials:1.2.0-rc01] /Users/gtesen/.gradle/caches/8.14.3/transforms/1ae09923f3dde3bb0b561c59a87a3e69/transformed/credentials-1.2.0-rc01/AndroidManifest.xml:5:5-44
MERGED from [androidx.credentials:credentials-play-services-auth:1.2.0-rc01] /Users/gtesen/.gradle/caches/8.14.3/transforms/a9158e1934b1ccb3dadcb8af1e4199e5/transformed/credentials-play-services-auth-1.2.0-rc01/AndroidManifest.xml:21:5-44
MERGED from [androidx.credentials:credentials-play-services-auth:1.2.0-rc01] /Users/gtesen/.gradle/caches/8.14.3/transforms/a9158e1934b1ccb3dadcb8af1e4199e5/transformed/credentials-play-services-auth-1.2.0-rc01/AndroidManifest.xml:21:5-44
MERGED from [com.google.android.gms:play-services-auth:20.7.0] /Users/gtesen/.gradle/caches/8.14.3/transforms/751cd99c404e85f15b9931c83059a10e/transformed/play-services-auth-20.7.0/AndroidManifest.xml:20:5-44
MERGED from [com.google.android.gms:play-services-auth:20.7.0] /Users/gtesen/.gradle/caches/8.14.3/transforms/751cd99c404e85f15b9931c83059a10e/transformed/play-services-auth-20.7.0/AndroidManifest.xml:20:5-44
MERGED from [com.google.android.gms:play-services-auth-api-phone:18.0.2] /Users/gtesen/.gradle/caches/8.14.3/transforms/122bb784feb1ef2590970d60dae6cedc/transformed/play-services-auth-api-phone-18.0.2/AndroidManifest.xml:5:5-44
MERGED from [com.google.android.gms:play-services-auth-api-phone:18.0.2] /Users/gtesen/.gradle/caches/8.14.3/transforms/122bb784feb1ef2590970d60dae6cedc/transformed/play-services-auth-api-phone-18.0.2/AndroidManifest.xml:5:5-44
MERGED from [com.google.firebase:firebase-database-collection:18.0.1] /Users/gtesen/.gradle/caches/8.14.3/transforms/f4ff8936c83f141c47a05a930fa66ee4/transformed/firebase-database-collection-18.0.1/AndroidManifest.xml:5:5-7:41
MERGED from [com.google.firebase:firebase-database-collection:18.0.1] /Users/gtesen/.gradle/caches/8.14.3/transforms/f4ff8936c83f141c47a05a930fa66ee4/transformed/firebase-database-collection-18.0.1/AndroidManifest.xml:5:5-7:41
MERGED from [com.google.android.gms:play-services-fido:20.1.0] /Users/gtesen/.gradle/caches/8.14.3/transforms/ef2c908082ca71bf38d811842ae9a30c/transformed/play-services-fido-20.1.0/AndroidManifest.xml:5:5-44
MERGED from [com.google.android.gms:play-services-fido:20.1.0] /Users/gtesen/.gradle/caches/8.14.3/transforms/ef2c908082ca71bf38d811842ae9a30c/transformed/play-services-fido-20.1.0/AndroidManifest.xml:5:5-44
MERGED from [com.google.android.gms:play-services-auth-base:18.0.4] /Users/gtesen/.gradle/caches/8.14.3/transforms/d4eef42d2d16002a876464770598c881/transformed/play-services-auth-base-18.0.4/AndroidManifest.xml:5:5-44
MERGED from [com.google.android.gms:play-services-auth-base:18.0.4] /Users/gtesen/.gradle/caches/8.14.3/transforms/d4eef42d2d16002a876464770598c881/transformed/play-services-auth-base-18.0.4/AndroidManifest.xml:5:5-44
MERGED from [com.google.android.gms:play-services-base:18.5.0] /Users/gtesen/.gradle/caches/8.14.3/transforms/3418c3905e30a96832fbb41b08116988/transformed/play-services-base-18.5.0/AndroidManifest.xml:3:5-44
MERGED from [com.google.android.gms:play-services-base:18.5.0] /Users/gtesen/.gradle/caches/8.14.3/transforms/3418c3905e30a96832fbb41b08116988/transformed/play-services-base-18.5.0/AndroidManifest.xml:3:5-44
MERGED from [com.google.firebase:firebase-common-ktx:21.0.0] /Users/gtesen/.gradle/caches/8.14.3/transforms/bcd13d91ffeae9529bee554c515c4749/transformed/firebase-common-ktx-21.0.0/AndroidManifest.xml:5:5-44
MERGED from [com.google.firebase:firebase-common-ktx:21.0.0] /Users/gtesen/.gradle/caches/8.14.3/transforms/bcd13d91ffeae9529bee554c515c4749/transformed/firebase-common-ktx-21.0.0/AndroidManifest.xml:5:5-44
MERGED from [com.google.firebase:firebase-auth-interop:20.0.0] /Users/gtesen/.gradle/caches/8.14.3/transforms/186089ac1e50c35298446e72c71184a4/transformed/firebase-auth-interop-20.0.0/AndroidManifest.xml:5:5-44
MERGED from [com.google.firebase:firebase-auth-interop:20.0.0] /Users/gtesen/.gradle/caches/8.14.3/transforms/186089ac1e50c35298446e72c71184a4/transformed/firebase-auth-interop-20.0.0/AndroidManifest.xml:5:5-44
MERGED from [com.google.firebase:firebase-common:22.0.0] /Users/gtesen/.gradle/caches/8.14.3/transforms/ba6e888e91db507a39cd0a493b112a1c/transformed/firebase-common-22.0.0/AndroidManifest.xml:19:5-44
MERGED from [com.google.firebase:firebase-common:22.0.0] /Users/gtesen/.gradle/caches/8.14.3/transforms/ba6e888e91db507a39cd0a493b112a1c/transformed/firebase-common-22.0.0/AndroidManifest.xml:19:5-44
MERGED from [androidx.activity:activity-ktx:1.10.1] /Users/gtesen/.gradle/caches/8.14.3/transforms/2af0a7c21cd1d97019d343a574307a7f/transformed/activity-ktx-1.10.1/AndroidManifest.xml:5:5-44
MERGED from [androidx.activity:activity-ktx:1.10.1] /Users/gtesen/.gradle/caches/8.14.3/transforms/2af0a7c21cd1d97019d343a574307a7f/transformed/activity-ktx-1.10.1/AndroidManifest.xml:5:5-44
MERGED from [androidx.activity:activity:1.10.1] /Users/gtesen/.gradle/caches/8.14.3/transforms/bba8aa02134027051446a0e867678c4a/transformed/activity-1.10.1/AndroidManifest.xml:20:5-44
MERGED from [androidx.activity:activity:1.10.1] /Users/gtesen/.gradle/caches/8.14.3/transforms/bba8aa02134027051446a0e867678c4a/transformed/activity-1.10.1/AndroidManifest.xml:20:5-44
MERGED from [androidx.work:work-runtime-ktx:2.10.3] /Users/gtesen/.gradle/caches/8.14.3/transforms/f18f8b006e6f091765a93d0106787778/transformed/work-runtime-ktx-2.10.3/AndroidManifest.xml:20:5-44
MERGED from [androidx.work:work-runtime-ktx:2.10.3] /Users/gtesen/.gradle/caches/8.14.3/transforms/f18f8b006e6f091765a93d0106787778/transformed/work-runtime-ktx-2.10.3/AndroidManifest.xml:20:5-44
MERGED from [androidx.work:work-runtime:2.10.3] /Users/gtesen/.gradle/caches/8.14.3/transforms/4415b078d78ed3f8ae330b6ef4be3957/transformed/work-runtime-2.10.3/AndroidManifest.xml:21:5-44
MERGED from [androidx.work:work-runtime:2.10.3] /Users/gtesen/.gradle/caches/8.14.3/transforms/4415b078d78ed3f8ae330b6ef4be3957/transformed/work-runtime-2.10.3/AndroidManifest.xml:21:5-44
MERGED from [androidx.viewpager2:viewpager2:1.1.0] /Users/gtesen/.gradle/caches/8.14.3/transforms/0bf6de760accba71767d3447cefff61e/transformed/viewpager2-1.1.0/AndroidManifest.xml:5:5-44
MERGED from [androidx.viewpager2:viewpager2:1.1.0] /Users/gtesen/.gradle/caches/8.14.3/transforms/0bf6de760accba71767d3447cefff61e/transformed/viewpager2-1.1.0/AndroidManifest.xml:5:5-44
MERGED from [androidx.recyclerview:recyclerview:1.3.2] /Users/gtesen/.gradle/caches/8.14.3/transforms/1d1b7319701f9c2f2999f9144f097a23/transformed/recyclerview-1.3.2/AndroidManifest.xml:20:5-44
MERGED from [androidx.recyclerview:recyclerview:1.3.2] /Users/gtesen/.gradle/caches/8.14.3/transforms/1d1b7319701f9c2f2999f9144f097a23/transformed/recyclerview-1.3.2/AndroidManifest.xml:20:5-44
MERGED from [androidx.customview:customview-poolingcontainer:1.0.0] /Users/gtesen/.gradle/caches/8.14.3/transforms/df10a15c8c91c6a085b4d08801a31596/transformed/customview-poolingcontainer-1.0.0/AndroidManifest.xml:20:5-21:38
MERGED from [androidx.customview:customview-poolingcontainer:1.0.0] /Users/gtesen/.gradle/caches/8.14.3/transforms/df10a15c8c91c6a085b4d08801a31596/transformed/customview-poolingcontainer-1.0.0/AndroidManifest.xml:20:5-21:38
MERGED from [androidx.emoji2:emoji2-views-helper:1.3.0] /Users/gtesen/.gradle/caches/8.14.3/transforms/238bd3b17b6725f2e60920731c9dc916/transformed/emoji2-views-helper-1.3.0/AndroidManifest.xml:5:5-44
MERGED from [androidx.emoji2:emoji2-views-helper:1.3.0] /Users/gtesen/.gradle/caches/8.14.3/transforms/238bd3b17b6725f2e60920731c9dc916/transformed/emoji2-views-helper-1.3.0/AndroidManifest.xml:5:5-44
MERGED from [androidx.emoji2:emoji2:1.3.0] /Users/gtesen/.gradle/caches/8.14.3/transforms/9bedb642ea6b3ec8092f1a33750d08f7/transformed/emoji2-1.3.0/AndroidManifest.xml:21:5-44
MERGED from [androidx.emoji2:emoji2:1.3.0] /Users/gtesen/.gradle/caches/8.14.3/transforms/9bedb642ea6b3ec8092f1a33750d08f7/transformed/emoji2-1.3.0/AndroidManifest.xml:21:5-44
MERGED from [androidx.lifecycle:lifecycle-service:2.9.2] /Users/gtesen/.gradle/caches/8.14.3/transforms/fbdfedb379bdf60c618fa8b3c13b6031/transformed/lifecycle-service-2.9.2/AndroidManifest.xml:5:5-44
MERGED from [androidx.lifecycle:lifecycle-service:2.9.2] /Users/gtesen/.gradle/caches/8.14.3/transforms/fbdfedb379bdf60c618fa8b3c13b6031/transformed/lifecycle-service-2.9.2/AndroidManifest.xml:5:5-44
MERGED from [androidx.lifecycle:lifecycle-livedata-core:2.9.2] /Users/gtesen/.gradle/caches/8.14.3/transforms/c63d7fc3a9a9a026390556a051fa05ab/transformed/lifecycle-livedata-core-2.9.2/AndroidManifest.xml:20:5-44
MERGED from [androidx.lifecycle:lifecycle-livedata-core:2.9.2] /Users/gtesen/.gradle/caches/8.14.3/transforms/c63d7fc3a9a9a026390556a051fa05ab/transformed/lifecycle-livedata-core-2.9.2/AndroidManifest.xml:20:5-44
MERGED from [androidx.savedstate:savedstate-ktx:1.3.1] /Users/gtesen/.gradle/caches/8.14.3/transforms/2e1efcd18827bdcc40f6c4860b4d6889/transformed/savedstate-ktx-1.3.1/AndroidManifest.xml:5:5-44
MERGED from [androidx.savedstate:savedstate-ktx:1.3.1] /Users/gtesen/.gradle/caches/8.14.3/transforms/2e1efcd18827bdcc40f6c4860b4d6889/transformed/savedstate-ktx-1.3.1/AndroidManifest.xml:5:5-44
MERGED from [androidx.savedstate:savedstate-android:1.3.1] /Users/gtesen/.gradle/caches/8.14.3/transforms/886f50c966c012483ace7afddc771e82/transformed/savedstate-release/AndroidManifest.xml:20:5-44
MERGED from [androidx.savedstate:savedstate-android:1.3.1] /Users/gtesen/.gradle/caches/8.14.3/transforms/886f50c966c012483ace7afddc771e82/transformed/savedstate-release/AndroidManifest.xml:20:5-44
MERGED from [androidx.lifecycle:lifecycle-process:2.9.2] /Users/gtesen/.gradle/caches/8.14.3/transforms/1e1e657af00729eeee1265aeb2cc01cf/transformed/lifecycle-process-2.9.2/AndroidManifest.xml:21:5-44
MERGED from [androidx.lifecycle:lifecycle-process:2.9.2] /Users/gtesen/.gradle/caches/8.14.3/transforms/1e1e657af00729eeee1265aeb2cc01cf/transformed/lifecycle-process-2.9.2/AndroidManifest.xml:21:5-44
MERGED from [androidx.lifecycle:lifecycle-viewmodel-savedstate-android:2.9.2] /Users/gtesen/.gradle/caches/8.14.3/transforms/3cf07bd3d2fb23a7ba17e9ac1ad7097d/transformed/lifecycle-viewmodel-savedstate-release/AndroidManifest.xml:20:5-44
MERGED from [androidx.lifecycle:lifecycle-viewmodel-savedstate-android:2.9.2] /Users/gtesen/.gradle/caches/8.14.3/transforms/3cf07bd3d2fb23a7ba17e9ac1ad7097d/transformed/lifecycle-viewmodel-savedstate-release/AndroidManifest.xml:20:5-44
MERGED from [androidx.core:core-ktx:1.17.0] /Users/gtesen/.gradle/caches/8.14.3/transforms/3850b4fdedc2edf88f3d57c7cb066278/transformed/core-ktx-1.17.0/AndroidManifest.xml:5:5-44
MERGED from [androidx.core:core-ktx:1.17.0] /Users/gtesen/.gradle/caches/8.14.3/transforms/3850b4fdedc2edf88f3d57c7cb066278/transformed/core-ktx-1.17.0/AndroidManifest.xml:5:5-44
MERGED from [org.chromium.net:cronet-embedded:119.6045.31] /Users/gtesen/.gradle/caches/8.14.3/transforms/edee71ba2a64320e122f12b310228f8a/transformed/cronet-embedded-119.6045.31/AndroidManifest.xml:18:6-75
MERGED from [org.chromium.net:cronet-embedded:119.6045.31] /Users/gtesen/.gradle/caches/8.14.3/transforms/edee71ba2a64320e122f12b310228f8a/transformed/cronet-embedded-119.6045.31/AndroidManifest.xml:18:6-75
MERGED from [androidx.swiperefreshlayout:swiperefreshlayout:1.1.0] /Users/gtesen/.gradle/caches/8.14.3/transforms/7fe5594301ef40fd35b84cb6609386e4/transformed/swiperefreshlayout-1.1.0/AndroidManifest.xml:20:5-22:41
MERGED from [androidx.swiperefreshlayout:swiperefreshlayout:1.1.0] /Users/gtesen/.gradle/caches/8.14.3/transforms/7fe5594301ef40fd35b84cb6609386e4/transformed/swiperefreshlayout-1.1.0/AndroidManifest.xml:20:5-22:41
MERGED from [androidx.coordinatorlayout:coordinatorlayout:1.1.0] /Users/gtesen/.gradle/caches/8.14.3/transforms/bbe3e5a7a0ecf3feb4759b3eb635a6eb/transformed/coordinatorlayout-1.1.0/AndroidManifest.xml:20:5-22:41
MERGED from [androidx.coordinatorlayout:coordinatorlayout:1.1.0] /Users/gtesen/.gradle/caches/8.14.3/transforms/bbe3e5a7a0ecf3feb4759b3eb635a6eb/transformed/coordinatorlayout-1.1.0/AndroidManifest.xml:20:5-22:41
MERGED from [androidx.drawerlayout:drawerlayout:1.1.1] /Users/gtesen/.gradle/caches/8.14.3/transforms/0d790c6940435efe9213a514c6fda210/transformed/drawerlayout-1.1.1/AndroidManifest.xml:20:5-22:41
MERGED from [androidx.drawerlayout:drawerlayout:1.1.1] /Users/gtesen/.gradle/caches/8.14.3/transforms/0d790c6940435efe9213a514c6fda210/transformed/drawerlayout-1.1.1/AndroidManifest.xml:20:5-22:41
MERGED from [androidx.transition:transition:1.5.0] /Users/gtesen/.gradle/caches/8.14.3/transforms/ecb2ede08909e60bb8ad3e6f75c50fe3/transformed/transition-1.5.0/AndroidManifest.xml:5:5-44
MERGED from [androidx.transition:transition:1.5.0] /Users/gtesen/.gradle/caches/8.14.3/transforms/ecb2ede08909e60bb8ad3e6f75c50fe3/transformed/transition-1.5.0/AndroidManifest.xml:5:5-44
MERGED from [androidx.dynamicanimation:dynamicanimation:1.0.0] /Users/gtesen/.gradle/caches/8.14.3/transforms/25fc25b15ea6b43c2af01df75bd8b8c5/transformed/dynamicanimation-1.0.0/AndroidManifest.xml:20:5-44
MERGED from [androidx.dynamicanimation:dynamicanimation:1.0.0] /Users/gtesen/.gradle/caches/8.14.3/transforms/25fc25b15ea6b43c2af01df75bd8b8c5/transformed/dynamicanimation-1.0.0/AndroidManifest.xml:20:5-44
MERGED from [com.github.bumptech.glide:glide:4.11.0] /Users/gtesen/.gradle/caches/8.14.3/transforms/9cccfa341e40c4ef8e0a43b071404749/transformed/glide-4.11.0/AndroidManifest.xml:6:5-8:41
MERGED from [com.github.bumptech.glide:glide:4.11.0] /Users/gtesen/.gradle/caches/8.14.3/transforms/9cccfa341e40c4ef8e0a43b071404749/transformed/glide-4.11.0/AndroidManifest.xml:6:5-8:41
MERGED from [androidx.vectordrawable:vectordrawable-animated:1.1.0] /Users/gtesen/.gradle/caches/8.14.3/transforms/7b874790044da7384d7fd6570ba315dc/transformed/vectordrawable-animated-1.1.0/AndroidManifest.xml:20:5-22:41
MERGED from [androidx.vectordrawable:vectordrawable-animated:1.1.0] /Users/gtesen/.gradle/caches/8.14.3/transforms/7b874790044da7384d7fd6570ba315dc/transformed/vectordrawable-animated-1.1.0/AndroidManifest.xml:20:5-22:41
MERGED from [androidx.vectordrawable:vectordrawable:1.1.0] /Users/gtesen/.gradle/caches/8.14.3/transforms/bf1a01e23fd09b08cfd9898553823993/transformed/vectordrawable-1.1.0/AndroidManifest.xml:20:5-22:41
MERGED from [androidx.vectordrawable:vectordrawable:1.1.0] /Users/gtesen/.gradle/caches/8.14.3/transforms/bf1a01e23fd09b08cfd9898553823993/transformed/vectordrawable-1.1.0/AndroidManifest.xml:20:5-22:41
MERGED from [androidx.viewpager:viewpager:1.0.0] /Users/gtesen/.gradle/caches/8.14.3/transforms/b585c77cbf477f9f073e4729f94b575a/transformed/viewpager-1.0.0/AndroidManifest.xml:20:5-44
MERGED from [androidx.viewpager:viewpager:1.0.0] /Users/gtesen/.gradle/caches/8.14.3/transforms/b585c77cbf477f9f073e4729f94b575a/transformed/viewpager-1.0.0/AndroidManifest.xml:20:5-44
MERGED from [androidx.customview:customview:1.1.0] /Users/gtesen/.gradle/caches/8.14.3/transforms/8091d846e612d9db133c6db1c9ca4e50/transformed/customview-1.1.0/AndroidManifest.xml:20:5-22:41
MERGED from [androidx.customview:customview:1.1.0] /Users/gtesen/.gradle/caches/8.14.3/transforms/8091d846e612d9db133c6db1c9ca4e50/transformed/customview-1.1.0/AndroidManifest.xml:20:5-22:41
MERGED from [androidx.legacy:legacy-support-core-utils:1.0.0] /Users/gtesen/.gradle/caches/8.14.3/transforms/7580a60b68a046c1ca536dcb95e31f15/transformed/legacy-support-core-utils-1.0.0/AndroidManifest.xml:20:5-44
MERGED from [androidx.legacy:legacy-support-core-utils:1.0.0] /Users/gtesen/.gradle/caches/8.14.3/transforms/7580a60b68a046c1ca536dcb95e31f15/transformed/legacy-support-core-utils-1.0.0/AndroidManifest.xml:20:5-44
MERGED from [androidx.browser:browser:1.4.0] /Users/gtesen/.gradle/caches/8.14.3/transforms/8db7680fad7a1bb9c383e638a9b973b7/transformed/browser-1.4.0/AndroidManifest.xml:20:5-22:41
MERGED from [androidx.browser:browser:1.4.0] /Users/gtesen/.gradle/caches/8.14.3/transforms/8db7680fad7a1bb9c383e638a9b973b7/transformed/browser-1.4.0/AndroidManifest.xml:20:5-22:41
MERGED from [androidx.loader:loader:1.0.0] /Users/gtesen/.gradle/caches/8.14.3/transforms/b75b9745e442559fac1c82594edd27c7/transformed/loader-1.0.0/AndroidManifest.xml:20:5-44
MERGED from [androidx.loader:loader:1.0.0] /Users/gtesen/.gradle/caches/8.14.3/transforms/b75b9745e442559fac1c82594edd27c7/transformed/loader-1.0.0/AndroidManifest.xml:20:5-44
MERGED from [androidx.core:core:1.17.0] /Users/gtesen/.gradle/caches/8.14.3/transforms/dc9151437d2473234c9e3798a653da8c/transformed/core-1.17.0/AndroidManifest.xml:20:5-44
MERGED from [androidx.core:core:1.17.0] /Users/gtesen/.gradle/caches/8.14.3/transforms/dc9151437d2473234c9e3798a653da8c/transformed/core-1.17.0/AndroidManifest.xml:20:5-44
MERGED from [androidx.lifecycle:lifecycle-runtime-android:2.9.2] /Users/gtesen/.gradle/caches/8.14.3/transforms/ca3d290ed5c755efac6c3ecb034afadf/transformed/lifecycle-runtime-release/AndroidManifest.xml:20:5-44
MERGED from [androidx.lifecycle:lifecycle-runtime-android:2.9.2] /Users/gtesen/.gradle/caches/8.14.3/transforms/ca3d290ed5c755efac6c3ecb034afadf/transformed/lifecycle-runtime-release/AndroidManifest.xml:20:5-44
MERGED from [androidx.lifecycle:lifecycle-viewmodel:2.9.2] /Users/gtesen/.gradle/caches/8.14.3/transforms/4d56467c4eeac0b0cfd192189470218c/transformed/lifecycle-viewmodel-2.9.2/AndroidManifest.xml:4:5-43
MERGED from [androidx.lifecycle:lifecycle-viewmodel:2.9.2] /Users/gtesen/.gradle/caches/8.14.3/transforms/4d56467c4eeac0b0cfd192189470218c/transformed/lifecycle-viewmodel-2.9.2/AndroidManifest.xml:4:5-43
MERGED from [androidx.lifecycle:lifecycle-viewmodel-android:2.9.2] /Users/gtesen/.gradle/caches/8.14.3/transforms/5257ac7d83275d65f19b0e86b253ced1/transformed/lifecycle-viewmodel-release/AndroidManifest.xml:20:5-44
MERGED from [androidx.lifecycle:lifecycle-viewmodel-android:2.9.2] /Users/gtesen/.gradle/caches/8.14.3/transforms/5257ac7d83275d65f19b0e86b253ced1/transformed/lifecycle-viewmodel-release/AndroidManifest.xml:20:5-44
MERGED from [androidx.lifecycle:lifecycle-livedata:2.9.2] /Users/gtesen/.gradle/caches/8.14.3/transforms/6e344e9531386d222941ff354183a0ad/transformed/lifecycle-livedata-2.9.2/AndroidManifest.xml:20:5-44
MERGED from [androidx.lifecycle:lifecycle-livedata:2.9.2] /Users/gtesen/.gradle/caches/8.14.3/transforms/6e344e9531386d222941ff354183a0ad/transformed/lifecycle-livedata-2.9.2/AndroidManifest.xml:20:5-44
MERGED from [androidx.lifecycle:lifecycle-livedata-core-ktx:2.9.2] /Users/gtesen/.gradle/caches/8.14.3/transforms/2756f78250dd17ef2cf478c64af64b06/transformed/lifecycle-livedata-core-ktx-2.9.2/AndroidManifest.xml:5:5-44
MERGED from [androidx.lifecycle:lifecycle-livedata-core-ktx:2.9.2] /Users/gtesen/.gradle/caches/8.14.3/transforms/2756f78250dd17ef2cf478c64af64b06/transformed/lifecycle-livedata-core-ktx-2.9.2/AndroidManifest.xml:5:5-44
MERGED from [androidx.lifecycle:lifecycle-runtime-ktx:2.9.2] /Users/gtesen/.gradle/caches/8.14.3/transforms/e7dd32d0b41218e101326aed362ecdf4/transformed/lifecycle-runtime-ktx-2.9.2/AndroidManifest.xml:4:5-43
MERGED from [androidx.lifecycle:lifecycle-runtime-ktx:2.9.2] /Users/gtesen/.gradle/caches/8.14.3/transforms/e7dd32d0b41218e101326aed362ecdf4/transformed/lifecycle-runtime-ktx-2.9.2/AndroidManifest.xml:4:5-43
MERGED from [androidx.lifecycle:lifecycle-runtime-ktx-android:2.9.2] /Users/gtesen/.gradle/caches/8.14.3/transforms/56ee7b3d932e714ce535243bd095ec61/transformed/lifecycle-runtime-ktx/AndroidManifest.xml:5:5-44
MERGED from [androidx.lifecycle:lifecycle-runtime-ktx-android:2.9.2] /Users/gtesen/.gradle/caches/8.14.3/transforms/56ee7b3d932e714ce535243bd095ec61/transformed/lifecycle-runtime-ktx/AndroidManifest.xml:5:5-44
MERGED from [androidx.lifecycle:lifecycle-livedata-ktx:2.9.2] /Users/gtesen/.gradle/caches/8.14.3/transforms/cd2771746c0e9d904bc6f61a9973f3e8/transformed/lifecycle-livedata-ktx-2.9.2/AndroidManifest.xml:5:5-44
MERGED from [androidx.lifecycle:lifecycle-livedata-ktx:2.9.2] /Users/gtesen/.gradle/caches/8.14.3/transforms/cd2771746c0e9d904bc6f61a9973f3e8/transformed/lifecycle-livedata-ktx-2.9.2/AndroidManifest.xml:5:5-44
MERGED from [androidx.room:room-ktx:2.7.2] /Users/gtesen/.gradle/caches/8.14.3/transforms/356255f50df884112a1fafce30497403/transformed/room-ktx-2.7.2/AndroidManifest.xml:20:5-44
MERGED from [androidx.room:room-ktx:2.7.2] /Users/gtesen/.gradle/caches/8.14.3/transforms/356255f50df884112a1fafce30497403/transformed/room-ktx-2.7.2/AndroidManifest.xml:20:5-44
MERGED from [androidx.room:room-runtime-android:2.7.2] /Users/gtesen/.gradle/caches/8.14.3/transforms/a080f2c4722f37c5d575998ed88f8487/transformed/room-runtime-release/AndroidManifest.xml:21:5-44
MERGED from [androidx.room:room-runtime-android:2.7.2] /Users/gtesen/.gradle/caches/8.14.3/transforms/a080f2c4722f37c5d575998ed88f8487/transformed/room-runtime-release/AndroidManifest.xml:21:5-44
MERGED from [androidx.datastore:datastore-core-android:1.1.3] /Users/gtesen/.gradle/caches/8.14.3/transforms/6390ffa56bd96462344e1dbd15d67f76/transformed/datastore-core-release/AndroidManifest.xml:5:5-44
MERGED from [androidx.datastore:datastore-core-android:1.1.3] /Users/gtesen/.gradle/caches/8.14.3/transforms/6390ffa56bd96462344e1dbd15d67f76/transformed/datastore-core-release/AndroidManifest.xml:5:5-44
MERGED from [androidx.datastore:datastore-android:1.1.3] /Users/gtesen/.gradle/caches/8.14.3/transforms/8b9fe1014353295e0f606c8a37aec42a/transformed/datastore-release/AndroidManifest.xml:20:5-44
MERGED from [androidx.datastore:datastore-android:1.1.3] /Users/gtesen/.gradle/caches/8.14.3/transforms/8b9fe1014353295e0f606c8a37aec42a/transformed/datastore-release/AndroidManifest.xml:20:5-44
MERGED from [androidx.datastore:datastore-preferences-android:1.1.3] /Users/gtesen/.gradle/caches/8.14.3/transforms/e37b670fdc0dc3daa0d925fb9a811c34/transformed/datastore-preferences-release/AndroidManifest.xml:20:5-44
MERGED from [androidx.datastore:datastore-preferences-android:1.1.3] /Users/gtesen/.gradle/caches/8.14.3/transforms/e37b670fdc0dc3daa0d925fb9a811c34/transformed/datastore-preferences-release/AndroidManifest.xml:20:5-44
MERGED from [com.google.android.recaptcha:recaptcha:18.6.1] /Users/gtesen/.gradle/caches/8.14.3/transforms/77fced72e6c6cb82041e2c19ce87d255/transformed/recaptcha-18.6.1/AndroidManifest.xml:5:5-44
MERGED from [com.google.android.recaptcha:recaptcha:18.6.1] /Users/gtesen/.gradle/caches/8.14.3/transforms/77fced72e6c6cb82041e2c19ce87d255/transformed/recaptcha-18.6.1/AndroidManifest.xml:5:5-44
MERGED from [com.google.android.play:integrity:1.3.0] /Users/gtesen/.gradle/caches/8.14.3/transforms/d228421af994f91878197fd567298af2/transformed/integrity-1.3.0/AndroidManifest.xml:4:5-44
MERGED from [com.google.android.play:integrity:1.3.0] /Users/gtesen/.gradle/caches/8.14.3/transforms/d228421af994f91878197fd567298af2/transformed/integrity-1.3.0/AndroidManifest.xml:4:5-44
MERGED from [com.google.android.gms:play-services-tasks:18.2.0] /Users/gtesen/.gradle/caches/8.14.3/transforms/687b45d0ab749ad0b2ae9bf57ec14ab8/transformed/play-services-tasks-18.2.0/AndroidManifest.xml:3:5-44
MERGED from [com.google.android.gms:play-services-tasks:18.2.0] /Users/gtesen/.gradle/caches/8.14.3/transforms/687b45d0ab749ad0b2ae9bf57ec14ab8/transformed/play-services-tasks-18.2.0/AndroidManifest.xml:3:5-44
MERGED from [com.google.android.gms:play-services-basement:18.4.0] /Users/gtesen/.gradle/caches/8.14.3/transforms/872ca23f34ca48a07c6ee6fd682933a8/transformed/play-services-basement-18.4.0/AndroidManifest.xml:3:5-44
MERGED from [com.google.android.gms:play-services-basement:18.4.0] /Users/gtesen/.gradle/caches/8.14.3/transforms/872ca23f34ca48a07c6ee6fd682933a8/transformed/play-services-basement-18.4.0/AndroidManifest.xml:3:5-44
MERGED from [androidx.fragment:fragment:1.8.9] /Users/gtesen/.gradle/caches/8.14.3/transforms/47aab1fe894a56e283bb50332e855dfc/transformed/fragment-1.8.9/AndroidManifest.xml:5:5-44
MERGED from [androidx.fragment:fragment:1.8.9] /Users/gtesen/.gradle/caches/8.14.3/transforms/47aab1fe894a56e283bb50332e855dfc/transformed/fragment-1.8.9/AndroidManifest.xml:5:5-44
MERGED from [androidx.fragment:fragment-ktx:1.8.9] /Users/gtesen/.gradle/caches/8.14.3/transforms/183320ed5fb107f33b2220c45d108fea/transformed/fragment-ktx-1.8.9/AndroidManifest.xml:5:5-44
MERGED from [androidx.fragment:fragment-ktx:1.8.9] /Users/gtesen/.gradle/caches/8.14.3/transforms/183320ed5fb107f33b2220c45d108fea/transformed/fragment-ktx-1.8.9/AndroidManifest.xml:5:5-44
MERGED from [androidx.lifecycle:lifecycle-viewmodel-ktx:2.9.2] /Users/gtesen/.gradle/caches/8.14.3/transforms/ac4a4f2dd08cba8d991ba673a51d128c/transformed/lifecycle-viewmodel-ktx-2.9.2/AndroidManifest.xml:5:5-44
MERGED from [androidx.lifecycle:lifecycle-viewmodel-ktx:2.9.2] /Users/gtesen/.gradle/caches/8.14.3/transforms/ac4a4f2dd08cba8d991ba673a51d128c/transformed/lifecycle-viewmodel-ktx-2.9.2/AndroidManifest.xml:5:5-44
MERGED from [androidx.core:core-splashscreen:1.0.1] /Users/gtesen/.gradle/caches/8.14.3/transforms/2919b897ecfe2c2dc872ae759898bdb4/transformed/core-splashscreen-1.0.1/AndroidManifest.xml:20:5-22:41
MERGED from [androidx.core:core-splashscreen:1.0.1] /Users/gtesen/.gradle/caches/8.14.3/transforms/2919b897ecfe2c2dc872ae759898bdb4/transformed/core-splashscreen-1.0.1/AndroidManifest.xml:20:5-22:41
MERGED from [com.google.android.libraries.identity.googleid:googleid:1.1.0] /Users/gtesen/.gradle/caches/8.14.3/transforms/e8ddcf8eb6eb52445665a43c5d53273b/transformed/googleid-1.1.0/AndroidManifest.xml:5:5-44
MERGED from [com.google.android.libraries.identity.googleid:googleid:1.1.0] /Users/gtesen/.gradle/caches/8.14.3/transforms/e8ddcf8eb6eb52445665a43c5d53273b/transformed/googleid-1.1.0/AndroidManifest.xml:5:5-44
MERGED from [androidx.core:core-viewtree:1.0.0] /Users/gtesen/.gradle/caches/8.14.3/transforms/77f35dacb83599809353b3d04649ded9/transformed/core-viewtree-1.0.0/AndroidManifest.xml:5:5-44
MERGED from [androidx.core:core-viewtree:1.0.0] /Users/gtesen/.gradle/caches/8.14.3/transforms/77f35dacb83599809353b3d04649ded9/transformed/core-viewtree-1.0.0/AndroidManifest.xml:5:5-44
MERGED from [androidx.annotation:annotation-experimental:1.4.1] /Users/gtesen/.gradle/caches/8.14.3/transforms/a30b28ef6b3b209f7e9541d3f6cf9504/transformed/annotation-experimental-1.4.1/AndroidManifest.xml:5:5-44
MERGED from [androidx.annotation:annotation-experimental:1.4.1] /Users/gtesen/.gradle/caches/8.14.3/transforms/a30b28ef6b3b209f7e9541d3f6cf9504/transformed/annotation-experimental-1.4.1/AndroidManifest.xml:5:5-44
MERGED from [androidx.profileinstaller:profileinstaller:1.4.0] /Users/gtesen/.gradle/caches/8.14.3/transforms/629ce72d0f6063adf326f449aace05c0/transformed/profileinstaller-1.4.0/AndroidManifest.xml:21:5-44
MERGED from [androidx.profileinstaller:profileinstaller:1.4.0] /Users/gtesen/.gradle/caches/8.14.3/transforms/629ce72d0f6063adf326f449aace05c0/transformed/profileinstaller-1.4.0/AndroidManifest.xml:21:5-44
MERGED from [androidx.startup:startup-runtime:1.1.1] /Users/gtesen/.gradle/caches/8.14.3/transforms/865d974ca94050096152a7bd091901f8/transformed/startup-runtime-1.1.1/AndroidManifest.xml:21:5-23:41
MERGED from [androidx.startup:startup-runtime:1.1.1] /Users/gtesen/.gradle/caches/8.14.3/transforms/865d974ca94050096152a7bd091901f8/transformed/startup-runtime-1.1.1/AndroidManifest.xml:21:5-23:41
MERGED from [androidx.tracing:tracing:1.2.0] /Users/gtesen/.gradle/caches/8.14.3/transforms/73b52bb9664d54d0899e4db3d6031771/transformed/tracing-1.2.0/AndroidManifest.xml:20:5-44
MERGED from [androidx.tracing:tracing:1.2.0] /Users/gtesen/.gradle/caches/8.14.3/transforms/73b52bb9664d54d0899e4db3d6031771/transformed/tracing-1.2.0/AndroidManifest.xml:20:5-44
MERGED from [androidx.tracing:tracing-ktx:1.2.0] /Users/gtesen/.gradle/caches/8.14.3/transforms/c875d9c7c89ffd4705a0908fba29b427/transformed/tracing-ktx-1.2.0/AndroidManifest.xml:20:5-44
MERGED from [androidx.tracing:tracing-ktx:1.2.0] /Users/gtesen/.gradle/caches/8.14.3/transforms/c875d9c7c89ffd4705a0908fba29b427/transformed/tracing-ktx-1.2.0/AndroidManifest.xml:20:5-44
MERGED from [androidx.cardview:cardview:1.0.0] /Users/gtesen/.gradle/caches/8.14.3/transforms/e1c60692c513ab66ab73b2a7f8d39cf2/transformed/cardview-1.0.0/AndroidManifest.xml:20:5-44
MERGED from [androidx.cardview:cardview:1.0.0] /Users/gtesen/.gradle/caches/8.14.3/transforms/e1c60692c513ab66ab73b2a7f8d39cf2/transformed/cardview-1.0.0/AndroidManifest.xml:20:5-44
MERGED from [com.google.android.datatransport:transport-backend-cct:3.2.0] /Users/gtesen/.gradle/caches/8.14.3/transforms/6f6d4c7ee6c7e8fe51b23587fec42149/transformed/transport-backend-cct-3.2.0/AndroidManifest.xml:18:5-44
MERGED from [com.google.android.datatransport:transport-backend-cct:3.2.0] /Users/gtesen/.gradle/caches/8.14.3/transforms/6f6d4c7ee6c7e8fe51b23587fec42149/transformed/transport-backend-cct-3.2.0/AndroidManifest.xml:18:5-44
MERGED from [com.google.android.datatransport:transport-runtime:3.2.0] /Users/gtesen/.gradle/caches/8.14.3/transforms/fcc83ef7a302e876ef36dba39d830db9/transformed/transport-runtime-3.2.0/AndroidManifest.xml:18:5-44
MERGED from [com.google.android.datatransport:transport-runtime:3.2.0] /Users/gtesen/.gradle/caches/8.14.3/transforms/fcc83ef7a302e876ef36dba39d830db9/transformed/transport-runtime-3.2.0/AndroidManifest.xml:18:5-44
MERGED from [com.google.android.datatransport:transport-api:3.1.0] /Users/gtesen/.gradle/caches/8.14.3/transforms/b97df510d0fd476559da625f30446fbd/transformed/transport-api-3.1.0/AndroidManifest.xml:18:5-44
MERGED from [com.google.android.datatransport:transport-api:3.1.0] /Users/gtesen/.gradle/caches/8.14.3/transforms/b97df510d0fd476559da625f30446fbd/transformed/transport-api-3.1.0/AndroidManifest.xml:18:5-44
MERGED from [com.google.firebase:firebase-components:19.0.0] /Users/gtesen/.gradle/caches/8.14.3/transforms/970f71170d66c4285fcb73021f926143/transformed/firebase-components-19.0.0/AndroidManifest.xml:18:5-44
MERGED from [com.google.firebase:firebase-components:19.0.0] /Users/gtesen/.gradle/caches/8.14.3/transforms/970f71170d66c4285fcb73021f926143/transformed/firebase-components-19.0.0/AndroidManifest.xml:18:5-44
MERGED from [androidx.cursoradapter:cursoradapter:1.0.0] /Users/gtesen/.gradle/caches/8.14.3/transforms/d439df45f675714b011d039ac6ab9fdc/transformed/cursoradapter-1.0.0/AndroidManifest.xml:20:5-44
MERGED from [androidx.cursoradapter:cursoradapter:1.0.0] /Users/gtesen/.gradle/caches/8.14.3/transforms/d439df45f675714b011d039ac6ab9fdc/transformed/cursoradapter-1.0.0/AndroidManifest.xml:20:5-44
MERGED from [androidx.interpolator:interpolator:1.0.0] /Users/gtesen/.gradle/caches/8.14.3/transforms/d0eb9e15f41a024d69458e310eff3ac6/transformed/interpolator-1.0.0/AndroidManifest.xml:20:5-44
MERGED from [androidx.interpolator:interpolator:1.0.0] /Users/gtesen/.gradle/caches/8.14.3/transforms/d0eb9e15f41a024d69458e310eff3ac6/transformed/interpolator-1.0.0/AndroidManifest.xml:20:5-44
MERGED from [com.github.bumptech.glide:gifdecoder:4.11.0] /Users/gtesen/.gradle/caches/8.14.3/transforms/9f922624a5fc8ed6be3109cb74cb813c/transformed/gifdecoder-4.11.0/AndroidManifest.xml:5:5-7:41
MERGED from [com.github.bumptech.glide:gifdecoder:4.11.0] /Users/gtesen/.gradle/caches/8.14.3/transforms/9f922624a5fc8ed6be3109cb74cb813c/transformed/gifdecoder-4.11.0/AndroidManifest.xml:5:5-7:41
MERGED from [com.google.firebase:firebase-encoders-json:18.0.0] /Users/gtesen/.gradle/caches/8.14.3/transforms/725f400d2c63548fc568607d9369d139/transformed/firebase-encoders-json-18.0.0/AndroidManifest.xml:19:5-21:41
MERGED from [com.google.firebase:firebase-encoders-json:18.0.0] /Users/gtesen/.gradle/caches/8.14.3/transforms/725f400d2c63548fc568607d9369d139/transformed/firebase-encoders-json-18.0.0/AndroidManifest.xml:19:5-21:41
MERGED from [androidx.localbroadcastmanager:localbroadcastmanager:1.0.0] /Users/gtesen/.gradle/caches/8.14.3/transforms/1760893abcc6fabbfad7fbd28d24e1e7/transformed/localbroadcastmanager-1.0.0/AndroidManifest.xml:20:5-44
MERGED from [androidx.localbroadcastmanager:localbroadcastmanager:1.0.0] /Users/gtesen/.gradle/caches/8.14.3/transforms/1760893abcc6fabbfad7fbd28d24e1e7/transformed/localbroadcastmanager-1.0.0/AndroidManifest.xml:20:5-44
MERGED from [androidx.versionedparcelable:versionedparcelable:1.1.1] /Users/gtesen/.gradle/caches/8.14.3/transforms/8e881eca2eb04ecf54c95769e0d11876/transformed/versionedparcelable-1.1.1/AndroidManifest.xml:20:5-22:41
MERGED from [androidx.versionedparcelable:versionedparcelable:1.1.1] /Users/gtesen/.gradle/caches/8.14.3/transforms/8e881eca2eb04ecf54c95769e0d11876/transformed/versionedparcelable-1.1.1/AndroidManifest.xml:20:5-22:41
MERGED from [androidx.arch.core:core-runtime:2.2.0] /Users/gtesen/.gradle/caches/8.14.3/transforms/c8ce2643cc4a03ac9d77856b578334d0/transformed/core-runtime-2.2.0/AndroidManifest.xml:20:5-44
MERGED from [androidx.arch.core:core-runtime:2.2.0] /Users/gtesen/.gradle/caches/8.14.3/transforms/c8ce2643cc4a03ac9d77856b578334d0/transformed/core-runtime-2.2.0/AndroidManifest.xml:20:5-44
MERGED from [androidx.exifinterface:exifinterface:1.3.7] /Users/gtesen/.gradle/caches/8.14.3/transforms/36879a958d7475bdcca4dc1db44db100/transformed/exifinterface-1.3.7/AndroidManifest.xml:20:5-22:41
MERGED from [androidx.exifinterface:exifinterface:1.3.7] /Users/gtesen/.gradle/caches/8.14.3/transforms/36879a958d7475bdcca4dc1db44db100/transformed/exifinterface-1.3.7/AndroidManifest.xml:20:5-22:41
MERGED from [androidx.documentfile:documentfile:1.0.0] /Users/gtesen/.gradle/caches/8.14.3/transforms/63f1b8efb12708430a09ce930446dd79/transformed/documentfile-1.0.0/AndroidManifest.xml:20:5-44
MERGED from [androidx.documentfile:documentfile:1.0.0] /Users/gtesen/.gradle/caches/8.14.3/transforms/63f1b8efb12708430a09ce930446dd79/transformed/documentfile-1.0.0/AndroidManifest.xml:20:5-44
MERGED from [androidx.print:print:1.0.0] /Users/gtesen/.gradle/caches/8.14.3/transforms/ddda97278a0881cfc39511a8a0cc9d99/transformed/print-1.0.0/AndroidManifest.xml:20:5-44
MERGED from [androidx.print:print:1.0.0] /Users/gtesen/.gradle/caches/8.14.3/transforms/ddda97278a0881cfc39511a8a0cc9d99/transformed/print-1.0.0/AndroidManifest.xml:20:5-44
MERGED from [androidx.sqlite:sqlite-framework-android:2.5.1] /Users/gtesen/.gradle/caches/8.14.3/transforms/f37c3884d816876d3b531478ed4178e2/transformed/sqlite-framework-release/AndroidManifest.xml:20:5-44
MERGED from [androidx.sqlite:sqlite-framework-android:2.5.1] /Users/gtesen/.gradle/caches/8.14.3/transforms/f37c3884d816876d3b531478ed4178e2/transformed/sqlite-framework-release/AndroidManifest.xml:20:5-44
MERGED from [androidx.sqlite:sqlite-android:2.5.1] /Users/gtesen/.gradle/caches/8.14.3/transforms/935ab256c5257cdb57aa1080a161922c/transformed/sqlite-release/AndroidManifest.xml:20:5-44
MERGED from [androidx.sqlite:sqlite-android:2.5.1] /Users/gtesen/.gradle/caches/8.14.3/transforms/935ab256c5257cdb57aa1080a161922c/transformed/sqlite-release/AndroidManifest.xml:20:5-44
MERGED from [com.google.maps.android:android-maps-utils:2.4.0] /Users/gtesen/.gradle/caches/8.14.3/transforms/8bbd3c4444a09a6cd435f2756cff0477/transformed/android-maps-utils-2.4.0/AndroidManifest.xml:5:5-7:41
MERGED from [com.google.maps.android:android-maps-utils:2.4.0] /Users/gtesen/.gradle/caches/8.14.3/transforms/8bbd3c4444a09a6cd435f2756cff0477/transformed/android-maps-utils-2.4.0/AndroidManifest.xml:5:5-7:41
MERGED from [com.android.volley:volley:1.2.1] /Users/gtesen/.gradle/caches/8.14.3/transforms/14ffbc6653ef0eba5a1884f925c40c09/transformed/volley-1.2.1/AndroidManifest.xml:5:5-43
MERGED from [com.android.volley:volley:1.2.1] /Users/gtesen/.gradle/caches/8.14.3/transforms/14ffbc6653ef0eba5a1884f925c40c09/transformed/volley-1.2.1/AndroidManifest.xml:5:5-43
MERGED from [org.chromium.net:cronet-common:119.6045.31] /Users/gtesen/.gradle/caches/8.14.3/transforms/cd68c1b2ef8e9eecbdb139e20e4f271c/transformed/cronet-common-119.6045.31/AndroidManifest.xml:18:6-75
MERGED from [org.chromium.net:cronet-common:119.6045.31] /Users/gtesen/.gradle/caches/8.14.3/transforms/cd68c1b2ef8e9eecbdb139e20e4f271c/transformed/cronet-common-119.6045.31/AndroidManifest.xml:18:6-75
MERGED from [org.chromium.net:cronet-api:119.6045.31] /Users/gtesen/.gradle/caches/8.14.3/transforms/e9cae491ea26fcd518d95db616e61f8c/transformed/cronet-api-119.6045.31/AndroidManifest.xml:18:6-75
MERGED from [org.chromium.net:cronet-api:119.6045.31] /Users/gtesen/.gradle/caches/8.14.3/transforms/e9cae491ea26fcd518d95db616e61f8c/transformed/cronet-api-119.6045.31/AndroidManifest.xml:18:6-75
MERGED from [com.google.android.play:core-common:2.0.3] /Users/gtesen/.gradle/caches/8.14.3/transforms/52bc9452c7e3e41704bbb736d0fee324/transformed/core-common-2.0.3/AndroidManifest.xml:7:5-9:41
MERGED from [com.google.android.play:core-common:2.0.3] /Users/gtesen/.gradle/caches/8.14.3/transforms/52bc9452c7e3e41704bbb736d0fee324/transformed/core-common-2.0.3/AndroidManifest.xml:7:5-9:41
	tools:overrideLibrary
		ADDED from [com.google.firebase:firebase-auth:23.2.1] /Users/gtesen/.gradle/caches/8.14.3/transforms/3cd2e605938f2d856df0eb89b1553e65/transformed/firebase-auth-23.2.1/AndroidManifest.xml:23:9-148
	android:targetSdkVersion
		INJECTED from /Users/gtesen/Desktop/aplicacion_busmap/frontend-busmap/app/src/main/AndroidManifest.xml
	android:minSdkVersion
		INJECTED from /Users/gtesen/Desktop/aplicacion_busmap/frontend-busmap/app/src/main/AndroidManifest.xml
uses-permission#android.permission.ACCESS_WIFI_STATE
ADDED from [com.google.android.libraries.places:places:4.4.1] /Users/gtesen/.gradle/caches/8.14.3/transforms/e02fa059f2e644182398b8fc61e27665/transformed/places-4.4.1/AndroidManifest.xml:13:5-76
	android:name
		ADDED from [com.google.android.libraries.places:places:4.4.1] /Users/gtesen/.gradle/caches/8.14.3/transforms/e02fa059f2e644182398b8fc61e27665/transformed/places-4.4.1/AndroidManifest.xml:13:22-73
activity#com.google.android.libraries.places.widget.AutocompleteActivity
ADDED from [com.google.android.libraries.places:places:4.4.1] /Users/gtesen/.gradle/caches/8.14.3/transforms/e02fa059f2e644182398b8fc61e27665/transformed/places-4.4.1/AndroidManifest.xml:17:9-23:20
	android:label
		ADDED from [com.google.android.libraries.places:places:4.4.1] /Users/gtesen/.gradle/caches/8.14.3/transforms/e02fa059f2e644182398b8fc61e27665/transformed/places-4.4.1/AndroidManifest.xml:20:13-62
	android:windowSoftInputMode
		ADDED from [com.google.android.libraries.places:places:4.4.1] /Users/gtesen/.gradle/caches/8.14.3/transforms/e02fa059f2e644182398b8fc61e27665/transformed/places-4.4.1/AndroidManifest.xml:22:13-55
	android:exported
		ADDED from [com.google.android.libraries.places:places:4.4.1] /Users/gtesen/.gradle/caches/8.14.3/transforms/e02fa059f2e644182398b8fc61e27665/transformed/places-4.4.1/AndroidManifest.xml:19:13-37
	android:theme
		ADDED from [com.google.android.libraries.places:places:4.4.1] /Users/gtesen/.gradle/caches/8.14.3/transforms/e02fa059f2e644182398b8fc61e27665/transformed/places-4.4.1/AndroidManifest.xml:21:13-61
	android:name
		ADDED from [com.google.android.libraries.places:places:4.4.1] /Users/gtesen/.gradle/caches/8.14.3/transforms/e02fa059f2e644182398b8fc61e27665/transformed/places-4.4.1/AndroidManifest.xml:18:13-91
activity#com.google.android.libraries.places.widget.BasicPlaceAutocompleteActivity
ADDED from [com.google.android.libraries.places:places:4.4.1] /Users/gtesen/.gradle/caches/8.14.3/transforms/e02fa059f2e644182398b8fc61e27665/transformed/places-4.4.1/AndroidManifest.xml:24:9-29:20
	android:windowSoftInputMode
		ADDED from [com.google.android.libraries.places:places:4.4.1] /Users/gtesen/.gradle/caches/8.14.3/transforms/e02fa059f2e644182398b8fc61e27665/transformed/places-4.4.1/AndroidManifest.xml:28:13-55
	android:exported
		ADDED from [com.google.android.libraries.places:places:4.4.1] /Users/gtesen/.gradle/caches/8.14.3/transforms/e02fa059f2e644182398b8fc61e27665/transformed/places-4.4.1/AndroidManifest.xml:26:13-37
	android:theme
		ADDED from [com.google.android.libraries.places:places:4.4.1] /Users/gtesen/.gradle/caches/8.14.3/transforms/e02fa059f2e644182398b8fc61e27665/transformed/places-4.4.1/AndroidManifest.xml:27:13-58
	android:name
		ADDED from [com.google.android.libraries.places:places:4.4.1] /Users/gtesen/.gradle/caches/8.14.3/transforms/e02fa059f2e644182398b8fc61e27665/transformed/places-4.4.1/AndroidManifest.xml:25:13-101
activity#com.google.android.libraries.places.widget.PlaceAutocompleteActivity
ADDED from [com.google.android.libraries.places:places:4.4.1] /Users/gtesen/.gradle/caches/8.14.3/transforms/e02fa059f2e644182398b8fc61e27665/transformed/places-4.4.1/AndroidManifest.xml:30:9-35:20
	android:windowSoftInputMode
		ADDED from [com.google.android.libraries.places:places:4.4.1] /Users/gtesen/.gradle/caches/8.14.3/transforms/e02fa059f2e644182398b8fc61e27665/transformed/places-4.4.1/AndroidManifest.xml:34:13-55
	android:exported
		ADDED from [com.google.android.libraries.places:places:4.4.1] /Users/gtesen/.gradle/caches/8.14.3/transforms/e02fa059f2e644182398b8fc61e27665/transformed/places-4.4.1/AndroidManifest.xml:32:13-37
	android:theme
		ADDED from [com.google.android.libraries.places:places:4.4.1] /Users/gtesen/.gradle/caches/8.14.3/transforms/e02fa059f2e644182398b8fc61e27665/transformed/places-4.4.1/AndroidManifest.xml:33:13-58
	android:name
		ADDED from [com.google.android.libraries.places:places:4.4.1] /Users/gtesen/.gradle/caches/8.14.3/transforms/e02fa059f2e644182398b8fc61e27665/transformed/places-4.4.1/AndroidManifest.xml:31:13-96
activity#com.google.android.libraries.places.widget.internal.photoviewer.PlacesLightboxActivity
ADDED from [com.google.android.libraries.places:places:4.4.1] /Users/gtesen/.gradle/caches/8.14.3/transforms/e02fa059f2e644182398b8fc61e27665/transformed/places-4.4.1/AndroidManifest.xml:36:9-40:20
	android:windowSoftInputMode
		ADDED from [com.google.android.libraries.places:places:4.4.1] /Users/gtesen/.gradle/caches/8.14.3/transforms/e02fa059f2e644182398b8fc61e27665/transformed/places-4.4.1/AndroidManifest.xml:39:13-55
	android:exported
		ADDED from [com.google.android.libraries.places:places:4.4.1] /Users/gtesen/.gradle/caches/8.14.3/transforms/e02fa059f2e644182398b8fc61e27665/transformed/places-4.4.1/AndroidManifest.xml:38:13-37
	android:name
		ADDED from [com.google.android.libraries.places:places:4.4.1] /Users/gtesen/.gradle/caches/8.14.3/transforms/e02fa059f2e644182398b8fc61e27665/transformed/places-4.4.1/AndroidManifest.xml:37:13-114
uses-permission#android.permission.ACCESS_NETWORK_STATE
ADDED from [com.google.android.gms:play-services-maps:19.2.0] /Users/gtesen/.gradle/caches/8.14.3/transforms/8aff53bc460636bf233e8aacaf15b7dd/transformed/play-services-maps-19.2.0/AndroidManifest.xml:20:5-78
MERGED from [com.google.firebase:firebase-storage:22.0.0] /Users/gtesen/.gradle/caches/8.14.3/transforms/0300d32c8d28c9a6b63735e1beb9e492/transformed/firebase-storage-22.0.0/AndroidManifest.xml:23:5-79
MERGED from [com.google.firebase:firebase-storage:22.0.0] /Users/gtesen/.gradle/caches/8.14.3/transforms/0300d32c8d28c9a6b63735e1beb9e492/transformed/firebase-storage-22.0.0/AndroidManifest.xml:23:5-79
MERGED from [com.google.firebase:firebase-database:21.0.0] /Users/gtesen/.gradle/caches/8.14.3/transforms/14d900cdb44ed51cd009acb19a15b85d/transformed/firebase-database-21.0.0/AndroidManifest.xml:22:5-79
MERGED from [com.google.firebase:firebase-database:21.0.0] /Users/gtesen/.gradle/caches/8.14.3/transforms/14d900cdb44ed51cd009acb19a15b85d/transformed/firebase-database-21.0.0/AndroidManifest.xml:22:5-79
MERGED from [com.google.firebase:firebase-auth:23.2.1] /Users/gtesen/.gradle/caches/8.14.3/transforms/3cd2e605938f2d856df0eb89b1553e65/transformed/firebase-auth-23.2.1/AndroidManifest.xml:26:5-79
MERGED from [com.google.firebase:firebase-auth:23.2.1] /Users/gtesen/.gradle/caches/8.14.3/transforms/3cd2e605938f2d856df0eb89b1553e65/transformed/firebase-auth-23.2.1/AndroidManifest.xml:26:5-79
MERGED from [androidx.work:work-runtime:2.10.3] /Users/gtesen/.gradle/caches/8.14.3/transforms/4415b078d78ed3f8ae330b6ef4be3957/transformed/work-runtime-2.10.3/AndroidManifest.xml:24:5-79
MERGED from [androidx.work:work-runtime:2.10.3] /Users/gtesen/.gradle/caches/8.14.3/transforms/4415b078d78ed3f8ae330b6ef4be3957/transformed/work-runtime-2.10.3/AndroidManifest.xml:24:5-79
MERGED from [org.chromium.net:cronet-embedded:119.6045.31] /Users/gtesen/.gradle/caches/8.14.3/transforms/edee71ba2a64320e122f12b310228f8a/transformed/cronet-embedded-119.6045.31/AndroidManifest.xml:20:6-79
MERGED from [org.chromium.net:cronet-embedded:119.6045.31] /Users/gtesen/.gradle/caches/8.14.3/transforms/edee71ba2a64320e122f12b310228f8a/transformed/cronet-embedded-119.6045.31/AndroidManifest.xml:20:6-79
MERGED from [com.google.android.recaptcha:recaptcha:18.6.1] /Users/gtesen/.gradle/caches/8.14.3/transforms/77fced72e6c6cb82041e2c19ce87d255/transformed/recaptcha-18.6.1/AndroidManifest.xml:8:5-79
MERGED from [com.google.android.recaptcha:recaptcha:18.6.1] /Users/gtesen/.gradle/caches/8.14.3/transforms/77fced72e6c6cb82041e2c19ce87d255/transformed/recaptcha-18.6.1/AndroidManifest.xml:8:5-79
MERGED from [com.google.android.datatransport:transport-backend-cct:3.2.0] /Users/gtesen/.gradle/caches/8.14.3/transforms/6f6d4c7ee6c7e8fe51b23587fec42149/transformed/transport-backend-cct-3.2.0/AndroidManifest.xml:22:5-79
MERGED from [com.google.android.datatransport:transport-backend-cct:3.2.0] /Users/gtesen/.gradle/caches/8.14.3/transforms/6f6d4c7ee6c7e8fe51b23587fec42149/transformed/transport-backend-cct-3.2.0/AndroidManifest.xml:22:5-79
MERGED from [com.google.android.datatransport:transport-runtime:3.2.0] /Users/gtesen/.gradle/caches/8.14.3/transforms/fcc83ef7a302e876ef36dba39d830db9/transformed/transport-runtime-3.2.0/AndroidManifest.xml:20:5-79
MERGED from [com.google.android.datatransport:transport-runtime:3.2.0] /Users/gtesen/.gradle/caches/8.14.3/transforms/fcc83ef7a302e876ef36dba39d830db9/transformed/transport-runtime-3.2.0/AndroidManifest.xml:20:5-79
MERGED from [org.chromium.net:cronet-common:119.6045.31] /Users/gtesen/.gradle/caches/8.14.3/transforms/cd68c1b2ef8e9eecbdb139e20e4f271c/transformed/cronet-common-119.6045.31/AndroidManifest.xml:20:6-79
MERGED from [org.chromium.net:cronet-common:119.6045.31] /Users/gtesen/.gradle/caches/8.14.3/transforms/cd68c1b2ef8e9eecbdb139e20e4f271c/transformed/cronet-common-119.6045.31/AndroidManifest.xml:20:6-79
MERGED from [org.chromium.net:cronet-api:119.6045.31] /Users/gtesen/.gradle/caches/8.14.3/transforms/e9cae491ea26fcd518d95db616e61f8c/transformed/cronet-api-119.6045.31/AndroidManifest.xml:20:6-79
MERGED from [org.chromium.net:cronet-api:119.6045.31] /Users/gtesen/.gradle/caches/8.14.3/transforms/e9cae491ea26fcd518d95db616e61f8c/transformed/cronet-api-119.6045.31/AndroidManifest.xml:20:6-79
	android:name
		ADDED from [com.google.android.gms:play-services-maps:19.2.0] /Users/gtesen/.gradle/caches/8.14.3/transforms/8aff53bc460636bf233e8aacaf15b7dd/transformed/play-services-maps-19.2.0/AndroidManifest.xml:20:22-76
uses-feature#0x00020000
ADDED from [com.google.android.gms:play-services-maps:19.2.0] /Users/gtesen/.gradle/caches/8.14.3/transforms/8aff53bc460636bf233e8aacaf15b7dd/transformed/play-services-maps-19.2.0/AndroidManifest.xml:22:5-24:33
	android:glEsVersion
		ADDED from [com.google.android.gms:play-services-maps:19.2.0] /Users/gtesen/.gradle/caches/8.14.3/transforms/8aff53bc460636bf233e8aacaf15b7dd/transformed/play-services-maps-19.2.0/AndroidManifest.xml:23:8-40
	android:required
		ADDED from [com.google.android.gms:play-services-maps:19.2.0] /Users/gtesen/.gradle/caches/8.14.3/transforms/8aff53bc460636bf233e8aacaf15b7dd/transformed/play-services-maps-19.2.0/AndroidManifest.xml:24:8-31
queries
ADDED from [com.google.android.gms:play-services-maps:19.2.0] /Users/gtesen/.gradle/caches/8.14.3/transforms/8aff53bc460636bf233e8aacaf15b7dd/transformed/play-services-maps-19.2.0/AndroidManifest.xml:27:5-30:15
package#com.google.android.apps.maps
ADDED from [com.google.android.gms:play-services-maps:19.2.0] /Users/gtesen/.gradle/caches/8.14.3/transforms/8aff53bc460636bf233e8aacaf15b7dd/transformed/play-services-maps-19.2.0/AndroidManifest.xml:29:7-61
	android:name
		ADDED from [com.google.android.gms:play-services-maps:19.2.0] /Users/gtesen/.gradle/caches/8.14.3/transforms/8aff53bc460636bf233e8aacaf15b7dd/transformed/play-services-maps-19.2.0/AndroidManifest.xml:29:16-59
uses-library#org.apache.http.legacy
ADDED from [com.google.android.gms:play-services-maps:19.2.0] /Users/gtesen/.gradle/caches/8.14.3/transforms/8aff53bc460636bf233e8aacaf15b7dd/transformed/play-services-maps-19.2.0/AndroidManifest.xml:33:7-86
	android:required
		ADDED from [com.google.android.gms:play-services-maps:19.2.0] /Users/gtesen/.gradle/caches/8.14.3/transforms/8aff53bc460636bf233e8aacaf15b7dd/transformed/play-services-maps-19.2.0/AndroidManifest.xml:33:59-83
	android:name
		ADDED from [com.google.android.gms:play-services-maps:19.2.0] /Users/gtesen/.gradle/caches/8.14.3/transforms/8aff53bc460636bf233e8aacaf15b7dd/transformed/play-services-maps-19.2.0/AndroidManifest.xml:33:21-58
service#com.google.firebase.components.ComponentDiscoveryService
ADDED from [com.google.firebase:firebase-storage:22.0.0] /Users/gtesen/.gradle/caches/8.14.3/transforms/0300d32c8d28c9a6b63735e1beb9e492/transformed/firebase-storage-22.0.0/AndroidManifest.xml:27:9-36:19
MERGED from [com.google.firebase:firebase-database-ktx:21.0.0] /Users/gtesen/.gradle/caches/8.14.3/transforms/476afaac2f7bff789d982565bdec6e84/transformed/firebase-database-ktx-21.0.0/AndroidManifest.xml:9:9-15:19
MERGED from [com.google.firebase:firebase-database-ktx:21.0.0] /Users/gtesen/.gradle/caches/8.14.3/transforms/476afaac2f7bff789d982565bdec6e84/transformed/firebase-database-ktx-21.0.0/AndroidManifest.xml:9:9-15:19
MERGED from [com.google.firebase:firebase-database:21.0.0] /Users/gtesen/.gradle/caches/8.14.3/transforms/14d900cdb44ed51cd009acb19a15b85d/transformed/firebase-database-21.0.0/AndroidManifest.xml:26:9-35:19
MERGED from [com.google.firebase:firebase-database:21.0.0] /Users/gtesen/.gradle/caches/8.14.3/transforms/14d900cdb44ed51cd009acb19a15b85d/transformed/firebase-database-21.0.0/AndroidManifest.xml:26:9-35:19
MERGED from [com.google.firebase:firebase-appcheck:18.0.0] /Users/gtesen/.gradle/caches/8.14.3/transforms/8b2613de06d332d858e73cc1dd9ee748/transformed/firebase-appcheck-18.0.0/AndroidManifest.xml:22:9-31:19
MERGED from [com.google.firebase:firebase-appcheck:18.0.0] /Users/gtesen/.gradle/caches/8.14.3/transforms/8b2613de06d332d858e73cc1dd9ee748/transformed/firebase-appcheck-18.0.0/AndroidManifest.xml:22:9-31:19
MERGED from [com.google.firebase:firebase-auth-ktx:23.2.1] /Users/gtesen/.gradle/caches/8.14.3/transforms/c4b4de1505db2b5d5d14633f399108a8/transformed/firebase-auth-ktx-23.2.1/AndroidManifest.xml:8:9-14:19
MERGED from [com.google.firebase:firebase-auth-ktx:23.2.1] /Users/gtesen/.gradle/caches/8.14.3/transforms/c4b4de1505db2b5d5d14633f399108a8/transformed/firebase-auth-ktx-23.2.1/AndroidManifest.xml:8:9-14:19
MERGED from [com.google.firebase:firebase-auth:23.2.1] /Users/gtesen/.gradle/caches/8.14.3/transforms/3cd2e605938f2d856df0eb89b1553e65/transformed/firebase-auth-23.2.1/AndroidManifest.xml:66:9-72:19
MERGED from [com.google.firebase:firebase-auth:23.2.1] /Users/gtesen/.gradle/caches/8.14.3/transforms/3cd2e605938f2d856df0eb89b1553e65/transformed/firebase-auth-23.2.1/AndroidManifest.xml:66:9-72:19
MERGED from [com.google.firebase:firebase-common-ktx:21.0.0] /Users/gtesen/.gradle/caches/8.14.3/transforms/bcd13d91ffeae9529bee554c515c4749/transformed/firebase-common-ktx-21.0.0/AndroidManifest.xml:9:9-15:19
MERGED from [com.google.firebase:firebase-common-ktx:21.0.0] /Users/gtesen/.gradle/caches/8.14.3/transforms/bcd13d91ffeae9529bee554c515c4749/transformed/firebase-common-ktx-21.0.0/AndroidManifest.xml:9:9-15:19
MERGED from [com.google.firebase:firebase-common:22.0.0] /Users/gtesen/.gradle/caches/8.14.3/transforms/ba6e888e91db507a39cd0a493b112a1c/transformed/firebase-common-22.0.0/AndroidManifest.xml:30:9-38:19
MERGED from [com.google.firebase:firebase-common:22.0.0] /Users/gtesen/.gradle/caches/8.14.3/transforms/ba6e888e91db507a39cd0a493b112a1c/transformed/firebase-common-22.0.0/AndroidManifest.xml:30:9-38:19
	android:exported
		ADDED from [com.google.firebase:firebase-storage:22.0.0] /Users/gtesen/.gradle/caches/8.14.3/transforms/0300d32c8d28c9a6b63735e1beb9e492/transformed/firebase-storage-22.0.0/AndroidManifest.xml:29:13-37
	tools:targetApi
		ADDED from [com.google.firebase:firebase-common:22.0.0] /Users/gtesen/.gradle/caches/8.14.3/transforms/ba6e888e91db507a39cd0a493b112a1c/transformed/firebase-common-22.0.0/AndroidManifest.xml:34:13-32
	android:directBootAware
		ADDED from [com.google.firebase:firebase-common:22.0.0] /Users/gtesen/.gradle/caches/8.14.3/transforms/ba6e888e91db507a39cd0a493b112a1c/transformed/firebase-common-22.0.0/AndroidManifest.xml:32:13-43
	android:name
		ADDED from [com.google.firebase:firebase-storage:22.0.0] /Users/gtesen/.gradle/caches/8.14.3/transforms/0300d32c8d28c9a6b63735e1beb9e492/transformed/firebase-storage-22.0.0/AndroidManifest.xml:28:13-84
meta-data#com.google.firebase.components:com.google.firebase.storage.FirebaseStorageKtxRegistrar
ADDED from [com.google.firebase:firebase-storage:22.0.0] /Users/gtesen/.gradle/caches/8.14.3/transforms/0300d32c8d28c9a6b63735e1beb9e492/transformed/firebase-storage-22.0.0/AndroidManifest.xml:30:13-32:85
	android:value
		ADDED from [com.google.firebase:firebase-storage:22.0.0] /Users/gtesen/.gradle/caches/8.14.3/transforms/0300d32c8d28c9a6b63735e1beb9e492/transformed/firebase-storage-22.0.0/AndroidManifest.xml:32:17-82
	android:name
		ADDED from [com.google.firebase:firebase-storage:22.0.0] /Users/gtesen/.gradle/caches/8.14.3/transforms/0300d32c8d28c9a6b63735e1beb9e492/transformed/firebase-storage-22.0.0/AndroidManifest.xml:31:17-118
meta-data#com.google.firebase.components:com.google.firebase.storage.StorageRegistrar
ADDED from [com.google.firebase:firebase-storage:22.0.0] /Users/gtesen/.gradle/caches/8.14.3/transforms/0300d32c8d28c9a6b63735e1beb9e492/transformed/firebase-storage-22.0.0/AndroidManifest.xml:33:13-35:85
	android:value
		ADDED from [com.google.firebase:firebase-storage:22.0.0] /Users/gtesen/.gradle/caches/8.14.3/transforms/0300d32c8d28c9a6b63735e1beb9e492/transformed/firebase-storage-22.0.0/AndroidManifest.xml:35:17-82
	android:name
		ADDED from [com.google.firebase:firebase-storage:22.0.0] /Users/gtesen/.gradle/caches/8.14.3/transforms/0300d32c8d28c9a6b63735e1beb9e492/transformed/firebase-storage-22.0.0/AndroidManifest.xml:34:17-107
meta-data#com.google.firebase.components:com.google.firebase.database.ktx.FirebaseDatabaseLegacyRegistrar
ADDED from [com.google.firebase:firebase-database-ktx:21.0.0] /Users/gtesen/.gradle/caches/8.14.3/transforms/476afaac2f7bff789d982565bdec6e84/transformed/firebase-database-ktx-21.0.0/AndroidManifest.xml:12:13-14:85
	android:value
		ADDED from [com.google.firebase:firebase-database-ktx:21.0.0] /Users/gtesen/.gradle/caches/8.14.3/transforms/476afaac2f7bff789d982565bdec6e84/transformed/firebase-database-ktx-21.0.0/AndroidManifest.xml:14:17-82
	android:name
		ADDED from [com.google.firebase:firebase-database-ktx:21.0.0] /Users/gtesen/.gradle/caches/8.14.3/transforms/476afaac2f7bff789d982565bdec6e84/transformed/firebase-database-ktx-21.0.0/AndroidManifest.xml:13:17-127
meta-data#com.google.firebase.components:com.google.firebase.database.FirebaseDatabaseKtxRegistrar
ADDED from [com.google.firebase:firebase-database:21.0.0] /Users/gtesen/.gradle/caches/8.14.3/transforms/14d900cdb44ed51cd009acb19a15b85d/transformed/firebase-database-21.0.0/AndroidManifest.xml:29:13-31:85
	android:value
		ADDED from [com.google.firebase:firebase-database:21.0.0] /Users/gtesen/.gradle/caches/8.14.3/transforms/14d900cdb44ed51cd009acb19a15b85d/transformed/firebase-database-21.0.0/AndroidManifest.xml:31:17-82
	android:name
		ADDED from [com.google.firebase:firebase-database:21.0.0] /Users/gtesen/.gradle/caches/8.14.3/transforms/14d900cdb44ed51cd009acb19a15b85d/transformed/firebase-database-21.0.0/AndroidManifest.xml:30:17-120
meta-data#com.google.firebase.components:com.google.firebase.database.DatabaseRegistrar
ADDED from [com.google.firebase:firebase-database:21.0.0] /Users/gtesen/.gradle/caches/8.14.3/transforms/14d900cdb44ed51cd009acb19a15b85d/transformed/firebase-database-21.0.0/AndroidManifest.xml:32:13-34:85
	android:value
		ADDED from [com.google.firebase:firebase-database:21.0.0] /Users/gtesen/.gradle/caches/8.14.3/transforms/14d900cdb44ed51cd009acb19a15b85d/transformed/firebase-database-21.0.0/AndroidManifest.xml:34:17-82
	android:name
		ADDED from [com.google.firebase:firebase-database:21.0.0] /Users/gtesen/.gradle/caches/8.14.3/transforms/14d900cdb44ed51cd009acb19a15b85d/transformed/firebase-database-21.0.0/AndroidManifest.xml:33:17-109
meta-data#com.google.firebase.components:com.google.firebase.appcheck.FirebaseAppCheckKtxRegistrar
ADDED from [com.google.firebase:firebase-appcheck:18.0.0] /Users/gtesen/.gradle/caches/8.14.3/transforms/8b2613de06d332d858e73cc1dd9ee748/transformed/firebase-appcheck-18.0.0/AndroidManifest.xml:25:13-27:85
	android:value
		ADDED from [com.google.firebase:firebase-appcheck:18.0.0] /Users/gtesen/.gradle/caches/8.14.3/transforms/8b2613de06d332d858e73cc1dd9ee748/transformed/firebase-appcheck-18.0.0/AndroidManifest.xml:27:17-82
	android:name
		ADDED from [com.google.firebase:firebase-appcheck:18.0.0] /Users/gtesen/.gradle/caches/8.14.3/transforms/8b2613de06d332d858e73cc1dd9ee748/transformed/firebase-appcheck-18.0.0/AndroidManifest.xml:26:17-120
meta-data#com.google.firebase.components:com.google.firebase.appcheck.FirebaseAppCheckRegistrar
ADDED from [com.google.firebase:firebase-appcheck:18.0.0] /Users/gtesen/.gradle/caches/8.14.3/transforms/8b2613de06d332d858e73cc1dd9ee748/transformed/firebase-appcheck-18.0.0/AndroidManifest.xml:28:13-30:85
	android:value
		ADDED from [com.google.firebase:firebase-appcheck:18.0.0] /Users/gtesen/.gradle/caches/8.14.3/transforms/8b2613de06d332d858e73cc1dd9ee748/transformed/firebase-appcheck-18.0.0/AndroidManifest.xml:30:17-82
	android:name
		ADDED from [com.google.firebase:firebase-appcheck:18.0.0] /Users/gtesen/.gradle/caches/8.14.3/transforms/8b2613de06d332d858e73cc1dd9ee748/transformed/firebase-appcheck-18.0.0/AndroidManifest.xml:29:17-117
meta-data#com.google.firebase.components:com.google.firebase.auth.ktx.FirebaseAuthLegacyRegistrar
ADDED from [com.google.firebase:firebase-auth-ktx:23.2.1] /Users/gtesen/.gradle/caches/8.14.3/transforms/c4b4de1505db2b5d5d14633f399108a8/transformed/firebase-auth-ktx-23.2.1/AndroidManifest.xml:11:13-13:85
	android:value
		ADDED from [com.google.firebase:firebase-auth-ktx:23.2.1] /Users/gtesen/.gradle/caches/8.14.3/transforms/c4b4de1505db2b5d5d14633f399108a8/transformed/firebase-auth-ktx-23.2.1/AndroidManifest.xml:13:17-82
	android:name
		ADDED from [com.google.firebase:firebase-auth-ktx:23.2.1] /Users/gtesen/.gradle/caches/8.14.3/transforms/c4b4de1505db2b5d5d14633f399108a8/transformed/firebase-auth-ktx-23.2.1/AndroidManifest.xml:12:17-119
activity#com.google.firebase.auth.internal.GenericIdpActivity
ADDED from [com.google.firebase:firebase-auth:23.2.1] /Users/gtesen/.gradle/caches/8.14.3/transforms/3cd2e605938f2d856df0eb89b1553e65/transformed/firebase-auth-23.2.1/AndroidManifest.xml:29:9-46:20
	android:excludeFromRecents
		ADDED from [com.google.firebase:firebase-auth:23.2.1] /Users/gtesen/.gradle/caches/8.14.3/transforms/3cd2e605938f2d856df0eb89b1553e65/transformed/firebase-auth-23.2.1/AndroidManifest.xml:31:13-46
	android:launchMode
		ADDED from [com.google.firebase:firebase-auth:23.2.1] /Users/gtesen/.gradle/caches/8.14.3/transforms/3cd2e605938f2d856df0eb89b1553e65/transformed/firebase-auth-23.2.1/AndroidManifest.xml:33:13-44
	android:exported
		ADDED from [com.google.firebase:firebase-auth:23.2.1] /Users/gtesen/.gradle/caches/8.14.3/transforms/3cd2e605938f2d856df0eb89b1553e65/transformed/firebase-auth-23.2.1/AndroidManifest.xml:32:13-36
	android:theme
		ADDED from [com.google.firebase:firebase-auth:23.2.1] /Users/gtesen/.gradle/caches/8.14.3/transforms/3cd2e605938f2d856df0eb89b1553e65/transformed/firebase-auth-23.2.1/AndroidManifest.xml:34:13-72
	android:name
		ADDED from [com.google.firebase:firebase-auth:23.2.1] /Users/gtesen/.gradle/caches/8.14.3/transforms/3cd2e605938f2d856df0eb89b1553e65/transformed/firebase-auth-23.2.1/AndroidManifest.xml:30:13-80
intent-filter#action:name:android.intent.action.VIEW+category:name:android.intent.category.BROWSABLE+category:name:android.intent.category.DEFAULT+data:host:firebase.auth+data:path:/+data:scheme:genericidp
ADDED from [com.google.firebase:firebase-auth:23.2.1] /Users/gtesen/.gradle/caches/8.14.3/transforms/3cd2e605938f2d856df0eb89b1553e65/transformed/firebase-auth-23.2.1/AndroidManifest.xml:35:13-45:29
action#android.intent.action.VIEW
ADDED from [com.google.firebase:firebase-auth:23.2.1] /Users/gtesen/.gradle/caches/8.14.3/transforms/3cd2e605938f2d856df0eb89b1553e65/transformed/firebase-auth-23.2.1/AndroidManifest.xml:36:17-69
	android:name
		ADDED from [com.google.firebase:firebase-auth:23.2.1] /Users/gtesen/.gradle/caches/8.14.3/transforms/3cd2e605938f2d856df0eb89b1553e65/transformed/firebase-auth-23.2.1/AndroidManifest.xml:36:25-66
category#android.intent.category.DEFAULT
ADDED from [com.google.firebase:firebase-auth:23.2.1] /Users/gtesen/.gradle/caches/8.14.3/transforms/3cd2e605938f2d856df0eb89b1553e65/transformed/firebase-auth-23.2.1/AndroidManifest.xml:38:17-76
	android:name
		ADDED from [com.google.firebase:firebase-auth:23.2.1] /Users/gtesen/.gradle/caches/8.14.3/transforms/3cd2e605938f2d856df0eb89b1553e65/transformed/firebase-auth-23.2.1/AndroidManifest.xml:38:27-73
category#android.intent.category.BROWSABLE
ADDED from [com.google.firebase:firebase-auth:23.2.1] /Users/gtesen/.gradle/caches/8.14.3/transforms/3cd2e605938f2d856df0eb89b1553e65/transformed/firebase-auth-23.2.1/AndroidManifest.xml:39:17-78
	android:name
		ADDED from [com.google.firebase:firebase-auth:23.2.1] /Users/gtesen/.gradle/caches/8.14.3/transforms/3cd2e605938f2d856df0eb89b1553e65/transformed/firebase-auth-23.2.1/AndroidManifest.xml:39:27-75
data
ADDED from [com.google.firebase:firebase-auth:23.2.1] /Users/gtesen/.gradle/caches/8.14.3/transforms/3cd2e605938f2d856df0eb89b1553e65/transformed/firebase-auth-23.2.1/AndroidManifest.xml:41:17-44:51
	android:path
		ADDED from [com.google.firebase:firebase-auth:23.2.1] /Users/gtesen/.gradle/caches/8.14.3/transforms/3cd2e605938f2d856df0eb89b1553e65/transformed/firebase-auth-23.2.1/AndroidManifest.xml:43:21-37
	android:host
		ADDED from [com.google.firebase:firebase-auth:23.2.1] /Users/gtesen/.gradle/caches/8.14.3/transforms/3cd2e605938f2d856df0eb89b1553e65/transformed/firebase-auth-23.2.1/AndroidManifest.xml:42:21-49
	android:scheme
		ADDED from [com.google.firebase:firebase-auth:23.2.1] /Users/gtesen/.gradle/caches/8.14.3/transforms/3cd2e605938f2d856df0eb89b1553e65/transformed/firebase-auth-23.2.1/AndroidManifest.xml:44:21-48
activity#com.google.firebase.auth.internal.RecaptchaActivity
ADDED from [com.google.firebase:firebase-auth:23.2.1] /Users/gtesen/.gradle/caches/8.14.3/transforms/3cd2e605938f2d856df0eb89b1553e65/transformed/firebase-auth-23.2.1/AndroidManifest.xml:47:9-64:20
	android:excludeFromRecents
		ADDED from [com.google.firebase:firebase-auth:23.2.1] /Users/gtesen/.gradle/caches/8.14.3/transforms/3cd2e605938f2d856df0eb89b1553e65/transformed/firebase-auth-23.2.1/AndroidManifest.xml:49:13-46
	android:launchMode
		ADDED from [com.google.firebase:firebase-auth:23.2.1] /Users/gtesen/.gradle/caches/8.14.3/transforms/3cd2e605938f2d856df0eb89b1553e65/transformed/firebase-auth-23.2.1/AndroidManifest.xml:51:13-44
	android:exported
		ADDED from [com.google.firebase:firebase-auth:23.2.1] /Users/gtesen/.gradle/caches/8.14.3/transforms/3cd2e605938f2d856df0eb89b1553e65/transformed/firebase-auth-23.2.1/AndroidManifest.xml:50:13-36
	android:theme
		ADDED from [com.google.firebase:firebase-auth:23.2.1] /Users/gtesen/.gradle/caches/8.14.3/transforms/3cd2e605938f2d856df0eb89b1553e65/transformed/firebase-auth-23.2.1/AndroidManifest.xml:52:13-72
	android:name
		ADDED from [com.google.firebase:firebase-auth:23.2.1] /Users/gtesen/.gradle/caches/8.14.3/transforms/3cd2e605938f2d856df0eb89b1553e65/transformed/firebase-auth-23.2.1/AndroidManifest.xml:48:13-79
intent-filter#action:name:android.intent.action.VIEW+category:name:android.intent.category.BROWSABLE+category:name:android.intent.category.DEFAULT+data:host:firebase.auth+data:path:/+data:scheme:recaptcha
ADDED from [com.google.firebase:firebase-auth:23.2.1] /Users/gtesen/.gradle/caches/8.14.3/transforms/3cd2e605938f2d856df0eb89b1553e65/transformed/firebase-auth-23.2.1/AndroidManifest.xml:53:13-63:29
meta-data#com.google.firebase.components:com.google.firebase.auth.FirebaseAuthRegistrar
ADDED from [com.google.firebase:firebase-auth:23.2.1] /Users/gtesen/.gradle/caches/8.14.3/transforms/3cd2e605938f2d856df0eb89b1553e65/transformed/firebase-auth-23.2.1/AndroidManifest.xml:69:13-71:85
	android:value
		ADDED from [com.google.firebase:firebase-auth:23.2.1] /Users/gtesen/.gradle/caches/8.14.3/transforms/3cd2e605938f2d856df0eb89b1553e65/transformed/firebase-auth-23.2.1/AndroidManifest.xml:71:17-82
	android:name
		ADDED from [com.google.firebase:firebase-auth:23.2.1] /Users/gtesen/.gradle/caches/8.14.3/transforms/3cd2e605938f2d856df0eb89b1553e65/transformed/firebase-auth-23.2.1/AndroidManifest.xml:70:17-109
service#androidx.credentials.playservices.CredentialProviderMetadataHolder
ADDED from [androidx.credentials:credentials-play-services-auth:1.2.0-rc01] /Users/gtesen/.gradle/caches/8.14.3/transforms/a9158e1934b1ccb3dadcb8af1e4199e5/transformed/credentials-play-services-auth-1.2.0-rc01/AndroidManifest.xml:24:9-32:19
	android:enabled
		ADDED from [androidx.credentials:credentials-play-services-auth:1.2.0-rc01] /Users/gtesen/.gradle/caches/8.14.3/transforms/a9158e1934b1ccb3dadcb8af1e4199e5/transformed/credentials-play-services-auth-1.2.0-rc01/AndroidManifest.xml:26:13-35
	android:exported
		ADDED from [androidx.credentials:credentials-play-services-auth:1.2.0-rc01] /Users/gtesen/.gradle/caches/8.14.3/transforms/a9158e1934b1ccb3dadcb8af1e4199e5/transformed/credentials-play-services-auth-1.2.0-rc01/AndroidManifest.xml:27:13-37
	tools:ignore
		ADDED from [androidx.credentials:credentials-play-services-auth:1.2.0-rc01] /Users/gtesen/.gradle/caches/8.14.3/transforms/a9158e1934b1ccb3dadcb8af1e4199e5/transformed/credentials-play-services-auth-1.2.0-rc01/AndroidManifest.xml:28:13-60
	android:name
		ADDED from [androidx.credentials:credentials-play-services-auth:1.2.0-rc01] /Users/gtesen/.gradle/caches/8.14.3/transforms/a9158e1934b1ccb3dadcb8af1e4199e5/transformed/credentials-play-services-auth-1.2.0-rc01/AndroidManifest.xml:25:13-94
meta-data#androidx.credentials.CREDENTIAL_PROVIDER_KEY
ADDED from [androidx.credentials:credentials-play-services-auth:1.2.0-rc01] /Users/gtesen/.gradle/caches/8.14.3/transforms/a9158e1934b1ccb3dadcb8af1e4199e5/transformed/credentials-play-services-auth-1.2.0-rc01/AndroidManifest.xml:29:13-31:104
	android:value
		ADDED from [androidx.credentials:credentials-play-services-auth:1.2.0-rc01] /Users/gtesen/.gradle/caches/8.14.3/transforms/a9158e1934b1ccb3dadcb8af1e4199e5/transformed/credentials-play-services-auth-1.2.0-rc01/AndroidManifest.xml:31:17-101
	android:name
		ADDED from [androidx.credentials:credentials-play-services-auth:1.2.0-rc01] /Users/gtesen/.gradle/caches/8.14.3/transforms/a9158e1934b1ccb3dadcb8af1e4199e5/transformed/credentials-play-services-auth-1.2.0-rc01/AndroidManifest.xml:30:17-76
activity#androidx.credentials.playservices.HiddenActivity
ADDED from [androidx.credentials:credentials-play-services-auth:1.2.0-rc01] /Users/gtesen/.gradle/caches/8.14.3/transforms/a9158e1934b1ccb3dadcb8af1e4199e5/transformed/credentials-play-services-auth-1.2.0-rc01/AndroidManifest.xml:34:9-41:20
	android:fitsSystemWindows
		ADDED from [androidx.credentials:credentials-play-services-auth:1.2.0-rc01] /Users/gtesen/.gradle/caches/8.14.3/transforms/a9158e1934b1ccb3dadcb8af1e4199e5/transformed/credentials-play-services-auth-1.2.0-rc01/AndroidManifest.xml:39:13-45
	android:enabled
		ADDED from [androidx.credentials:credentials-play-services-auth:1.2.0-rc01] /Users/gtesen/.gradle/caches/8.14.3/transforms/a9158e1934b1ccb3dadcb8af1e4199e5/transformed/credentials-play-services-auth-1.2.0-rc01/AndroidManifest.xml:37:13-35
	android:exported
		ADDED from [androidx.credentials:credentials-play-services-auth:1.2.0-rc01] /Users/gtesen/.gradle/caches/8.14.3/transforms/a9158e1934b1ccb3dadcb8af1e4199e5/transformed/credentials-play-services-auth-1.2.0-rc01/AndroidManifest.xml:38:13-37
	android:configChanges
		ADDED from [androidx.credentials:credentials-play-services-auth:1.2.0-rc01] /Users/gtesen/.gradle/caches/8.14.3/transforms/a9158e1934b1ccb3dadcb8af1e4199e5/transformed/credentials-play-services-auth-1.2.0-rc01/AndroidManifest.xml:36:13-87
	android:theme
		ADDED from [androidx.credentials:credentials-play-services-auth:1.2.0-rc01] /Users/gtesen/.gradle/caches/8.14.3/transforms/a9158e1934b1ccb3dadcb8af1e4199e5/transformed/credentials-play-services-auth-1.2.0-rc01/AndroidManifest.xml:40:13-48
	android:name
		ADDED from [androidx.credentials:credentials-play-services-auth:1.2.0-rc01] /Users/gtesen/.gradle/caches/8.14.3/transforms/a9158e1934b1ccb3dadcb8af1e4199e5/transformed/credentials-play-services-auth-1.2.0-rc01/AndroidManifest.xml:35:13-76
activity#com.google.android.gms.auth.api.signin.internal.SignInHubActivity
ADDED from [com.google.android.gms:play-services-auth:20.7.0] /Users/gtesen/.gradle/caches/8.14.3/transforms/751cd99c404e85f15b9931c83059a10e/transformed/play-services-auth-20.7.0/AndroidManifest.xml:23:9-27:75
	android:excludeFromRecents
		ADDED from [com.google.android.gms:play-services-auth:20.7.0] /Users/gtesen/.gradle/caches/8.14.3/transforms/751cd99c404e85f15b9931c83059a10e/transformed/play-services-auth-20.7.0/AndroidManifest.xml:25:13-46
	android:exported
		ADDED from [com.google.android.gms:play-services-auth:20.7.0] /Users/gtesen/.gradle/caches/8.14.3/transforms/751cd99c404e85f15b9931c83059a10e/transformed/play-services-auth-20.7.0/AndroidManifest.xml:26:13-37
	android:theme
		ADDED from [com.google.android.gms:play-services-auth:20.7.0] /Users/gtesen/.gradle/caches/8.14.3/transforms/751cd99c404e85f15b9931c83059a10e/transformed/play-services-auth-20.7.0/AndroidManifest.xml:27:13-72
	android:name
		ADDED from [com.google.android.gms:play-services-auth:20.7.0] /Users/gtesen/.gradle/caches/8.14.3/transforms/751cd99c404e85f15b9931c83059a10e/transformed/play-services-auth-20.7.0/AndroidManifest.xml:24:13-93
service#com.google.android.gms.auth.api.signin.RevocationBoundService
ADDED from [com.google.android.gms:play-services-auth:20.7.0] /Users/gtesen/.gradle/caches/8.14.3/transforms/751cd99c404e85f15b9931c83059a10e/transformed/play-services-auth-20.7.0/AndroidManifest.xml:33:9-37:51
	android:exported
		ADDED from [com.google.android.gms:play-services-auth:20.7.0] /Users/gtesen/.gradle/caches/8.14.3/transforms/751cd99c404e85f15b9931c83059a10e/transformed/play-services-auth-20.7.0/AndroidManifest.xml:35:13-36
	android:visibleToInstantApps
		ADDED from [com.google.android.gms:play-services-auth:20.7.0] /Users/gtesen/.gradle/caches/8.14.3/transforms/751cd99c404e85f15b9931c83059a10e/transformed/play-services-auth-20.7.0/AndroidManifest.xml:37:13-48
	android:permission
		ADDED from [com.google.android.gms:play-services-auth:20.7.0] /Users/gtesen/.gradle/caches/8.14.3/transforms/751cd99c404e85f15b9931c83059a10e/transformed/play-services-auth-20.7.0/AndroidManifest.xml:36:13-107
	android:name
		ADDED from [com.google.android.gms:play-services-auth:20.7.0] /Users/gtesen/.gradle/caches/8.14.3/transforms/751cd99c404e85f15b9931c83059a10e/transformed/play-services-auth-20.7.0/AndroidManifest.xml:34:13-89
activity#com.google.android.gms.common.api.GoogleApiActivity
ADDED from [com.google.android.gms:play-services-base:18.5.0] /Users/gtesen/.gradle/caches/8.14.3/transforms/3418c3905e30a96832fbb41b08116988/transformed/play-services-base-18.5.0/AndroidManifest.xml:5:9-173
	android:exported
		ADDED from [com.google.android.gms:play-services-base:18.5.0] /Users/gtesen/.gradle/caches/8.14.3/transforms/3418c3905e30a96832fbb41b08116988/transformed/play-services-base-18.5.0/AndroidManifest.xml:5:146-170
	android:theme
		ADDED from [com.google.android.gms:play-services-base:18.5.0] /Users/gtesen/.gradle/caches/8.14.3/transforms/3418c3905e30a96832fbb41b08116988/transformed/play-services-base-18.5.0/AndroidManifest.xml:5:86-145
	android:name
		ADDED from [com.google.android.gms:play-services-base:18.5.0] /Users/gtesen/.gradle/caches/8.14.3/transforms/3418c3905e30a96832fbb41b08116988/transformed/play-services-base-18.5.0/AndroidManifest.xml:5:19-85
meta-data#com.google.firebase.components:com.google.firebase.ktx.FirebaseCommonLegacyRegistrar
ADDED from [com.google.firebase:firebase-common-ktx:21.0.0] /Users/gtesen/.gradle/caches/8.14.3/transforms/bcd13d91ffeae9529bee554c515c4749/transformed/firebase-common-ktx-21.0.0/AndroidManifest.xml:12:13-14:85
	android:value
		ADDED from [com.google.firebase:firebase-common-ktx:21.0.0] /Users/gtesen/.gradle/caches/8.14.3/transforms/bcd13d91ffeae9529bee554c515c4749/transformed/firebase-common-ktx-21.0.0/AndroidManifest.xml:14:17-82
	android:name
		ADDED from [com.google.firebase:firebase-common-ktx:21.0.0] /Users/gtesen/.gradle/caches/8.14.3/transforms/bcd13d91ffeae9529bee554c515c4749/transformed/firebase-common-ktx-21.0.0/AndroidManifest.xml:13:17-116
provider#com.google.firebase.provider.FirebaseInitProvider
ADDED from [com.google.firebase:firebase-common:22.0.0] /Users/gtesen/.gradle/caches/8.14.3/transforms/ba6e888e91db507a39cd0a493b112a1c/transformed/firebase-common-22.0.0/AndroidManifest.xml:23:9-28:39
	android:authorities
		ADDED from [com.google.firebase:firebase-common:22.0.0] /Users/gtesen/.gradle/caches/8.14.3/transforms/ba6e888e91db507a39cd0a493b112a1c/transformed/firebase-common-22.0.0/AndroidManifest.xml:25:13-72
	android:exported
		ADDED from [com.google.firebase:firebase-common:22.0.0] /Users/gtesen/.gradle/caches/8.14.3/transforms/ba6e888e91db507a39cd0a493b112a1c/transformed/firebase-common-22.0.0/AndroidManifest.xml:27:13-37
	android:directBootAware
		ADDED from [com.google.firebase:firebase-common:22.0.0] /Users/gtesen/.gradle/caches/8.14.3/transforms/ba6e888e91db507a39cd0a493b112a1c/transformed/firebase-common-22.0.0/AndroidManifest.xml:26:13-43
	android:initOrder
		ADDED from [com.google.firebase:firebase-common:22.0.0] /Users/gtesen/.gradle/caches/8.14.3/transforms/ba6e888e91db507a39cd0a493b112a1c/transformed/firebase-common-22.0.0/AndroidManifest.xml:28:13-36
	android:name
		ADDED from [com.google.firebase:firebase-common:22.0.0] /Users/gtesen/.gradle/caches/8.14.3/transforms/ba6e888e91db507a39cd0a493b112a1c/transformed/firebase-common-22.0.0/AndroidManifest.xml:24:13-77
meta-data#com.google.firebase.components:com.google.firebase.FirebaseCommonKtxRegistrar
ADDED from [com.google.firebase:firebase-common:22.0.0] /Users/gtesen/.gradle/caches/8.14.3/transforms/ba6e888e91db507a39cd0a493b112a1c/transformed/firebase-common-22.0.0/AndroidManifest.xml:35:13-37:85
	android:value
		ADDED from [com.google.firebase:firebase-common:22.0.0] /Users/gtesen/.gradle/caches/8.14.3/transforms/ba6e888e91db507a39cd0a493b112a1c/transformed/firebase-common-22.0.0/AndroidManifest.xml:37:17-82
	android:name
		ADDED from [com.google.firebase:firebase-common:22.0.0] /Users/gtesen/.gradle/caches/8.14.3/transforms/ba6e888e91db507a39cd0a493b112a1c/transformed/firebase-common-22.0.0/AndroidManifest.xml:36:17-109
uses-permission#android.permission.WAKE_LOCK
ADDED from [androidx.work:work-runtime:2.10.3] /Users/gtesen/.gradle/caches/8.14.3/transforms/4415b078d78ed3f8ae330b6ef4be3957/transformed/work-runtime-2.10.3/AndroidManifest.xml:23:5-68
	android:name
		ADDED from [androidx.work:work-runtime:2.10.3] /Users/gtesen/.gradle/caches/8.14.3/transforms/4415b078d78ed3f8ae330b6ef4be3957/transformed/work-runtime-2.10.3/AndroidManifest.xml:23:22-65
uses-permission#android.permission.RECEIVE_BOOT_COMPLETED
ADDED from [androidx.work:work-runtime:2.10.3] /Users/gtesen/.gradle/caches/8.14.3/transforms/4415b078d78ed3f8ae330b6ef4be3957/transformed/work-runtime-2.10.3/AndroidManifest.xml:25:5-81
	android:name
		ADDED from [androidx.work:work-runtime:2.10.3] /Users/gtesen/.gradle/caches/8.14.3/transforms/4415b078d78ed3f8ae330b6ef4be3957/transformed/work-runtime-2.10.3/AndroidManifest.xml:25:22-78
uses-permission#android.permission.FOREGROUND_SERVICE
ADDED from [androidx.work:work-runtime:2.10.3] /Users/gtesen/.gradle/caches/8.14.3/transforms/4415b078d78ed3f8ae330b6ef4be3957/transformed/work-runtime-2.10.3/AndroidManifest.xml:26:5-77
	android:name
		ADDED from [androidx.work:work-runtime:2.10.3] /Users/gtesen/.gradle/caches/8.14.3/transforms/4415b078d78ed3f8ae330b6ef4be3957/transformed/work-runtime-2.10.3/AndroidManifest.xml:26:22-74
provider#androidx.startup.InitializationProvider
ADDED from [androidx.work:work-runtime:2.10.3] /Users/gtesen/.gradle/caches/8.14.3/transforms/4415b078d78ed3f8ae330b6ef4be3957/transformed/work-runtime-2.10.3/AndroidManifest.xml:29:9-37:20
MERGED from [androidx.emoji2:emoji2:1.3.0] /Users/gtesen/.gradle/caches/8.14.3/transforms/9bedb642ea6b3ec8092f1a33750d08f7/transformed/emoji2-1.3.0/AndroidManifest.xml:24:9-32:20
MERGED from [androidx.emoji2:emoji2:1.3.0] /Users/gtesen/.gradle/caches/8.14.3/transforms/9bedb642ea6b3ec8092f1a33750d08f7/transformed/emoji2-1.3.0/AndroidManifest.xml:24:9-32:20
MERGED from [androidx.lifecycle:lifecycle-process:2.9.2] /Users/gtesen/.gradle/caches/8.14.3/transforms/1e1e657af00729eeee1265aeb2cc01cf/transformed/lifecycle-process-2.9.2/AndroidManifest.xml:24:9-32:20
MERGED from [androidx.lifecycle:lifecycle-process:2.9.2] /Users/gtesen/.gradle/caches/8.14.3/transforms/1e1e657af00729eeee1265aeb2cc01cf/transformed/lifecycle-process-2.9.2/AndroidManifest.xml:24:9-32:20
MERGED from [androidx.profileinstaller:profileinstaller:1.4.0] /Users/gtesen/.gradle/caches/8.14.3/transforms/629ce72d0f6063adf326f449aace05c0/transformed/profileinstaller-1.4.0/AndroidManifest.xml:24:9-32:20
MERGED from [androidx.profileinstaller:profileinstaller:1.4.0] /Users/gtesen/.gradle/caches/8.14.3/transforms/629ce72d0f6063adf326f449aace05c0/transformed/profileinstaller-1.4.0/AndroidManifest.xml:24:9-32:20
MERGED from [androidx.startup:startup-runtime:1.1.1] /Users/gtesen/.gradle/caches/8.14.3/transforms/865d974ca94050096152a7bd091901f8/transformed/startup-runtime-1.1.1/AndroidManifest.xml:26:9-30:34
MERGED from [androidx.startup:startup-runtime:1.1.1] /Users/gtesen/.gradle/caches/8.14.3/transforms/865d974ca94050096152a7bd091901f8/transformed/startup-runtime-1.1.1/AndroidManifest.xml:26:9-30:34
	tools:node
		ADDED from [androidx.work:work-runtime:2.10.3] /Users/gtesen/.gradle/caches/8.14.3/transforms/4415b078d78ed3f8ae330b6ef4be3957/transformed/work-runtime-2.10.3/AndroidManifest.xml:33:13-31
	android:authorities
		ADDED from [androidx.work:work-runtime:2.10.3] /Users/gtesen/.gradle/caches/8.14.3/transforms/4415b078d78ed3f8ae330b6ef4be3957/transformed/work-runtime-2.10.3/AndroidManifest.xml:31:13-68
	android:exported
		ADDED from [androidx.work:work-runtime:2.10.3] /Users/gtesen/.gradle/caches/8.14.3/transforms/4415b078d78ed3f8ae330b6ef4be3957/transformed/work-runtime-2.10.3/AndroidManifest.xml:32:13-37
	android:name
		ADDED from [androidx.work:work-runtime:2.10.3] /Users/gtesen/.gradle/caches/8.14.3/transforms/4415b078d78ed3f8ae330b6ef4be3957/transformed/work-runtime-2.10.3/AndroidManifest.xml:30:13-67
meta-data#androidx.work.WorkManagerInitializer
ADDED from [androidx.work:work-runtime:2.10.3] /Users/gtesen/.gradle/caches/8.14.3/transforms/4415b078d78ed3f8ae330b6ef4be3957/transformed/work-runtime-2.10.3/AndroidManifest.xml:34:13-36:52
	android:value
		ADDED from [androidx.work:work-runtime:2.10.3] /Users/gtesen/.gradle/caches/8.14.3/transforms/4415b078d78ed3f8ae330b6ef4be3957/transformed/work-runtime-2.10.3/AndroidManifest.xml:36:17-49
	android:name
		ADDED from [androidx.work:work-runtime:2.10.3] /Users/gtesen/.gradle/caches/8.14.3/transforms/4415b078d78ed3f8ae330b6ef4be3957/transformed/work-runtime-2.10.3/AndroidManifest.xml:35:17-68
service#androidx.work.impl.background.systemalarm.SystemAlarmService
ADDED from [androidx.work:work-runtime:2.10.3] /Users/gtesen/.gradle/caches/8.14.3/transforms/4415b078d78ed3f8ae330b6ef4be3957/transformed/work-runtime-2.10.3/AndroidManifest.xml:39:9-45:35
	android:enabled
		ADDED from [androidx.work:work-runtime:2.10.3] /Users/gtesen/.gradle/caches/8.14.3/transforms/4415b078d78ed3f8ae330b6ef4be3957/transformed/work-runtime-2.10.3/AndroidManifest.xml:42:13-72
	android:exported
		ADDED from [androidx.work:work-runtime:2.10.3] /Users/gtesen/.gradle/caches/8.14.3/transforms/4415b078d78ed3f8ae330b6ef4be3957/transformed/work-runtime-2.10.3/AndroidManifest.xml:43:13-37
	tools:ignore
		ADDED from [androidx.work:work-runtime:2.10.3] /Users/gtesen/.gradle/caches/8.14.3/transforms/4415b078d78ed3f8ae330b6ef4be3957/transformed/work-runtime-2.10.3/AndroidManifest.xml:44:13-60
	tools:targetApi
		ADDED from [androidx.work:work-runtime:2.10.3] /Users/gtesen/.gradle/caches/8.14.3/transforms/4415b078d78ed3f8ae330b6ef4be3957/transformed/work-runtime-2.10.3/AndroidManifest.xml:45:13-32
	android:directBootAware
		ADDED from [androidx.work:work-runtime:2.10.3] /Users/gtesen/.gradle/caches/8.14.3/transforms/4415b078d78ed3f8ae330b6ef4be3957/transformed/work-runtime-2.10.3/AndroidManifest.xml:41:13-44
	android:name
		ADDED from [androidx.work:work-runtime:2.10.3] /Users/gtesen/.gradle/caches/8.14.3/transforms/4415b078d78ed3f8ae330b6ef4be3957/transformed/work-runtime-2.10.3/AndroidManifest.xml:40:13-88
service#androidx.work.impl.background.systemjob.SystemJobService
ADDED from [androidx.work:work-runtime:2.10.3] /Users/gtesen/.gradle/caches/8.14.3/transforms/4415b078d78ed3f8ae330b6ef4be3957/transformed/work-runtime-2.10.3/AndroidManifest.xml:46:9-52:35
	android:enabled
		ADDED from [androidx.work:work-runtime:2.10.3] /Users/gtesen/.gradle/caches/8.14.3/transforms/4415b078d78ed3f8ae330b6ef4be3957/transformed/work-runtime-2.10.3/AndroidManifest.xml:49:13-70
	android:exported
		ADDED from [androidx.work:work-runtime:2.10.3] /Users/gtesen/.gradle/caches/8.14.3/transforms/4415b078d78ed3f8ae330b6ef4be3957/transformed/work-runtime-2.10.3/AndroidManifest.xml:50:13-36
	android:permission
		ADDED from [androidx.work:work-runtime:2.10.3] /Users/gtesen/.gradle/caches/8.14.3/transforms/4415b078d78ed3f8ae330b6ef4be3957/transformed/work-runtime-2.10.3/AndroidManifest.xml:51:13-69
	tools:targetApi
		ADDED from [androidx.work:work-runtime:2.10.3] /Users/gtesen/.gradle/caches/8.14.3/transforms/4415b078d78ed3f8ae330b6ef4be3957/transformed/work-runtime-2.10.3/AndroidManifest.xml:52:13-32
	android:directBootAware
		ADDED from [androidx.work:work-runtime:2.10.3] /Users/gtesen/.gradle/caches/8.14.3/transforms/4415b078d78ed3f8ae330b6ef4be3957/transformed/work-runtime-2.10.3/AndroidManifest.xml:48:13-44
	android:name
		ADDED from [androidx.work:work-runtime:2.10.3] /Users/gtesen/.gradle/caches/8.14.3/transforms/4415b078d78ed3f8ae330b6ef4be3957/transformed/work-runtime-2.10.3/AndroidManifest.xml:47:13-84
service#androidx.work.impl.foreground.SystemForegroundService
ADDED from [androidx.work:work-runtime:2.10.3] /Users/gtesen/.gradle/caches/8.14.3/transforms/4415b078d78ed3f8ae330b6ef4be3957/transformed/work-runtime-2.10.3/AndroidManifest.xml:53:9-59:35
	android:enabled
		ADDED from [androidx.work:work-runtime:2.10.3] /Users/gtesen/.gradle/caches/8.14.3/transforms/4415b078d78ed3f8ae330b6ef4be3957/transformed/work-runtime-2.10.3/AndroidManifest.xml:56:13-77
	android:exported
		ADDED from [androidx.work:work-runtime:2.10.3] /Users/gtesen/.gradle/caches/8.14.3/transforms/4415b078d78ed3f8ae330b6ef4be3957/transformed/work-runtime-2.10.3/AndroidManifest.xml:57:13-37
	tools:ignore
		ADDED from [androidx.work:work-runtime:2.10.3] /Users/gtesen/.gradle/caches/8.14.3/transforms/4415b078d78ed3f8ae330b6ef4be3957/transformed/work-runtime-2.10.3/AndroidManifest.xml:58:13-60
	tools:targetApi
		ADDED from [androidx.work:work-runtime:2.10.3] /Users/gtesen/.gradle/caches/8.14.3/transforms/4415b078d78ed3f8ae330b6ef4be3957/transformed/work-runtime-2.10.3/AndroidManifest.xml:59:13-32
	android:directBootAware
		ADDED from [androidx.work:work-runtime:2.10.3] /Users/gtesen/.gradle/caches/8.14.3/transforms/4415b078d78ed3f8ae330b6ef4be3957/transformed/work-runtime-2.10.3/AndroidManifest.xml:55:13-44
	android:name
		ADDED from [androidx.work:work-runtime:2.10.3] /Users/gtesen/.gradle/caches/8.14.3/transforms/4415b078d78ed3f8ae330b6ef4be3957/transformed/work-runtime-2.10.3/AndroidManifest.xml:54:13-81
receiver#androidx.work.impl.utils.ForceStopRunnable$BroadcastReceiver
ADDED from [androidx.work:work-runtime:2.10.3] /Users/gtesen/.gradle/caches/8.14.3/transforms/4415b078d78ed3f8ae330b6ef4be3957/transformed/work-runtime-2.10.3/AndroidManifest.xml:61:9-66:35
	android:enabled
		ADDED from [androidx.work:work-runtime:2.10.3] /Users/gtesen/.gradle/caches/8.14.3/transforms/4415b078d78ed3f8ae330b6ef4be3957/transformed/work-runtime-2.10.3/AndroidManifest.xml:64:13-35
	android:exported
		ADDED from [androidx.work:work-runtime:2.10.3] /Users/gtesen/.gradle/caches/8.14.3/transforms/4415b078d78ed3f8ae330b6ef4be3957/transformed/work-runtime-2.10.3/AndroidManifest.xml:65:13-37
	tools:targetApi
		ADDED from [androidx.work:work-runtime:2.10.3] /Users/gtesen/.gradle/caches/8.14.3/transforms/4415b078d78ed3f8ae330b6ef4be3957/transformed/work-runtime-2.10.3/AndroidManifest.xml:66:13-32
	android:directBootAware
		ADDED from [androidx.work:work-runtime:2.10.3] /Users/gtesen/.gradle/caches/8.14.3/transforms/4415b078d78ed3f8ae330b6ef4be3957/transformed/work-runtime-2.10.3/AndroidManifest.xml:63:13-44
	android:name
		ADDED from [androidx.work:work-runtime:2.10.3] /Users/gtesen/.gradle/caches/8.14.3/transforms/4415b078d78ed3f8ae330b6ef4be3957/transformed/work-runtime-2.10.3/AndroidManifest.xml:62:13-88
receiver#androidx.work.impl.background.systemalarm.ConstraintProxy$BatteryChargingProxy
ADDED from [androidx.work:work-runtime:2.10.3] /Users/gtesen/.gradle/caches/8.14.3/transforms/4415b078d78ed3f8ae330b6ef4be3957/transformed/work-runtime-2.10.3/AndroidManifest.xml:67:9-77:20
	android:enabled
		ADDED from [androidx.work:work-runtime:2.10.3] /Users/gtesen/.gradle/caches/8.14.3/transforms/4415b078d78ed3f8ae330b6ef4be3957/transformed/work-runtime-2.10.3/AndroidManifest.xml:70:13-36
	android:exported
		ADDED from [androidx.work:work-runtime:2.10.3] /Users/gtesen/.gradle/caches/8.14.3/transforms/4415b078d78ed3f8ae330b6ef4be3957/transformed/work-runtime-2.10.3/AndroidManifest.xml:71:13-37
	tools:targetApi
		ADDED from [androidx.work:work-runtime:2.10.3] /Users/gtesen/.gradle/caches/8.14.3/transforms/4415b078d78ed3f8ae330b6ef4be3957/transformed/work-runtime-2.10.3/AndroidManifest.xml:72:13-32
	android:directBootAware
		ADDED from [androidx.work:work-runtime:2.10.3] /Users/gtesen/.gradle/caches/8.14.3/transforms/4415b078d78ed3f8ae330b6ef4be3957/transformed/work-runtime-2.10.3/AndroidManifest.xml:69:13-44
	android:name
		ADDED from [androidx.work:work-runtime:2.10.3] /Users/gtesen/.gradle/caches/8.14.3/transforms/4415b078d78ed3f8ae330b6ef4be3957/transformed/work-runtime-2.10.3/AndroidManifest.xml:68:13-106
intent-filter#action:name:android.intent.action.ACTION_POWER_CONNECTED+action:name:android.intent.action.ACTION_POWER_DISCONNECTED
ADDED from [androidx.work:work-runtime:2.10.3] /Users/gtesen/.gradle/caches/8.14.3/transforms/4415b078d78ed3f8ae330b6ef4be3957/transformed/work-runtime-2.10.3/AndroidManifest.xml:73:13-76:29
action#android.intent.action.ACTION_POWER_CONNECTED
ADDED from [androidx.work:work-runtime:2.10.3] /Users/gtesen/.gradle/caches/8.14.3/transforms/4415b078d78ed3f8ae330b6ef4be3957/transformed/work-runtime-2.10.3/AndroidManifest.xml:74:17-87
	android:name
		ADDED from [androidx.work:work-runtime:2.10.3] /Users/gtesen/.gradle/caches/8.14.3/transforms/4415b078d78ed3f8ae330b6ef4be3957/transformed/work-runtime-2.10.3/AndroidManifest.xml:74:25-84
action#android.intent.action.ACTION_POWER_DISCONNECTED
ADDED from [androidx.work:work-runtime:2.10.3] /Users/gtesen/.gradle/caches/8.14.3/transforms/4415b078d78ed3f8ae330b6ef4be3957/transformed/work-runtime-2.10.3/AndroidManifest.xml:75:17-90
	android:name
		ADDED from [androidx.work:work-runtime:2.10.3] /Users/gtesen/.gradle/caches/8.14.3/transforms/4415b078d78ed3f8ae330b6ef4be3957/transformed/work-runtime-2.10.3/AndroidManifest.xml:75:25-87
receiver#androidx.work.impl.background.systemalarm.ConstraintProxy$BatteryNotLowProxy
ADDED from [androidx.work:work-runtime:2.10.3] /Users/gtesen/.gradle/caches/8.14.3/transforms/4415b078d78ed3f8ae330b6ef4be3957/transformed/work-runtime-2.10.3/AndroidManifest.xml:78:9-88:20
	android:enabled
		ADDED from [androidx.work:work-runtime:2.10.3] /Users/gtesen/.gradle/caches/8.14.3/transforms/4415b078d78ed3f8ae330b6ef4be3957/transformed/work-runtime-2.10.3/AndroidManifest.xml:81:13-36
	android:exported
		ADDED from [androidx.work:work-runtime:2.10.3] /Users/gtesen/.gradle/caches/8.14.3/transforms/4415b078d78ed3f8ae330b6ef4be3957/transformed/work-runtime-2.10.3/AndroidManifest.xml:82:13-37
	tools:targetApi
		ADDED from [androidx.work:work-runtime:2.10.3] /Users/gtesen/.gradle/caches/8.14.3/transforms/4415b078d78ed3f8ae330b6ef4be3957/transformed/work-runtime-2.10.3/AndroidManifest.xml:83:13-32
	android:directBootAware
		ADDED from [androidx.work:work-runtime:2.10.3] /Users/gtesen/.gradle/caches/8.14.3/transforms/4415b078d78ed3f8ae330b6ef4be3957/transformed/work-runtime-2.10.3/AndroidManifest.xml:80:13-44
	android:name
		ADDED from [androidx.work:work-runtime:2.10.3] /Users/gtesen/.gradle/caches/8.14.3/transforms/4415b078d78ed3f8ae330b6ef4be3957/transformed/work-runtime-2.10.3/AndroidManifest.xml:79:13-104
intent-filter#action:name:android.intent.action.BATTERY_LOW+action:name:android.intent.action.BATTERY_OKAY
ADDED from [androidx.work:work-runtime:2.10.3] /Users/gtesen/.gradle/caches/8.14.3/transforms/4415b078d78ed3f8ae330b6ef4be3957/transformed/work-runtime-2.10.3/AndroidManifest.xml:84:13-87:29
action#android.intent.action.BATTERY_OKAY
ADDED from [androidx.work:work-runtime:2.10.3] /Users/gtesen/.gradle/caches/8.14.3/transforms/4415b078d78ed3f8ae330b6ef4be3957/transformed/work-runtime-2.10.3/AndroidManifest.xml:85:17-77
	android:name
		ADDED from [androidx.work:work-runtime:2.10.3] /Users/gtesen/.gradle/caches/8.14.3/transforms/4415b078d78ed3f8ae330b6ef4be3957/transformed/work-runtime-2.10.3/AndroidManifest.xml:85:25-74
action#android.intent.action.BATTERY_LOW
ADDED from [androidx.work:work-runtime:2.10.3] /Users/gtesen/.gradle/caches/8.14.3/transforms/4415b078d78ed3f8ae330b6ef4be3957/transformed/work-runtime-2.10.3/AndroidManifest.xml:86:17-76
	android:name
		ADDED from [androidx.work:work-runtime:2.10.3] /Users/gtesen/.gradle/caches/8.14.3/transforms/4415b078d78ed3f8ae330b6ef4be3957/transformed/work-runtime-2.10.3/AndroidManifest.xml:86:25-73
receiver#androidx.work.impl.background.systemalarm.ConstraintProxy$StorageNotLowProxy
ADDED from [androidx.work:work-runtime:2.10.3] /Users/gtesen/.gradle/caches/8.14.3/transforms/4415b078d78ed3f8ae330b6ef4be3957/transformed/work-runtime-2.10.3/AndroidManifest.xml:89:9-99:20
	android:enabled
		ADDED from [androidx.work:work-runtime:2.10.3] /Users/gtesen/.gradle/caches/8.14.3/transforms/4415b078d78ed3f8ae330b6ef4be3957/transformed/work-runtime-2.10.3/AndroidManifest.xml:92:13-36
	android:exported
		ADDED from [androidx.work:work-runtime:2.10.3] /Users/gtesen/.gradle/caches/8.14.3/transforms/4415b078d78ed3f8ae330b6ef4be3957/transformed/work-runtime-2.10.3/AndroidManifest.xml:93:13-37
	tools:targetApi
		ADDED from [androidx.work:work-runtime:2.10.3] /Users/gtesen/.gradle/caches/8.14.3/transforms/4415b078d78ed3f8ae330b6ef4be3957/transformed/work-runtime-2.10.3/AndroidManifest.xml:94:13-32
	android:directBootAware
		ADDED from [androidx.work:work-runtime:2.10.3] /Users/gtesen/.gradle/caches/8.14.3/transforms/4415b078d78ed3f8ae330b6ef4be3957/transformed/work-runtime-2.10.3/AndroidManifest.xml:91:13-44
	android:name
		ADDED from [androidx.work:work-runtime:2.10.3] /Users/gtesen/.gradle/caches/8.14.3/transforms/4415b078d78ed3f8ae330b6ef4be3957/transformed/work-runtime-2.10.3/AndroidManifest.xml:90:13-104
intent-filter#action:name:android.intent.action.DEVICE_STORAGE_LOW+action:name:android.intent.action.DEVICE_STORAGE_OK
ADDED from [androidx.work:work-runtime:2.10.3] /Users/gtesen/.gradle/caches/8.14.3/transforms/4415b078d78ed3f8ae330b6ef4be3957/transformed/work-runtime-2.10.3/AndroidManifest.xml:95:13-98:29
action#android.intent.action.DEVICE_STORAGE_LOW
ADDED from [androidx.work:work-runtime:2.10.3] /Users/gtesen/.gradle/caches/8.14.3/transforms/4415b078d78ed3f8ae330b6ef4be3957/transformed/work-runtime-2.10.3/AndroidManifest.xml:96:17-83
	android:name
		ADDED from [androidx.work:work-runtime:2.10.3] /Users/gtesen/.gradle/caches/8.14.3/transforms/4415b078d78ed3f8ae330b6ef4be3957/transformed/work-runtime-2.10.3/AndroidManifest.xml:96:25-80
action#android.intent.action.DEVICE_STORAGE_OK
ADDED from [androidx.work:work-runtime:2.10.3] /Users/gtesen/.gradle/caches/8.14.3/transforms/4415b078d78ed3f8ae330b6ef4be3957/transformed/work-runtime-2.10.3/AndroidManifest.xml:97:17-82
	android:name
		ADDED from [androidx.work:work-runtime:2.10.3] /Users/gtesen/.gradle/caches/8.14.3/transforms/4415b078d78ed3f8ae330b6ef4be3957/transformed/work-runtime-2.10.3/AndroidManifest.xml:97:25-79
receiver#androidx.work.impl.background.systemalarm.ConstraintProxy$NetworkStateProxy
ADDED from [androidx.work:work-runtime:2.10.3] /Users/gtesen/.gradle/caches/8.14.3/transforms/4415b078d78ed3f8ae330b6ef4be3957/transformed/work-runtime-2.10.3/AndroidManifest.xml:100:9-109:20
	android:enabled
		ADDED from [androidx.work:work-runtime:2.10.3] /Users/gtesen/.gradle/caches/8.14.3/transforms/4415b078d78ed3f8ae330b6ef4be3957/transformed/work-runtime-2.10.3/AndroidManifest.xml:103:13-36
	android:exported
		ADDED from [androidx.work:work-runtime:2.10.3] /Users/gtesen/.gradle/caches/8.14.3/transforms/4415b078d78ed3f8ae330b6ef4be3957/transformed/work-runtime-2.10.3/AndroidManifest.xml:104:13-37
	tools:targetApi
		ADDED from [androidx.work:work-runtime:2.10.3] /Users/gtesen/.gradle/caches/8.14.3/transforms/4415b078d78ed3f8ae330b6ef4be3957/transformed/work-runtime-2.10.3/AndroidManifest.xml:105:13-32
	android:directBootAware
		ADDED from [androidx.work:work-runtime:2.10.3] /Users/gtesen/.gradle/caches/8.14.3/transforms/4415b078d78ed3f8ae330b6ef4be3957/transformed/work-runtime-2.10.3/AndroidManifest.xml:102:13-44
	android:name
		ADDED from [androidx.work:work-runtime:2.10.3] /Users/gtesen/.gradle/caches/8.14.3/transforms/4415b078d78ed3f8ae330b6ef4be3957/transformed/work-runtime-2.10.3/AndroidManifest.xml:101:13-103
intent-filter#action:name:android.net.conn.CONNECTIVITY_CHANGE
ADDED from [androidx.work:work-runtime:2.10.3] /Users/gtesen/.gradle/caches/8.14.3/transforms/4415b078d78ed3f8ae330b6ef4be3957/transformed/work-runtime-2.10.3/AndroidManifest.xml:106:13-108:29
action#android.net.conn.CONNECTIVITY_CHANGE
ADDED from [androidx.work:work-runtime:2.10.3] /Users/gtesen/.gradle/caches/8.14.3/transforms/4415b078d78ed3f8ae330b6ef4be3957/transformed/work-runtime-2.10.3/AndroidManifest.xml:107:17-79
	android:name
		ADDED from [androidx.work:work-runtime:2.10.3] /Users/gtesen/.gradle/caches/8.14.3/transforms/4415b078d78ed3f8ae330b6ef4be3957/transformed/work-runtime-2.10.3/AndroidManifest.xml:107:25-76
receiver#androidx.work.impl.background.systemalarm.RescheduleReceiver
ADDED from [androidx.work:work-runtime:2.10.3] /Users/gtesen/.gradle/caches/8.14.3/transforms/4415b078d78ed3f8ae330b6ef4be3957/transformed/work-runtime-2.10.3/AndroidManifest.xml:110:9-121:20
	android:enabled
		ADDED from [androidx.work:work-runtime:2.10.3] /Users/gtesen/.gradle/caches/8.14.3/transforms/4415b078d78ed3f8ae330b6ef4be3957/transformed/work-runtime-2.10.3/AndroidManifest.xml:113:13-36
	android:exported
		ADDED from [androidx.work:work-runtime:2.10.3] /Users/gtesen/.gradle/caches/8.14.3/transforms/4415b078d78ed3f8ae330b6ef4be3957/transformed/work-runtime-2.10.3/AndroidManifest.xml:114:13-37
	tools:targetApi
		ADDED from [androidx.work:work-runtime:2.10.3] /Users/gtesen/.gradle/caches/8.14.3/transforms/4415b078d78ed3f8ae330b6ef4be3957/transformed/work-runtime-2.10.3/AndroidManifest.xml:115:13-32
	android:directBootAware
		ADDED from [androidx.work:work-runtime:2.10.3] /Users/gtesen/.gradle/caches/8.14.3/transforms/4415b078d78ed3f8ae330b6ef4be3957/transformed/work-runtime-2.10.3/AndroidManifest.xml:112:13-44
	android:name
		ADDED from [androidx.work:work-runtime:2.10.3] /Users/gtesen/.gradle/caches/8.14.3/transforms/4415b078d78ed3f8ae330b6ef4be3957/transformed/work-runtime-2.10.3/AndroidManifest.xml:111:13-88
intent-filter#action:name:android.intent.action.BOOT_COMPLETED+action:name:android.intent.action.TIMEZONE_CHANGED+action:name:android.intent.action.TIME_SET
ADDED from [androidx.work:work-runtime:2.10.3] /Users/gtesen/.gradle/caches/8.14.3/transforms/4415b078d78ed3f8ae330b6ef4be3957/transformed/work-runtime-2.10.3/AndroidManifest.xml:116:13-120:29
action#android.intent.action.BOOT_COMPLETED
ADDED from [androidx.work:work-runtime:2.10.3] /Users/gtesen/.gradle/caches/8.14.3/transforms/4415b078d78ed3f8ae330b6ef4be3957/transformed/work-runtime-2.10.3/AndroidManifest.xml:117:17-79
	android:name
		ADDED from [androidx.work:work-runtime:2.10.3] /Users/gtesen/.gradle/caches/8.14.3/transforms/4415b078d78ed3f8ae330b6ef4be3957/transformed/work-runtime-2.10.3/AndroidManifest.xml:117:25-76
action#android.intent.action.TIME_SET
ADDED from [androidx.work:work-runtime:2.10.3] /Users/gtesen/.gradle/caches/8.14.3/transforms/4415b078d78ed3f8ae330b6ef4be3957/transformed/work-runtime-2.10.3/AndroidManifest.xml:118:17-73
	android:name
		ADDED from [androidx.work:work-runtime:2.10.3] /Users/gtesen/.gradle/caches/8.14.3/transforms/4415b078d78ed3f8ae330b6ef4be3957/transformed/work-runtime-2.10.3/AndroidManifest.xml:118:25-70
action#android.intent.action.TIMEZONE_CHANGED
ADDED from [androidx.work:work-runtime:2.10.3] /Users/gtesen/.gradle/caches/8.14.3/transforms/4415b078d78ed3f8ae330b6ef4be3957/transformed/work-runtime-2.10.3/AndroidManifest.xml:119:17-81
	android:name
		ADDED from [androidx.work:work-runtime:2.10.3] /Users/gtesen/.gradle/caches/8.14.3/transforms/4415b078d78ed3f8ae330b6ef4be3957/transformed/work-runtime-2.10.3/AndroidManifest.xml:119:25-78
receiver#androidx.work.impl.background.systemalarm.ConstraintProxyUpdateReceiver
ADDED from [androidx.work:work-runtime:2.10.3] /Users/gtesen/.gradle/caches/8.14.3/transforms/4415b078d78ed3f8ae330b6ef4be3957/transformed/work-runtime-2.10.3/AndroidManifest.xml:122:9-131:20
	android:enabled
		ADDED from [androidx.work:work-runtime:2.10.3] /Users/gtesen/.gradle/caches/8.14.3/transforms/4415b078d78ed3f8ae330b6ef4be3957/transformed/work-runtime-2.10.3/AndroidManifest.xml:125:13-72
	android:exported
		ADDED from [androidx.work:work-runtime:2.10.3] /Users/gtesen/.gradle/caches/8.14.3/transforms/4415b078d78ed3f8ae330b6ef4be3957/transformed/work-runtime-2.10.3/AndroidManifest.xml:126:13-37
	tools:targetApi
		ADDED from [androidx.work:work-runtime:2.10.3] /Users/gtesen/.gradle/caches/8.14.3/transforms/4415b078d78ed3f8ae330b6ef4be3957/transformed/work-runtime-2.10.3/AndroidManifest.xml:127:13-32
	android:directBootAware
		ADDED from [androidx.work:work-runtime:2.10.3] /Users/gtesen/.gradle/caches/8.14.3/transforms/4415b078d78ed3f8ae330b6ef4be3957/transformed/work-runtime-2.10.3/AndroidManifest.xml:124:13-44
	android:name
		ADDED from [androidx.work:work-runtime:2.10.3] /Users/gtesen/.gradle/caches/8.14.3/transforms/4415b078d78ed3f8ae330b6ef4be3957/transformed/work-runtime-2.10.3/AndroidManifest.xml:123:13-99
intent-filter#action:name:androidx.work.impl.background.systemalarm.UpdateProxies
ADDED from [androidx.work:work-runtime:2.10.3] /Users/gtesen/.gradle/caches/8.14.3/transforms/4415b078d78ed3f8ae330b6ef4be3957/transformed/work-runtime-2.10.3/AndroidManifest.xml:128:13-130:29
action#androidx.work.impl.background.systemalarm.UpdateProxies
ADDED from [androidx.work:work-runtime:2.10.3] /Users/gtesen/.gradle/caches/8.14.3/transforms/4415b078d78ed3f8ae330b6ef4be3957/transformed/work-runtime-2.10.3/AndroidManifest.xml:129:17-98
	android:name
		ADDED from [androidx.work:work-runtime:2.10.3] /Users/gtesen/.gradle/caches/8.14.3/transforms/4415b078d78ed3f8ae330b6ef4be3957/transformed/work-runtime-2.10.3/AndroidManifest.xml:129:25-95
receiver#androidx.work.impl.diagnostics.DiagnosticsReceiver
ADDED from [androidx.work:work-runtime:2.10.3] /Users/gtesen/.gradle/caches/8.14.3/transforms/4415b078d78ed3f8ae330b6ef4be3957/transformed/work-runtime-2.10.3/AndroidManifest.xml:132:9-142:20
	android:enabled
		ADDED from [androidx.work:work-runtime:2.10.3] /Users/gtesen/.gradle/caches/8.14.3/transforms/4415b078d78ed3f8ae330b6ef4be3957/transformed/work-runtime-2.10.3/AndroidManifest.xml:135:13-35
	android:exported
		ADDED from [androidx.work:work-runtime:2.10.3] /Users/gtesen/.gradle/caches/8.14.3/transforms/4415b078d78ed3f8ae330b6ef4be3957/transformed/work-runtime-2.10.3/AndroidManifest.xml:136:13-36
	android:permission
		ADDED from [androidx.work:work-runtime:2.10.3] /Users/gtesen/.gradle/caches/8.14.3/transforms/4415b078d78ed3f8ae330b6ef4be3957/transformed/work-runtime-2.10.3/AndroidManifest.xml:137:13-57
	tools:targetApi
		ADDED from [androidx.work:work-runtime:2.10.3] /Users/gtesen/.gradle/caches/8.14.3/transforms/4415b078d78ed3f8ae330b6ef4be3957/transformed/work-runtime-2.10.3/AndroidManifest.xml:138:13-32
	android:directBootAware
		ADDED from [androidx.work:work-runtime:2.10.3] /Users/gtesen/.gradle/caches/8.14.3/transforms/4415b078d78ed3f8ae330b6ef4be3957/transformed/work-runtime-2.10.3/AndroidManifest.xml:134:13-44
	android:name
		ADDED from [androidx.work:work-runtime:2.10.3] /Users/gtesen/.gradle/caches/8.14.3/transforms/4415b078d78ed3f8ae330b6ef4be3957/transformed/work-runtime-2.10.3/AndroidManifest.xml:133:13-78
intent-filter#action:name:androidx.work.diagnostics.REQUEST_DIAGNOSTICS
ADDED from [androidx.work:work-runtime:2.10.3] /Users/gtesen/.gradle/caches/8.14.3/transforms/4415b078d78ed3f8ae330b6ef4be3957/transformed/work-runtime-2.10.3/AndroidManifest.xml:139:13-141:29
action#androidx.work.diagnostics.REQUEST_DIAGNOSTICS
ADDED from [androidx.work:work-runtime:2.10.3] /Users/gtesen/.gradle/caches/8.14.3/transforms/4415b078d78ed3f8ae330b6ef4be3957/transformed/work-runtime-2.10.3/AndroidManifest.xml:140:17-88
	android:name
		ADDED from [androidx.work:work-runtime:2.10.3] /Users/gtesen/.gradle/caches/8.14.3/transforms/4415b078d78ed3f8ae330b6ef4be3957/transformed/work-runtime-2.10.3/AndroidManifest.xml:140:25-85
meta-data#androidx.emoji2.text.EmojiCompatInitializer
ADDED from [androidx.emoji2:emoji2:1.3.0] /Users/gtesen/.gradle/caches/8.14.3/transforms/9bedb642ea6b3ec8092f1a33750d08f7/transformed/emoji2-1.3.0/AndroidManifest.xml:29:13-31:52
	android:value
		ADDED from [androidx.emoji2:emoji2:1.3.0] /Users/gtesen/.gradle/caches/8.14.3/transforms/9bedb642ea6b3ec8092f1a33750d08f7/transformed/emoji2-1.3.0/AndroidManifest.xml:31:17-49
	android:name
		ADDED from [androidx.emoji2:emoji2:1.3.0] /Users/gtesen/.gradle/caches/8.14.3/transforms/9bedb642ea6b3ec8092f1a33750d08f7/transformed/emoji2-1.3.0/AndroidManifest.xml:30:17-75
meta-data#androidx.lifecycle.ProcessLifecycleInitializer
ADDED from [androidx.lifecycle:lifecycle-process:2.9.2] /Users/gtesen/.gradle/caches/8.14.3/transforms/1e1e657af00729eeee1265aeb2cc01cf/transformed/lifecycle-process-2.9.2/AndroidManifest.xml:29:13-31:52
	android:value
		ADDED from [androidx.lifecycle:lifecycle-process:2.9.2] /Users/gtesen/.gradle/caches/8.14.3/transforms/1e1e657af00729eeee1265aeb2cc01cf/transformed/lifecycle-process-2.9.2/AndroidManifest.xml:31:17-49
	android:name
		ADDED from [androidx.lifecycle:lifecycle-process:2.9.2] /Users/gtesen/.gradle/caches/8.14.3/transforms/1e1e657af00729eeee1265aeb2cc01cf/transformed/lifecycle-process-2.9.2/AndroidManifest.xml:30:17-78
permission#${applicationId}.DYNAMIC_RECEIVER_NOT_EXPORTED_PERMISSION
ADDED from [androidx.core:core:1.17.0] /Users/gtesen/.gradle/caches/8.14.3/transforms/dc9151437d2473234c9e3798a653da8c/transformed/core-1.17.0/AndroidManifest.xml:22:5-24:47
	android:protectionLevel
		ADDED from [androidx.core:core:1.17.0] /Users/gtesen/.gradle/caches/8.14.3/transforms/dc9151437d2473234c9e3798a653da8c/transformed/core-1.17.0/AndroidManifest.xml:24:9-44
	android:name
		ADDED from [androidx.core:core:1.17.0] /Users/gtesen/.gradle/caches/8.14.3/transforms/dc9151437d2473234c9e3798a653da8c/transformed/core-1.17.0/AndroidManifest.xml:23:9-81
permission#com.example.app_rutas.DYNAMIC_RECEIVER_NOT_EXPORTED_PERMISSION
ADDED from [androidx.core:core:1.17.0] /Users/gtesen/.gradle/caches/8.14.3/transforms/dc9151437d2473234c9e3798a653da8c/transformed/core-1.17.0/AndroidManifest.xml:22:5-24:47
	android:protectionLevel
		ADDED from [androidx.core:core:1.17.0] /Users/gtesen/.gradle/caches/8.14.3/transforms/dc9151437d2473234c9e3798a653da8c/transformed/core-1.17.0/AndroidManifest.xml:24:9-44
	android:name
		ADDED from [androidx.core:core:1.17.0] /Users/gtesen/.gradle/caches/8.14.3/transforms/dc9151437d2473234c9e3798a653da8c/transformed/core-1.17.0/AndroidManifest.xml:23:9-81
uses-permission#${applicationId}.DYNAMIC_RECEIVER_NOT_EXPORTED_PERMISSION
ADDED from [androidx.core:core:1.17.0] /Users/gtesen/.gradle/caches/8.14.3/transforms/dc9151437d2473234c9e3798a653da8c/transformed/core-1.17.0/AndroidManifest.xml:26:5-97
	android:name
		ADDED from [androidx.core:core:1.17.0] /Users/gtesen/.gradle/caches/8.14.3/transforms/dc9151437d2473234c9e3798a653da8c/transformed/core-1.17.0/AndroidManifest.xml:26:22-94
uses-permission#com.example.app_rutas.DYNAMIC_RECEIVER_NOT_EXPORTED_PERMISSION
ADDED from [androidx.core:core:1.17.0] /Users/gtesen/.gradle/caches/8.14.3/transforms/dc9151437d2473234c9e3798a653da8c/transformed/core-1.17.0/AndroidManifest.xml:26:5-97
	android:name
		ADDED from [androidx.core:core:1.17.0] /Users/gtesen/.gradle/caches/8.14.3/transforms/dc9151437d2473234c9e3798a653da8c/transformed/core-1.17.0/AndroidManifest.xml:26:22-94
service#androidx.room.MultiInstanceInvalidationService
ADDED from [androidx.room:room-runtime-android:2.7.2] /Users/gtesen/.gradle/caches/8.14.3/transforms/a080f2c4722f37c5d575998ed88f8487/transformed/room-runtime-release/AndroidManifest.xml:24:9-28:63
	android:exported
		ADDED from [androidx.room:room-runtime-android:2.7.2] /Users/gtesen/.gradle/caches/8.14.3/transforms/a080f2c4722f37c5d575998ed88f8487/transformed/room-runtime-release/AndroidManifest.xml:27:13-37
	tools:ignore
		ADDED from [androidx.room:room-runtime-android:2.7.2] /Users/gtesen/.gradle/caches/8.14.3/transforms/a080f2c4722f37c5d575998ed88f8487/transformed/room-runtime-release/AndroidManifest.xml:28:13-60
	android:directBootAware
		ADDED from [androidx.room:room-runtime-android:2.7.2] /Users/gtesen/.gradle/caches/8.14.3/transforms/a080f2c4722f37c5d575998ed88f8487/transformed/room-runtime-release/AndroidManifest.xml:26:13-43
	android:name
		ADDED from [androidx.room:room-runtime-android:2.7.2] /Users/gtesen/.gradle/caches/8.14.3/transforms/a080f2c4722f37c5d575998ed88f8487/transformed/room-runtime-release/AndroidManifest.xml:25:13-74
uses-permission#com.google.android.providers.gsf.permission.READ_GSERVICES
ADDED from [com.google.android.recaptcha:recaptcha:18.6.1] /Users/gtesen/.gradle/caches/8.14.3/transforms/77fced72e6c6cb82041e2c19ce87d255/transformed/recaptcha-18.6.1/AndroidManifest.xml:9:5-98
	android:name
		ADDED from [com.google.android.recaptcha:recaptcha:18.6.1] /Users/gtesen/.gradle/caches/8.14.3/transforms/77fced72e6c6cb82041e2c19ce87d255/transformed/recaptcha-18.6.1/AndroidManifest.xml:9:22-95
meta-data#com.google.android.gms.version
ADDED from [com.google.android.gms:play-services-basement:18.4.0] /Users/gtesen/.gradle/caches/8.14.3/transforms/872ca23f34ca48a07c6ee6fd682933a8/transformed/play-services-basement-18.4.0/AndroidManifest.xml:6:9-122
MERGED from [com.google.maps.android:android-maps-utils:2.4.0] /Users/gtesen/.gradle/caches/8.14.3/transforms/8bbd3c4444a09a6cd435f2756cff0477/transformed/android-maps-utils-2.4.0/AndroidManifest.xml:10:9-12:69
MERGED from [com.google.maps.android:android-maps-utils:2.4.0] /Users/gtesen/.gradle/caches/8.14.3/transforms/8bbd3c4444a09a6cd435f2756cff0477/transformed/android-maps-utils-2.4.0/AndroidManifest.xml:10:9-12:69
	android:value
		ADDED from [com.google.android.gms:play-services-basement:18.4.0] /Users/gtesen/.gradle/caches/8.14.3/transforms/872ca23f34ca48a07c6ee6fd682933a8/transformed/play-services-basement-18.4.0/AndroidManifest.xml:6:66-119
	android:name
		ADDED from [com.google.android.gms:play-services-basement:18.4.0] /Users/gtesen/.gradle/caches/8.14.3/transforms/872ca23f34ca48a07c6ee6fd682933a8/transformed/play-services-basement-18.4.0/AndroidManifest.xml:6:20-65
meta-data#androidx.profileinstaller.ProfileInstallerInitializer
ADDED from [androidx.profileinstaller:profileinstaller:1.4.0] /Users/gtesen/.gradle/caches/8.14.3/transforms/629ce72d0f6063adf326f449aace05c0/transformed/profileinstaller-1.4.0/AndroidManifest.xml:29:13-31:52
	android:value
		ADDED from [androidx.profileinstaller:profileinstaller:1.4.0] /Users/gtesen/.gradle/caches/8.14.3/transforms/629ce72d0f6063adf326f449aace05c0/transformed/profileinstaller-1.4.0/AndroidManifest.xml:31:17-49
	android:name
		ADDED from [androidx.profileinstaller:profileinstaller:1.4.0] /Users/gtesen/.gradle/caches/8.14.3/transforms/629ce72d0f6063adf326f449aace05c0/transformed/profileinstaller-1.4.0/AndroidManifest.xml:30:17-85
receiver#androidx.profileinstaller.ProfileInstallReceiver
ADDED from [androidx.profileinstaller:profileinstaller:1.4.0] /Users/gtesen/.gradle/caches/8.14.3/transforms/629ce72d0f6063adf326f449aace05c0/transformed/profileinstaller-1.4.0/AndroidManifest.xml:34:9-52:20
	android:enabled
		ADDED from [androidx.profileinstaller:profileinstaller:1.4.0] /Users/gtesen/.gradle/caches/8.14.3/transforms/629ce72d0f6063adf326f449aace05c0/transformed/profileinstaller-1.4.0/AndroidManifest.xml:37:13-35
	android:exported
		ADDED from [androidx.profileinstaller:profileinstaller:1.4.0] /Users/gtesen/.gradle/caches/8.14.3/transforms/629ce72d0f6063adf326f449aace05c0/transformed/profileinstaller-1.4.0/AndroidManifest.xml:38:13-36
	android:permission
		ADDED from [androidx.profileinstaller:profileinstaller:1.4.0] /Users/gtesen/.gradle/caches/8.14.3/transforms/629ce72d0f6063adf326f449aace05c0/transformed/profileinstaller-1.4.0/AndroidManifest.xml:39:13-57
	android:directBootAware
		ADDED from [androidx.profileinstaller:profileinstaller:1.4.0] /Users/gtesen/.gradle/caches/8.14.3/transforms/629ce72d0f6063adf326f449aace05c0/transformed/profileinstaller-1.4.0/AndroidManifest.xml:36:13-44
	android:name
		ADDED from [androidx.profileinstaller:profileinstaller:1.4.0] /Users/gtesen/.gradle/caches/8.14.3/transforms/629ce72d0f6063adf326f449aace05c0/transformed/profileinstaller-1.4.0/AndroidManifest.xml:35:13-76
intent-filter#action:name:androidx.profileinstaller.action.INSTALL_PROFILE
ADDED from [androidx.profileinstaller:profileinstaller:1.4.0] /Users/gtesen/.gradle/caches/8.14.3/transforms/629ce72d0f6063adf326f449aace05c0/transformed/profileinstaller-1.4.0/AndroidManifest.xml:40:13-42:29
action#androidx.profileinstaller.action.INSTALL_PROFILE
ADDED from [androidx.profileinstaller:profileinstaller:1.4.0] /Users/gtesen/.gradle/caches/8.14.3/transforms/629ce72d0f6063adf326f449aace05c0/transformed/profileinstaller-1.4.0/AndroidManifest.xml:41:17-91
	android:name
		ADDED from [androidx.profileinstaller:profileinstaller:1.4.0] /Users/gtesen/.gradle/caches/8.14.3/transforms/629ce72d0f6063adf326f449aace05c0/transformed/profileinstaller-1.4.0/AndroidManifest.xml:41:25-88
intent-filter#action:name:androidx.profileinstaller.action.SKIP_FILE
ADDED from [androidx.profileinstaller:profileinstaller:1.4.0] /Users/gtesen/.gradle/caches/8.14.3/transforms/629ce72d0f6063adf326f449aace05c0/transformed/profileinstaller-1.4.0/AndroidManifest.xml:43:13-45:29
action#androidx.profileinstaller.action.SKIP_FILE
ADDED from [androidx.profileinstaller:profileinstaller:1.4.0] /Users/gtesen/.gradle/caches/8.14.3/transforms/629ce72d0f6063adf326f449aace05c0/transformed/profileinstaller-1.4.0/AndroidManifest.xml:44:17-85
	android:name
		ADDED from [androidx.profileinstaller:profileinstaller:1.4.0] /Users/gtesen/.gradle/caches/8.14.3/transforms/629ce72d0f6063adf326f449aace05c0/transformed/profileinstaller-1.4.0/AndroidManifest.xml:44:25-82
intent-filter#action:name:androidx.profileinstaller.action.SAVE_PROFILE
ADDED from [androidx.profileinstaller:profileinstaller:1.4.0] /Users/gtesen/.gradle/caches/8.14.3/transforms/629ce72d0f6063adf326f449aace05c0/transformed/profileinstaller-1.4.0/AndroidManifest.xml:46:13-48:29
action#androidx.profileinstaller.action.SAVE_PROFILE
ADDED from [androidx.profileinstaller:profileinstaller:1.4.0] /Users/gtesen/.gradle/caches/8.14.3/transforms/629ce72d0f6063adf326f449aace05c0/transformed/profileinstaller-1.4.0/AndroidManifest.xml:47:17-88
	android:name
		ADDED from [androidx.profileinstaller:profileinstaller:1.4.0] /Users/gtesen/.gradle/caches/8.14.3/transforms/629ce72d0f6063adf326f449aace05c0/transformed/profileinstaller-1.4.0/AndroidManifest.xml:47:25-85
intent-filter#action:name:androidx.profileinstaller.action.BENCHMARK_OPERATION
ADDED from [androidx.profileinstaller:profileinstaller:1.4.0] /Users/gtesen/.gradle/caches/8.14.3/transforms/629ce72d0f6063adf326f449aace05c0/transformed/profileinstaller-1.4.0/AndroidManifest.xml:49:13-51:29
action#androidx.profileinstaller.action.BENCHMARK_OPERATION
ADDED from [androidx.profileinstaller:profileinstaller:1.4.0] /Users/gtesen/.gradle/caches/8.14.3/transforms/629ce72d0f6063adf326f449aace05c0/transformed/profileinstaller-1.4.0/AndroidManifest.xml:50:17-95
	android:name
		ADDED from [androidx.profileinstaller:profileinstaller:1.4.0] /Users/gtesen/.gradle/caches/8.14.3/transforms/629ce72d0f6063adf326f449aace05c0/transformed/profileinstaller-1.4.0/AndroidManifest.xml:50:25-92
service#com.google.android.datatransport.runtime.backends.TransportBackendDiscovery
ADDED from [com.google.android.datatransport:transport-backend-cct:3.2.0] /Users/gtesen/.gradle/caches/8.14.3/transforms/6f6d4c7ee6c7e8fe51b23587fec42149/transformed/transport-backend-cct-3.2.0/AndroidManifest.xml:26:9-32:19
MERGED from [com.google.android.datatransport:transport-runtime:3.2.0] /Users/gtesen/.gradle/caches/8.14.3/transforms/fcc83ef7a302e876ef36dba39d830db9/transformed/transport-runtime-3.2.0/AndroidManifest.xml:34:9-36:40
MERGED from [com.google.android.datatransport:transport-runtime:3.2.0] /Users/gtesen/.gradle/caches/8.14.3/transforms/fcc83ef7a302e876ef36dba39d830db9/transformed/transport-runtime-3.2.0/AndroidManifest.xml:34:9-36:40
	android:exported
		ADDED from [com.google.android.datatransport:transport-backend-cct:3.2.0] /Users/gtesen/.gradle/caches/8.14.3/transforms/6f6d4c7ee6c7e8fe51b23587fec42149/transformed/transport-backend-cct-3.2.0/AndroidManifest.xml:28:13-37
	android:name
		ADDED from [com.google.android.datatransport:transport-backend-cct:3.2.0] /Users/gtesen/.gradle/caches/8.14.3/transforms/6f6d4c7ee6c7e8fe51b23587fec42149/transformed/transport-backend-cct-3.2.0/AndroidManifest.xml:27:13-103
meta-data#backend:com.google.android.datatransport.cct.CctBackendFactory
ADDED from [com.google.android.datatransport:transport-backend-cct:3.2.0] /Users/gtesen/.gradle/caches/8.14.3/transforms/6f6d4c7ee6c7e8fe51b23587fec42149/transformed/transport-backend-cct-3.2.0/AndroidManifest.xml:29:13-31:39
	android:value
		ADDED from [com.google.android.datatransport:transport-backend-cct:3.2.0] /Users/gtesen/.gradle/caches/8.14.3/transforms/6f6d4c7ee6c7e8fe51b23587fec42149/transformed/transport-backend-cct-3.2.0/AndroidManifest.xml:31:17-36
	android:name
		ADDED from [com.google.android.datatransport:transport-backend-cct:3.2.0] /Users/gtesen/.gradle/caches/8.14.3/transforms/6f6d4c7ee6c7e8fe51b23587fec42149/transformed/transport-backend-cct-3.2.0/AndroidManifest.xml:30:17-94
service#com.google.android.datatransport.runtime.scheduling.jobscheduling.JobInfoSchedulerService
ADDED from [com.google.android.datatransport:transport-runtime:3.2.0] /Users/gtesen/.gradle/caches/8.14.3/transforms/fcc83ef7a302e876ef36dba39d830db9/transformed/transport-runtime-3.2.0/AndroidManifest.xml:24:9-28:19
	android:exported
		ADDED from [com.google.android.datatransport:transport-runtime:3.2.0] /Users/gtesen/.gradle/caches/8.14.3/transforms/fcc83ef7a302e876ef36dba39d830db9/transformed/transport-runtime-3.2.0/AndroidManifest.xml:26:13-37
	android:permission
		ADDED from [com.google.android.datatransport:transport-runtime:3.2.0] /Users/gtesen/.gradle/caches/8.14.3/transforms/fcc83ef7a302e876ef36dba39d830db9/transformed/transport-runtime-3.2.0/AndroidManifest.xml:27:13-69
	android:name
		ADDED from [com.google.android.datatransport:transport-runtime:3.2.0] /Users/gtesen/.gradle/caches/8.14.3/transforms/fcc83ef7a302e876ef36dba39d830db9/transformed/transport-runtime-3.2.0/AndroidManifest.xml:25:13-117
receiver#com.google.android.datatransport.runtime.scheduling.jobscheduling.AlarmManagerSchedulerBroadcastReceiver
ADDED from [com.google.android.datatransport:transport-runtime:3.2.0] /Users/gtesen/.gradle/caches/8.14.3/transforms/fcc83ef7a302e876ef36dba39d830db9/transformed/transport-runtime-3.2.0/AndroidManifest.xml:30:9-32:40
	android:exported
		ADDED from [com.google.android.datatransport:transport-runtime:3.2.0] /Users/gtesen/.gradle/caches/8.14.3/transforms/fcc83ef7a302e876ef36dba39d830db9/transformed/transport-runtime-3.2.0/AndroidManifest.xml:32:13-37
	android:name
		ADDED from [com.google.android.datatransport:transport-runtime:3.2.0] /Users/gtesen/.gradle/caches/8.14.3/transforms/fcc83ef7a302e876ef36dba39d830db9/transformed/transport-runtime-3.2.0/AndroidManifest.xml:31:13-132
activity#com.google.android.play.core.common.PlayCoreDialogWrapperActivity
ADDED from [com.google.android.play:core-common:2.0.3] /Users/gtesen/.gradle/caches/8.14.3/transforms/52bc9452c7e3e41704bbb736d0fee324/transformed/core-common-2.0.3/AndroidManifest.xml:14:9-18:65
	android:stateNotNeeded
		ADDED from [com.google.android.play:core-common:2.0.3] /Users/gtesen/.gradle/caches/8.14.3/transforms/52bc9452c7e3e41704bbb736d0fee324/transformed/core-common-2.0.3/AndroidManifest.xml:17:13-42
	android:exported
		ADDED from [com.google.android.play:core-common:2.0.3] /Users/gtesen/.gradle/caches/8.14.3/transforms/52bc9452c7e3e41704bbb736d0fee324/transformed/core-common-2.0.3/AndroidManifest.xml:16:13-37
	android:theme
		ADDED from [com.google.android.play:core-common:2.0.3] /Users/gtesen/.gradle/caches/8.14.3/transforms/52bc9452c7e3e41704bbb736d0fee324/transformed/core-common-2.0.3/AndroidManifest.xml:18:13-62
	android:name
		ADDED from [com.google.android.play:core-common:2.0.3] /Users/gtesen/.gradle/caches/8.14.3/transforms/52bc9452c7e3e41704bbb736d0fee324/transformed/core-common-2.0.3/AndroidManifest.xml:15:13-93

1<?xml version="1.0" encoding="utf-8"?>
2<manifest xmlns:android="http://schemas.android.com/apk/res/android"
3    package="com.example.app_rutas"
4    android:versionCode="1"
5    android:versionName="1.0" >
6
7    <uses-sdk
8        android:minSdkVersion="29"
9        android:targetSdkVersion="34" />
10
11    <uses-permission android:name="android.permission.INTERNET" />
11-->/Users/gtesen/Desktop/aplicacion_busmap/frontend-busmap/app/src/main/AndroidManifest.xml:5:5-67
11-->/Users/gtesen/Desktop/aplicacion_busmap/frontend-busmap/app/src/main/AndroidManifest.xml:5:22-64
12    <uses-permission android:name="android.permission.READ_EXTERNAL_STORAGE" />
12-->/Users/gtesen/Desktop/aplicacion_busmap/frontend-busmap/app/src/main/AndroidManifest.xml:6:5-80
12-->/Users/gtesen/Desktop/aplicacion_busmap/frontend-busmap/app/src/main/AndroidManifest.xml:6:22-77
13    <uses-permission android:name="android.permission.READ_MEDIA_IMAGES" />
13-->/Users/gtesen/Desktop/aplicacion_busmap/frontend-busmap/app/src/main/AndroidManifest.xml:7:5-76
13-->/Users/gtesen/Desktop/aplicacion_busmap/frontend-busmap/app/src/main/AndroidManifest.xml:7:22-73
14    <uses-permission android:name="android.permission.ACCESS_FINE_LOCATION" />
14-->/Users/gtesen/Desktop/aplicacion_busmap/frontend-busmap/app/src/main/AndroidManifest.xml:8:5-79
14-->/Users/gtesen/Desktop/aplicacion_busmap/frontend-busmap/app/src/main/AndroidManifest.xml:8:22-76
15    <uses-permission android:name="android.permission.ACCESS_COARSE_LOCATION" />
15-->/Users/gtesen/Desktop/aplicacion_busmap/frontend-busmap/app/src/main/AndroidManifest.xml:9:5-81
15-->/Users/gtesen/Desktop/aplicacion_busmap/frontend-busmap/app/src/main/AndroidManifest.xml:9:22-78
16    <uses-permission android:name="android.permission.ACCESS_WIFI_STATE" /> <!-- Include required permissions for Google Maps API to run. -->
16-->[com.google.android.libraries.places:places:4.4.1] /Users/gtesen/.gradle/caches/8.14.3/transforms/e02fa059f2e644182398b8fc61e27665/transformed/places-4.4.1/AndroidManifest.xml:13:5-76
16-->[com.google.android.libraries.places:places:4.4.1] /Users/gtesen/.gradle/caches/8.14.3/transforms/e02fa059f2e644182398b8fc61e27665/transformed/places-4.4.1/AndroidManifest.xml:13:22-73
17    <uses-permission android:name="android.permission.ACCESS_NETWORK_STATE" />
17-->[com.google.android.gms:play-services-maps:19.2.0] /Users/gtesen/.gradle/caches/8.14.3/transforms/8aff53bc460636bf233e8aacaf15b7dd/transformed/play-services-maps-19.2.0/AndroidManifest.xml:20:5-78
17-->[com.google.android.gms:play-services-maps:19.2.0] /Users/gtesen/.gradle/caches/8.14.3/transforms/8aff53bc460636bf233e8aacaf15b7dd/transformed/play-services-maps-19.2.0/AndroidManifest.xml:20:22-76
18
19    <uses-feature
19-->[com.google.android.gms:play-services-maps:19.2.0] /Users/gtesen/.gradle/caches/8.14.3/transforms/8aff53bc460636bf233e8aacaf15b7dd/transformed/play-services-maps-19.2.0/AndroidManifest.xml:22:5-24:33
20        android:glEsVersion="0x00020000"
20-->[com.google.android.gms:play-services-maps:19.2.0] /Users/gtesen/.gradle/caches/8.14.3/transforms/8aff53bc460636bf233e8aacaf15b7dd/transformed/play-services-maps-19.2.0/AndroidManifest.xml:23:8-40
21        android:required="true" />
21-->[com.google.android.gms:play-services-maps:19.2.0] /Users/gtesen/.gradle/caches/8.14.3/transforms/8aff53bc460636bf233e8aacaf15b7dd/transformed/play-services-maps-19.2.0/AndroidManifest.xml:24:8-31
22
23    <queries>
23-->[com.google.android.gms:play-services-maps:19.2.0] /Users/gtesen/.gradle/caches/8.14.3/transforms/8aff53bc460636bf233e8aacaf15b7dd/transformed/play-services-maps-19.2.0/AndroidManifest.xml:27:5-30:15
24
25        <!-- Needs to be explicitly declared on Android R+ -->
26        <package android:name="com.google.android.apps.maps" />
26-->[com.google.android.gms:play-services-maps:19.2.0] /Users/gtesen/.gradle/caches/8.14.3/transforms/8aff53bc460636bf233e8aacaf15b7dd/transformed/play-services-maps-19.2.0/AndroidManifest.xml:29:7-61
26-->[com.google.android.gms:play-services-maps:19.2.0] /Users/gtesen/.gradle/caches/8.14.3/transforms/8aff53bc460636bf233e8aacaf15b7dd/transformed/play-services-maps-19.2.0/AndroidManifest.xml:29:16-59
27    </queries>
28
29    <uses-permission android:name="android.permission.WAKE_LOCK" />
29-->[androidx.work:work-runtime:2.10.3] /Users/gtesen/.gradle/caches/8.14.3/transforms/4415b078d78ed3f8ae330b6ef4be3957/transformed/work-runtime-2.10.3/AndroidManifest.xml:23:5-68
29-->[androidx.work:work-runtime:2.10.3] /Users/gtesen/.gradle/caches/8.14.3/transforms/4415b078d78ed3f8ae330b6ef4be3957/transformed/work-runtime-2.10.3/AndroidManifest.xml:23:22-65
30    <uses-permission android:name="android.permission.RECEIVE_BOOT_COMPLETED" />
30-->[androidx.work:work-runtime:2.10.3] /Users/gtesen/.gradle/caches/8.14.3/transforms/4415b078d78ed3f8ae330b6ef4be3957/transformed/work-runtime-2.10.3/AndroidManifest.xml:25:5-81
30-->[androidx.work:work-runtime:2.10.3] /Users/gtesen/.gradle/caches/8.14.3/transforms/4415b078d78ed3f8ae330b6ef4be3957/transformed/work-runtime-2.10.3/AndroidManifest.xml:25:22-78
31    <uses-permission android:name="android.permission.FOREGROUND_SERVICE" />
31-->[androidx.work:work-runtime:2.10.3] /Users/gtesen/.gradle/caches/8.14.3/transforms/4415b078d78ed3f8ae330b6ef4be3957/transformed/work-runtime-2.10.3/AndroidManifest.xml:26:5-77
31-->[androidx.work:work-runtime:2.10.3] /Users/gtesen/.gradle/caches/8.14.3/transforms/4415b078d78ed3f8ae330b6ef4be3957/transformed/work-runtime-2.10.3/AndroidManifest.xml:26:22-74
32
33    <permission
33-->[androidx.core:core:1.17.0] /Users/gtesen/.gradle/caches/8.14.3/transforms/dc9151437d2473234c9e3798a653da8c/transformed/core-1.17.0/AndroidManifest.xml:22:5-24:47
34        android:name="com.example.app_rutas.DYNAMIC_RECEIVER_NOT_EXPORTED_PERMISSION"
34-->[androidx.core:core:1.17.0] /Users/gtesen/.gradle/caches/8.14.3/transforms/dc9151437d2473234c9e3798a653da8c/transformed/core-1.17.0/AndroidManifest.xml:23:9-81
35        android:protectionLevel="signature" />
35-->[androidx.core:core:1.17.0] /Users/gtesen/.gradle/caches/8.14.3/transforms/dc9151437d2473234c9e3798a653da8c/transformed/core-1.17.0/AndroidManifest.xml:24:9-44
36
37    <uses-permission android:name="com.example.app_rutas.DYNAMIC_RECEIVER_NOT_EXPORTED_PERMISSION" />
37-->[androidx.core:core:1.17.0] /Users/gtesen/.gradle/caches/8.14.3/transforms/dc9151437d2473234c9e3798a653da8c/transformed/core-1.17.0/AndroidManifest.xml:26:5-97
37-->[androidx.core:core:1.17.0] /Users/gtesen/.gradle/caches/8.14.3/transforms/dc9151437d2473234c9e3798a653da8c/transformed/core-1.17.0/AndroidManifest.xml:26:22-94
38    <uses-permission android:name="com.google.android.providers.gsf.permission.READ_GSERVICES" />
38-->[com.google.android.recaptcha:recaptcha:18.6.1] /Users/gtesen/.gradle/caches/8.14.3/transforms/77fced72e6c6cb82041e2c19ce87d255/transformed/recaptcha-18.6.1/AndroidManifest.xml:9:5-98
38-->[com.google.android.recaptcha:recaptcha:18.6.1] /Users/gtesen/.gradle/caches/8.14.3/transforms/77fced72e6c6cb82041e2c19ce87d255/transformed/recaptcha-18.6.1/AndroidManifest.xml:9:22-95
39
40    <application
40-->/Users/gtesen/Desktop/aplicacion_busmap/frontend-busmap/app/src/main/AndroidManifest.xml:11:5-48:19
41        android:name="com.example.app_rutas.App"
41-->/Users/gtesen/Desktop/aplicacion_busmap/frontend-busmap/app/src/main/AndroidManifest.xml:12:9-28
42        android:allowBackup="true"
42-->/Users/gtesen/Desktop/aplicacion_busmap/frontend-busmap/app/src/main/AndroidManifest.xml:13:9-35
43        android:appComponentFactory="androidx.core.app.CoreComponentFactory"
43-->[androidx.core:core:1.17.0] /Users/gtesen/.gradle/caches/8.14.3/transforms/dc9151437d2473234c9e3798a653da8c/transformed/core-1.17.0/AndroidManifest.xml:28:18-86
44        android:dataExtractionRules="@xml/data_extraction_rules"
44-->/Users/gtesen/Desktop/aplicacion_busmap/frontend-busmap/app/src/main/AndroidManifest.xml:14:9-65
45        android:enableOnBackInvokedCallback="true"
45-->/Users/gtesen/Desktop/aplicacion_busmap/frontend-busmap/app/src/main/AndroidManifest.xml:15:9-51
46        android:extractNativeLibs="false"
47        android:fullBackupContent="@xml/backup_rules"
47-->/Users/gtesen/Desktop/aplicacion_busmap/frontend-busmap/app/src/main/AndroidManifest.xml:16:9-54
48        android:icon="@mipmap/ic_launcher"
48-->/Users/gtesen/Desktop/aplicacion_busmap/frontend-busmap/app/src/main/AndroidManifest.xml:17:9-43
49        android:label="@string/app_name"
49-->/Users/gtesen/Desktop/aplicacion_busmap/frontend-busmap/app/src/main/AndroidManifest.xml:18:9-41
50        android:roundIcon="@mipmap/ic_launcher_round"
50-->/Users/gtesen/Desktop/aplicacion_busmap/frontend-busmap/app/src/main/AndroidManifest.xml:19:9-54
51        android:supportsRtl="true"
51-->/Users/gtesen/Desktop/aplicacion_busmap/frontend-busmap/app/src/main/AndroidManifest.xml:20:9-35
52        android:theme="@style/Theme.App_rutas"
52-->/Users/gtesen/Desktop/aplicacion_busmap/frontend-busmap/app/src/main/AndroidManifest.xml:21:9-47
53        android:usesCleartextTraffic="true" >
53-->/Users/gtesen/Desktop/aplicacion_busmap/frontend-busmap/app/src/main/AndroidManifest.xml:22:9-44
54        <meta-data
54-->/Users/gtesen/Desktop/aplicacion_busmap/frontend-busmap/app/src/main/AndroidManifest.xml:24:9-26:71
55            android:name="com.google.android.geo.API_KEY"
55-->/Users/gtesen/Desktop/aplicacion_busmap/frontend-busmap/app/src/main/AndroidManifest.xml:25:13-58
56            android:value="AIzaSyAFpBlDKWCOpGY7MliuGGd8pCThUjXLkbA" />
56-->/Users/gtesen/Desktop/aplicacion_busmap/frontend-busmap/app/src/main/AndroidManifest.xml:26:13-68
57
58        <activity
58-->/Users/gtesen/Desktop/aplicacion_busmap/frontend-busmap/app/src/main/AndroidManifest.xml:27:9-30:40
59            android:name="com.example.app_rutas.ui.activity.MainActivity"
59-->/Users/gtesen/Desktop/aplicacion_busmap/frontend-busmap/app/src/main/AndroidManifest.xml:28:13-53
60            android:exported="false"
60-->/Users/gtesen/Desktop/aplicacion_busmap/frontend-busmap/app/src/main/AndroidManifest.xml:30:13-37
61            android:windowDisablePreview="true" />
61-->/Users/gtesen/Desktop/aplicacion_busmap/frontend-busmap/app/src/main/AndroidManifest.xml:29:13-48
62        <activity
62-->/Users/gtesen/Desktop/aplicacion_busmap/frontend-busmap/app/src/main/AndroidManifest.xml:31:9-33:40
63            android:name="com.example.app_rutas.ui.LoginActivity"
63-->/Users/gtesen/Desktop/aplicacion_busmap/frontend-busmap/app/src/main/AndroidManifest.xml:32:13-45
64            android:exported="false" />
64-->/Users/gtesen/Desktop/aplicacion_busmap/frontend-busmap/app/src/main/AndroidManifest.xml:33:13-37
65        <activity
65-->/Users/gtesen/Desktop/aplicacion_busmap/frontend-busmap/app/src/main/AndroidManifest.xml:35:9-37:40
66            android:name="com.example.app_rutas.ui.RegisterActivity"
66-->/Users/gtesen/Desktop/aplicacion_busmap/frontend-busmap/app/src/main/AndroidManifest.xml:36:13-48
67            android:exported="false" />
67-->/Users/gtesen/Desktop/aplicacion_busmap/frontend-busmap/app/src/main/AndroidManifest.xml:37:13-37
68        <activity
68-->/Users/gtesen/Desktop/aplicacion_busmap/frontend-busmap/app/src/main/AndroidManifest.xml:39:9-47:20
69            android:name="com.example.app_rutas.ui.StartActivity"
69-->/Users/gtesen/Desktop/aplicacion_busmap/frontend-busmap/app/src/main/AndroidManifest.xml:40:13-45
70            android:exported="true"
70-->/Users/gtesen/Desktop/aplicacion_busmap/frontend-busmap/app/src/main/AndroidManifest.xml:41:13-36
71            android:theme="@style/Theme.App_rutas.Launcher" >
71-->/Users/gtesen/Desktop/aplicacion_busmap/frontend-busmap/app/src/main/AndroidManifest.xml:42:13-60
72            <intent-filter>
72-->/Users/gtesen/Desktop/aplicacion_busmap/frontend-busmap/app/src/main/AndroidManifest.xml:43:13-46:29
73                <action android:name="android.intent.action.MAIN" />
73-->/Users/gtesen/Desktop/aplicacion_busmap/frontend-busmap/app/src/main/AndroidManifest.xml:44:17-69
73-->/Users/gtesen/Desktop/aplicacion_busmap/frontend-busmap/app/src/main/AndroidManifest.xml:44:25-66
74
75                <category android:name="android.intent.category.LAUNCHER" />
75-->/Users/gtesen/Desktop/aplicacion_busmap/frontend-busmap/app/src/main/AndroidManifest.xml:45:17-77
75-->/Users/gtesen/Desktop/aplicacion_busmap/frontend-busmap/app/src/main/AndroidManifest.xml:45:27-74
76            </intent-filter>
77        </activity>
78        <activity
78-->[com.google.android.libraries.places:places:4.4.1] /Users/gtesen/.gradle/caches/8.14.3/transforms/e02fa059f2e644182398b8fc61e27665/transformed/places-4.4.1/AndroidManifest.xml:17:9-23:20
79            android:name="com.google.android.libraries.places.widget.AutocompleteActivity"
79-->[com.google.android.libraries.places:places:4.4.1] /Users/gtesen/.gradle/caches/8.14.3/transforms/e02fa059f2e644182398b8fc61e27665/transformed/places-4.4.1/AndroidManifest.xml:18:13-91
80            android:exported="false"
80-->[com.google.android.libraries.places:places:4.4.1] /Users/gtesen/.gradle/caches/8.14.3/transforms/e02fa059f2e644182398b8fc61e27665/transformed/places-4.4.1/AndroidManifest.xml:19:13-37
81            android:label="@string/places_autocomplete_label"
81-->[com.google.android.libraries.places:places:4.4.1] /Users/gtesen/.gradle/caches/8.14.3/transforms/e02fa059f2e644182398b8fc61e27665/transformed/places-4.4.1/AndroidManifest.xml:20:13-62
82            android:theme="@style/PlacesAutocompleteOverlay"
82-->[com.google.android.libraries.places:places:4.4.1] /Users/gtesen/.gradle/caches/8.14.3/transforms/e02fa059f2e644182398b8fc61e27665/transformed/places-4.4.1/AndroidManifest.xml:21:13-61
83            android:windowSoftInputMode="adjustResize" >
83-->[com.google.android.libraries.places:places:4.4.1] /Users/gtesen/.gradle/caches/8.14.3/transforms/e02fa059f2e644182398b8fc61e27665/transformed/places-4.4.1/AndroidManifest.xml:22:13-55
84        </activity>
85        <activity
85-->[com.google.android.libraries.places:places:4.4.1] /Users/gtesen/.gradle/caches/8.14.3/transforms/e02fa059f2e644182398b8fc61e27665/transformed/places-4.4.1/AndroidManifest.xml:24:9-29:20
86            android:name="com.google.android.libraries.places.widget.BasicPlaceAutocompleteActivity"
86-->[com.google.android.libraries.places:places:4.4.1] /Users/gtesen/.gradle/caches/8.14.3/transforms/e02fa059f2e644182398b8fc61e27665/transformed/places-4.4.1/AndroidManifest.xml:25:13-101
87            android:exported="false"
87-->[com.google.android.libraries.places:places:4.4.1] /Users/gtesen/.gradle/caches/8.14.3/transforms/e02fa059f2e644182398b8fc61e27665/transformed/places-4.4.1/AndroidManifest.xml:26:13-37
88            android:theme="@style/AutocompleteFullscreen"
88-->[com.google.android.libraries.places:places:4.4.1] /Users/gtesen/.gradle/caches/8.14.3/transforms/e02fa059f2e644182398b8fc61e27665/transformed/places-4.4.1/AndroidManifest.xml:27:13-58
89            android:windowSoftInputMode="adjustResize" >
89-->[com.google.android.libraries.places:places:4.4.1] /Users/gtesen/.gradle/caches/8.14.3/transforms/e02fa059f2e644182398b8fc61e27665/transformed/places-4.4.1/AndroidManifest.xml:28:13-55
90        </activity>
91        <activity
91-->[com.google.android.libraries.places:places:4.4.1] /Users/gtesen/.gradle/caches/8.14.3/transforms/e02fa059f2e644182398b8fc61e27665/transformed/places-4.4.1/AndroidManifest.xml:30:9-35:20
92            android:name="com.google.android.libraries.places.widget.PlaceAutocompleteActivity"
92-->[com.google.android.libraries.places:places:4.4.1] /Users/gtesen/.gradle/caches/8.14.3/transforms/e02fa059f2e644182398b8fc61e27665/transformed/places-4.4.1/AndroidManifest.xml:31:13-96
93            android:exported="false"
93-->[com.google.android.libraries.places:places:4.4.1] /Users/gtesen/.gradle/caches/8.14.3/transforms/e02fa059f2e644182398b8fc61e27665/transformed/places-4.4.1/AndroidManifest.xml:32:13-37
94            android:theme="@style/AutocompleteFullscreen"
94-->[com.google.android.libraries.places:places:4.4.1] /Users/gtesen/.gradle/caches/8.14.3/transforms/e02fa059f2e644182398b8fc61e27665/transformed/places-4.4.1/AndroidManifest.xml:33:13-58
95            android:windowSoftInputMode="adjustResize" >
95-->[com.google.android.libraries.places:places:4.4.1] /Users/gtesen/.gradle/caches/8.14.3/transforms/e02fa059f2e644182398b8fc61e27665/transformed/places-4.4.1/AndroidManifest.xml:34:13-55
96        </activity>
97        <activity
97-->[com.google.android.libraries.places:places:4.4.1] /Users/gtesen/.gradle/caches/8.14.3/transforms/e02fa059f2e644182398b8fc61e27665/transformed/places-4.4.1/AndroidManifest.xml:36:9-40:20
98            android:name="com.google.android.libraries.places.widget.internal.photoviewer.PlacesLightboxActivity"
98-->[com.google.android.libraries.places:places:4.4.1] /Users/gtesen/.gradle/caches/8.14.3/transforms/e02fa059f2e644182398b8fc61e27665/transformed/places-4.4.1/AndroidManifest.xml:37:13-114
99            android:exported="false"
99-->[com.google.android.libraries.places:places:4.4.1] /Users/gtesen/.gradle/caches/8.14.3/transforms/e02fa059f2e644182398b8fc61e27665/transformed/places-4.4.1/AndroidManifest.xml:38:13-37
100            android:windowSoftInputMode="adjustResize" >
100-->[com.google.android.libraries.places:places:4.4.1] /Users/gtesen/.gradle/caches/8.14.3/transforms/e02fa059f2e644182398b8fc61e27665/transformed/places-4.4.1/AndroidManifest.xml:39:13-55
101        </activity> <!-- Needs to be explicitly declared on P+ -->
102        <uses-library
102-->[com.google.android.gms:play-services-maps:19.2.0] /Users/gtesen/.gradle/caches/8.14.3/transforms/8aff53bc460636bf233e8aacaf15b7dd/transformed/play-services-maps-19.2.0/AndroidManifest.xml:33:7-86
103            android:name="org.apache.http.legacy"
103-->[com.google.android.gms:play-services-maps:19.2.0] /Users/gtesen/.gradle/caches/8.14.3/transforms/8aff53bc460636bf233e8aacaf15b7dd/transformed/play-services-maps-19.2.0/AndroidManifest.xml:33:21-58
104            android:required="false" />
104-->[com.google.android.gms:play-services-maps:19.2.0] /Users/gtesen/.gradle/caches/8.14.3/transforms/8aff53bc460636bf233e8aacaf15b7dd/transformed/play-services-maps-19.2.0/AndroidManifest.xml:33:59-83
105
106        <service
106-->[com.google.firebase:firebase-storage:22.0.0] /Users/gtesen/.gradle/caches/8.14.3/transforms/0300d32c8d28c9a6b63735e1beb9e492/transformed/firebase-storage-22.0.0/AndroidManifest.xml:27:9-36:19
107            android:name="com.google.firebase.components.ComponentDiscoveryService"
107-->[com.google.firebase:firebase-storage:22.0.0] /Users/gtesen/.gradle/caches/8.14.3/transforms/0300d32c8d28c9a6b63735e1beb9e492/transformed/firebase-storage-22.0.0/AndroidManifest.xml:28:13-84
108            android:directBootAware="true"
108-->[com.google.firebase:firebase-common:22.0.0] /Users/gtesen/.gradle/caches/8.14.3/transforms/ba6e888e91db507a39cd0a493b112a1c/transformed/firebase-common-22.0.0/AndroidManifest.xml:32:13-43
109            android:exported="false" >
109-->[com.google.firebase:firebase-storage:22.0.0] /Users/gtesen/.gradle/caches/8.14.3/transforms/0300d32c8d28c9a6b63735e1beb9e492/transformed/firebase-storage-22.0.0/AndroidManifest.xml:29:13-37
110            <meta-data
110-->[com.google.firebase:firebase-storage:22.0.0] /Users/gtesen/.gradle/caches/8.14.3/transforms/0300d32c8d28c9a6b63735e1beb9e492/transformed/firebase-storage-22.0.0/AndroidManifest.xml:30:13-32:85
111                android:name="com.google.firebase.components:com.google.firebase.storage.FirebaseStorageKtxRegistrar"
111-->[com.google.firebase:firebase-storage:22.0.0] /Users/gtesen/.gradle/caches/8.14.3/transforms/0300d32c8d28c9a6b63735e1beb9e492/transformed/firebase-storage-22.0.0/AndroidManifest.xml:31:17-118
112                android:value="com.google.firebase.components.ComponentRegistrar" />
112-->[com.google.firebase:firebase-storage:22.0.0] /Users/gtesen/.gradle/caches/8.14.3/transforms/0300d32c8d28c9a6b63735e1beb9e492/transformed/firebase-storage-22.0.0/AndroidManifest.xml:32:17-82
113            <meta-data
113-->[com.google.firebase:firebase-storage:22.0.0] /Users/gtesen/.gradle/caches/8.14.3/transforms/0300d32c8d28c9a6b63735e1beb9e492/transformed/firebase-storage-22.0.0/AndroidManifest.xml:33:13-35:85
114                android:name="com.google.firebase.components:com.google.firebase.storage.StorageRegistrar"
114-->[com.google.firebase:firebase-storage:22.0.0] /Users/gtesen/.gradle/caches/8.14.3/transforms/0300d32c8d28c9a6b63735e1beb9e492/transformed/firebase-storage-22.0.0/AndroidManifest.xml:34:17-107
115                android:value="com.google.firebase.components.ComponentRegistrar" />
115-->[com.google.firebase:firebase-storage:22.0.0] /Users/gtesen/.gradle/caches/8.14.3/transforms/0300d32c8d28c9a6b63735e1beb9e492/transformed/firebase-storage-22.0.0/AndroidManifest.xml:35:17-82
116            <meta-data
116-->[com.google.firebase:firebase-database-ktx:21.0.0] /Users/gtesen/.gradle/caches/8.14.3/transforms/476afaac2f7bff789d982565bdec6e84/transformed/firebase-database-ktx-21.0.0/AndroidManifest.xml:12:13-14:85
117                android:name="com.google.firebase.components:com.google.firebase.database.ktx.FirebaseDatabaseLegacyRegistrar"
117-->[com.google.firebase:firebase-database-ktx:21.0.0] /Users/gtesen/.gradle/caches/8.14.3/transforms/476afaac2f7bff789d982565bdec6e84/transformed/firebase-database-ktx-21.0.0/AndroidManifest.xml:13:17-127
118                android:value="com.google.firebase.components.ComponentRegistrar" />
118-->[com.google.firebase:firebase-database-ktx:21.0.0] /Users/gtesen/.gradle/caches/8.14.3/transforms/476afaac2f7bff789d982565bdec6e84/transformed/firebase-database-ktx-21.0.0/AndroidManifest.xml:14:17-82
119            <meta-data
119-->[com.google.firebase:firebase-database:21.0.0] /Users/gtesen/.gradle/caches/8.14.3/transforms/14d900cdb44ed51cd009acb19a15b85d/transformed/firebase-database-21.0.0/AndroidManifest.xml:29:13-31:85
120                android:name="com.google.firebase.components:com.google.firebase.database.FirebaseDatabaseKtxRegistrar"
120-->[com.google.firebase:firebase-database:21.0.0] /Users/gtesen/.gradle/caches/8.14.3/transforms/14d900cdb44ed51cd009acb19a15b85d/transformed/firebase-database-21.0.0/AndroidManifest.xml:30:17-120
121                android:value="com.google.firebase.components.ComponentRegistrar" />
121-->[com.google.firebase:firebase-database:21.0.0] /Users/gtesen/.gradle/caches/8.14.3/transforms/14d900cdb44ed51cd009acb19a15b85d/transformed/firebase-database-21.0.0/AndroidManifest.xml:31:17-82
122            <meta-data
122-->[com.google.firebase:firebase-database:21.0.0] /Users/gtesen/.gradle/caches/8.14.3/transforms/14d900cdb44ed51cd009acb19a15b85d/transformed/firebase-database-21.0.0/AndroidManifest.xml:32:13-34:85
123                android:name="com.google.firebase.components:com.google.firebase.database.DatabaseRegistrar"
123-->[com.google.firebase:firebase-database:21.0.0] /Users/gtesen/.gradle/caches/8.14.3/transforms/14d900cdb44ed51cd009acb19a15b85d/transformed/firebase-database-21.0.0/AndroidManifest.xml:33:17-109
124                android:value="com.google.firebase.components.ComponentRegistrar" />
124-->[com.google.firebase:firebase-database:21.0.0] /Users/gtesen/.gradle/caches/8.14.3/transforms/14d900cdb44ed51cd009acb19a15b85d/transformed/firebase-database-21.0.0/AndroidManifest.xml:34:17-82
125            <meta-data
125-->[com.google.firebase:firebase-appcheck:18.0.0] /Users/gtesen/.gradle/caches/8.14.3/transforms/8b2613de06d332d858e73cc1dd9ee748/transformed/firebase-appcheck-18.0.0/AndroidManifest.xml:25:13-27:85
126                android:name="com.google.firebase.components:com.google.firebase.appcheck.FirebaseAppCheckKtxRegistrar"
126-->[com.google.firebase:firebase-appcheck:18.0.0] /Users/gtesen/.gradle/caches/8.14.3/transforms/8b2613de06d332d858e73cc1dd9ee748/transformed/firebase-appcheck-18.0.0/AndroidManifest.xml:26:17-120
127                android:value="com.google.firebase.components.ComponentRegistrar" />
127-->[com.google.firebase:firebase-appcheck:18.0.0] /Users/gtesen/.gradle/caches/8.14.3/transforms/8b2613de06d332d858e73cc1dd9ee748/transformed/firebase-appcheck-18.0.0/AndroidManifest.xml:27:17-82
128            <meta-data
128-->[com.google.firebase:firebase-appcheck:18.0.0] /Users/gtesen/.gradle/caches/8.14.3/transforms/8b2613de06d332d858e73cc1dd9ee748/transformed/firebase-appcheck-18.0.0/AndroidManifest.xml:28:13-30:85
129                android:name="com.google.firebase.components:com.google.firebase.appcheck.FirebaseAppCheckRegistrar"
129-->[com.google.firebase:firebase-appcheck:18.0.0] /Users/gtesen/.gradle/caches/8.14.3/transforms/8b2613de06d332d858e73cc1dd9ee748/transformed/firebase-appcheck-18.0.0/AndroidManifest.xml:29:17-117
130                android:value="com.google.firebase.components.ComponentRegistrar" />
130-->[com.google.firebase:firebase-appcheck:18.0.0] /Users/gtesen/.gradle/caches/8.14.3/transforms/8b2613de06d332d858e73cc1dd9ee748/transformed/firebase-appcheck-18.0.0/AndroidManifest.xml:30:17-82
131            <meta-data
131-->[com.google.firebase:firebase-auth-ktx:23.2.1] /Users/gtesen/.gradle/caches/8.14.3/transforms/c4b4de1505db2b5d5d14633f399108a8/transformed/firebase-auth-ktx-23.2.1/AndroidManifest.xml:11:13-13:85
132                android:name="com.google.firebase.components:com.google.firebase.auth.ktx.FirebaseAuthLegacyRegistrar"
132-->[com.google.firebase:firebase-auth-ktx:23.2.1] /Users/gtesen/.gradle/caches/8.14.3/transforms/c4b4de1505db2b5d5d14633f399108a8/transformed/firebase-auth-ktx-23.2.1/AndroidManifest.xml:12:17-119
133                android:value="com.google.firebase.components.ComponentRegistrar" />
133-->[com.google.firebase:firebase-auth-ktx:23.2.1] /Users/gtesen/.gradle/caches/8.14.3/transforms/c4b4de1505db2b5d5d14633f399108a8/transformed/firebase-auth-ktx-23.2.1/AndroidManifest.xml:13:17-82
134            <meta-data
134-->[com.google.firebase:firebase-auth:23.2.1] /Users/gtesen/.gradle/caches/8.14.3/transforms/3cd2e605938f2d856df0eb89b1553e65/transformed/firebase-auth-23.2.1/AndroidManifest.xml:69:13-71:85
135                android:name="com.google.firebase.components:com.google.firebase.auth.FirebaseAuthRegistrar"
135-->[com.google.firebase:firebase-auth:23.2.1] /Users/gtesen/.gradle/caches/8.14.3/transforms/3cd2e605938f2d856df0eb89b1553e65/transformed/firebase-auth-23.2.1/AndroidManifest.xml:70:17-109
136                android:value="com.google.firebase.components.ComponentRegistrar" />
136-->[com.google.firebase:firebase-auth:23.2.1] /Users/gtesen/.gradle/caches/8.14.3/transforms/3cd2e605938f2d856df0eb89b1553e65/transformed/firebase-auth-23.2.1/AndroidManifest.xml:71:17-82
137            <meta-data
137-->[com.google.firebase:firebase-common-ktx:21.0.0] /Users/gtesen/.gradle/caches/8.14.3/transforms/bcd13d91ffeae9529bee554c515c4749/transformed/firebase-common-ktx-21.0.0/AndroidManifest.xml:12:13-14:85
138                android:name="com.google.firebase.components:com.google.firebase.ktx.FirebaseCommonLegacyRegistrar"
138-->[com.google.firebase:firebase-common-ktx:21.0.0] /Users/gtesen/.gradle/caches/8.14.3/transforms/bcd13d91ffeae9529bee554c515c4749/transformed/firebase-common-ktx-21.0.0/AndroidManifest.xml:13:17-116
139                android:value="com.google.firebase.components.ComponentRegistrar" />
139-->[com.google.firebase:firebase-common-ktx:21.0.0] /Users/gtesen/.gradle/caches/8.14.3/transforms/bcd13d91ffeae9529bee554c515c4749/transformed/firebase-common-ktx-21.0.0/AndroidManifest.xml:14:17-82
140            <meta-data
140-->[com.google.firebase:firebase-common:22.0.0] /Users/gtesen/.gradle/caches/8.14.3/transforms/ba6e888e91db507a39cd0a493b112a1c/transformed/firebase-common-22.0.0/AndroidManifest.xml:35:13-37:85
141                android:name="com.google.firebase.components:com.google.firebase.FirebaseCommonKtxRegistrar"
141-->[com.google.firebase:firebase-common:22.0.0] /Users/gtesen/.gradle/caches/8.14.3/transforms/ba6e888e91db507a39cd0a493b112a1c/transformed/firebase-common-22.0.0/AndroidManifest.xml:36:17-109
142                android:value="com.google.firebase.components.ComponentRegistrar" />
142-->[com.google.firebase:firebase-common:22.0.0] /Users/gtesen/.gradle/caches/8.14.3/transforms/ba6e888e91db507a39cd0a493b112a1c/transformed/firebase-common-22.0.0/AndroidManifest.xml:37:17-82
143        </service>
144
145        <activity
145-->[com.google.firebase:firebase-auth:23.2.1] /Users/gtesen/.gradle/caches/8.14.3/transforms/3cd2e605938f2d856df0eb89b1553e65/transformed/firebase-auth-23.2.1/AndroidManifest.xml:29:9-46:20
146            android:name="com.google.firebase.auth.internal.GenericIdpActivity"
146-->[com.google.firebase:firebase-auth:23.2.1] /Users/gtesen/.gradle/caches/8.14.3/transforms/3cd2e605938f2d856df0eb89b1553e65/transformed/firebase-auth-23.2.1/AndroidManifest.xml:30:13-80
147            android:excludeFromRecents="true"
147-->[com.google.firebase:firebase-auth:23.2.1] /Users/gtesen/.gradle/caches/8.14.3/transforms/3cd2e605938f2d856df0eb89b1553e65/transformed/firebase-auth-23.2.1/AndroidManifest.xml:31:13-46
148            android:exported="true"
148-->[com.google.firebase:firebase-auth:23.2.1] /Users/gtesen/.gradle/caches/8.14.3/transforms/3cd2e605938f2d856df0eb89b1553e65/transformed/firebase-auth-23.2.1/AndroidManifest.xml:32:13-36
149            android:launchMode="singleTask"
149-->[com.google.firebase:firebase-auth:23.2.1] /Users/gtesen/.gradle/caches/8.14.3/transforms/3cd2e605938f2d856df0eb89b1553e65/transformed/firebase-auth-23.2.1/AndroidManifest.xml:33:13-44
150            android:theme="@android:style/Theme.Translucent.NoTitleBar" >
150-->[com.google.firebase:firebase-auth:23.2.1] /Users/gtesen/.gradle/caches/8.14.3/transforms/3cd2e605938f2d856df0eb89b1553e65/transformed/firebase-auth-23.2.1/AndroidManifest.xml:34:13-72
151            <intent-filter>
151-->[com.google.firebase:firebase-auth:23.2.1] /Users/gtesen/.gradle/caches/8.14.3/transforms/3cd2e605938f2d856df0eb89b1553e65/transformed/firebase-auth-23.2.1/AndroidManifest.xml:35:13-45:29
152                <action android:name="android.intent.action.VIEW" />
152-->[com.google.firebase:firebase-auth:23.2.1] /Users/gtesen/.gradle/caches/8.14.3/transforms/3cd2e605938f2d856df0eb89b1553e65/transformed/firebase-auth-23.2.1/AndroidManifest.xml:36:17-69
152-->[com.google.firebase:firebase-auth:23.2.1] /Users/gtesen/.gradle/caches/8.14.3/transforms/3cd2e605938f2d856df0eb89b1553e65/transformed/firebase-auth-23.2.1/AndroidManifest.xml:36:25-66
153
154                <category android:name="android.intent.category.DEFAULT" />
154-->[com.google.firebase:firebase-auth:23.2.1] /Users/gtesen/.gradle/caches/8.14.3/transforms/3cd2e605938f2d856df0eb89b1553e65/transformed/firebase-auth-23.2.1/AndroidManifest.xml:38:17-76
154-->[com.google.firebase:firebase-auth:23.2.1] /Users/gtesen/.gradle/caches/8.14.3/transforms/3cd2e605938f2d856df0eb89b1553e65/transformed/firebase-auth-23.2.1/AndroidManifest.xml:38:27-73
155                <category android:name="android.intent.category.BROWSABLE" />
155-->[com.google.firebase:firebase-auth:23.2.1] /Users/gtesen/.gradle/caches/8.14.3/transforms/3cd2e605938f2d856df0eb89b1553e65/transformed/firebase-auth-23.2.1/AndroidManifest.xml:39:17-78
155-->[com.google.firebase:firebase-auth:23.2.1] /Users/gtesen/.gradle/caches/8.14.3/transforms/3cd2e605938f2d856df0eb89b1553e65/transformed/firebase-auth-23.2.1/AndroidManifest.xml:39:27-75
156
157                <data
157-->[com.google.firebase:firebase-auth:23.2.1] /Users/gtesen/.gradle/caches/8.14.3/transforms/3cd2e605938f2d856df0eb89b1553e65/transformed/firebase-auth-23.2.1/AndroidManifest.xml:41:17-44:51
158                    android:host="firebase.auth"
158-->[com.google.firebase:firebase-auth:23.2.1] /Users/gtesen/.gradle/caches/8.14.3/transforms/3cd2e605938f2d856df0eb89b1553e65/transformed/firebase-auth-23.2.1/AndroidManifest.xml:42:21-49
159                    android:path="/"
159-->[com.google.firebase:firebase-auth:23.2.1] /Users/gtesen/.gradle/caches/8.14.3/transforms/3cd2e605938f2d856df0eb89b1553e65/transformed/firebase-auth-23.2.1/AndroidManifest.xml:43:21-37
160                    android:scheme="genericidp" />
160-->[com.google.firebase:firebase-auth:23.2.1] /Users/gtesen/.gradle/caches/8.14.3/transforms/3cd2e605938f2d856df0eb89b1553e65/transformed/firebase-auth-23.2.1/AndroidManifest.xml:44:21-48
161            </intent-filter>
162        </activity>
163        <activity
163-->[com.google.firebase:firebase-auth:23.2.1] /Users/gtesen/.gradle/caches/8.14.3/transforms/3cd2e605938f2d856df0eb89b1553e65/transformed/firebase-auth-23.2.1/AndroidManifest.xml:47:9-64:20
164            android:name="com.google.firebase.auth.internal.RecaptchaActivity"
164-->[com.google.firebase:firebase-auth:23.2.1] /Users/gtesen/.gradle/caches/8.14.3/transforms/3cd2e605938f2d856df0eb89b1553e65/transformed/firebase-auth-23.2.1/AndroidManifest.xml:48:13-79
165            android:excludeFromRecents="true"
165-->[com.google.firebase:firebase-auth:23.2.1] /Users/gtesen/.gradle/caches/8.14.3/transforms/3cd2e605938f2d856df0eb89b1553e65/transformed/firebase-auth-23.2.1/AndroidManifest.xml:49:13-46
166            android:exported="true"
166-->[com.google.firebase:firebase-auth:23.2.1] /Users/gtesen/.gradle/caches/8.14.3/transforms/3cd2e605938f2d856df0eb89b1553e65/transformed/firebase-auth-23.2.1/AndroidManifest.xml:50:13-36
167            android:launchMode="singleTask"
167-->[com.google.firebase:firebase-auth:23.2.1] /Users/gtesen/.gradle/caches/8.14.3/transforms/3cd2e605938f2d856df0eb89b1553e65/transformed/firebase-auth-23.2.1/AndroidManifest.xml:51:13-44
168            android:theme="@android:style/Theme.Translucent.NoTitleBar" >
168-->[com.google.firebase:firebase-auth:23.2.1] /Users/gtesen/.gradle/caches/8.14.3/transforms/3cd2e605938f2d856df0eb89b1553e65/transformed/firebase-auth-23.2.1/AndroidManifest.xml:52:13-72
169            <intent-filter>
169-->[com.google.firebase:firebase-auth:23.2.1] /Users/gtesen/.gradle/caches/8.14.3/transforms/3cd2e605938f2d856df0eb89b1553e65/transformed/firebase-auth-23.2.1/AndroidManifest.xml:53:13-63:29
170                <action android:name="android.intent.action.VIEW" />
170-->[com.google.firebase:firebase-auth:23.2.1] /Users/gtesen/.gradle/caches/8.14.3/transforms/3cd2e605938f2d856df0eb89b1553e65/transformed/firebase-auth-23.2.1/AndroidManifest.xml:36:17-69
170-->[com.google.firebase:firebase-auth:23.2.1] /Users/gtesen/.gradle/caches/8.14.3/transforms/3cd2e605938f2d856df0eb89b1553e65/transformed/firebase-auth-23.2.1/AndroidManifest.xml:36:25-66
171
172                <category android:name="android.intent.category.DEFAULT" />
172-->[com.google.firebase:firebase-auth:23.2.1] /Users/gtesen/.gradle/caches/8.14.3/transforms/3cd2e605938f2d856df0eb89b1553e65/transformed/firebase-auth-23.2.1/AndroidManifest.xml:38:17-76
172-->[com.google.firebase:firebase-auth:23.2.1] /Users/gtesen/.gradle/caches/8.14.3/transforms/3cd2e605938f2d856df0eb89b1553e65/transformed/firebase-auth-23.2.1/AndroidManifest.xml:38:27-73
173                <category android:name="android.intent.category.BROWSABLE" />
173-->[com.google.firebase:firebase-auth:23.2.1] /Users/gtesen/.gradle/caches/8.14.3/transforms/3cd2e605938f2d856df0eb89b1553e65/transformed/firebase-auth-23.2.1/AndroidManifest.xml:39:17-78
173-->[com.google.firebase:firebase-auth:23.2.1] /Users/gtesen/.gradle/caches/8.14.3/transforms/3cd2e605938f2d856df0eb89b1553e65/transformed/firebase-auth-23.2.1/AndroidManifest.xml:39:27-75
174
175                <data
175-->[com.google.firebase:firebase-auth:23.2.1] /Users/gtesen/.gradle/caches/8.14.3/transforms/3cd2e605938f2d856df0eb89b1553e65/transformed/firebase-auth-23.2.1/AndroidManifest.xml:41:17-44:51
176                    android:host="firebase.auth"
176-->[com.google.firebase:firebase-auth:23.2.1] /Users/gtesen/.gradle/caches/8.14.3/transforms/3cd2e605938f2d856df0eb89b1553e65/transformed/firebase-auth-23.2.1/AndroidManifest.xml:42:21-49
177                    android:path="/"
177-->[com.google.firebase:firebase-auth:23.2.1] /Users/gtesen/.gradle/caches/8.14.3/transforms/3cd2e605938f2d856df0eb89b1553e65/transformed/firebase-auth-23.2.1/AndroidManifest.xml:43:21-37
178                    android:scheme="recaptcha" />
178-->[com.google.firebase:firebase-auth:23.2.1] /Users/gtesen/.gradle/caches/8.14.3/transforms/3cd2e605938f2d856df0eb89b1553e65/transformed/firebase-auth-23.2.1/AndroidManifest.xml:44:21-48
179            </intent-filter>
180        </activity>
181
182        <service
182-->[androidx.credentials:credentials-play-services-auth:1.2.0-rc01] /Users/gtesen/.gradle/caches/8.14.3/transforms/a9158e1934b1ccb3dadcb8af1e4199e5/transformed/credentials-play-services-auth-1.2.0-rc01/AndroidManifest.xml:24:9-32:19
183            android:name="androidx.credentials.playservices.CredentialProviderMetadataHolder"
183-->[androidx.credentials:credentials-play-services-auth:1.2.0-rc01] /Users/gtesen/.gradle/caches/8.14.3/transforms/a9158e1934b1ccb3dadcb8af1e4199e5/transformed/credentials-play-services-auth-1.2.0-rc01/AndroidManifest.xml:25:13-94
184            android:enabled="true"
184-->[androidx.credentials:credentials-play-services-auth:1.2.0-rc01] /Users/gtesen/.gradle/caches/8.14.3/transforms/a9158e1934b1ccb3dadcb8af1e4199e5/transformed/credentials-play-services-auth-1.2.0-rc01/AndroidManifest.xml:26:13-35
185            android:exported="false" >
185-->[androidx.credentials:credentials-play-services-auth:1.2.0-rc01] /Users/gtesen/.gradle/caches/8.14.3/transforms/a9158e1934b1ccb3dadcb8af1e4199e5/transformed/credentials-play-services-auth-1.2.0-rc01/AndroidManifest.xml:27:13-37
186            <meta-data
186-->[androidx.credentials:credentials-play-services-auth:1.2.0-rc01] /Users/gtesen/.gradle/caches/8.14.3/transforms/a9158e1934b1ccb3dadcb8af1e4199e5/transformed/credentials-play-services-auth-1.2.0-rc01/AndroidManifest.xml:29:13-31:104
187                android:name="androidx.credentials.CREDENTIAL_PROVIDER_KEY"
187-->[androidx.credentials:credentials-play-services-auth:1.2.0-rc01] /Users/gtesen/.gradle/caches/8.14.3/transforms/a9158e1934b1ccb3dadcb8af1e4199e5/transformed/credentials-play-services-auth-1.2.0-rc01/AndroidManifest.xml:30:17-76
188                android:value="androidx.credentials.playservices.CredentialProviderPlayServicesImpl" />
188-->[androidx.credentials:credentials-play-services-auth:1.2.0-rc01] /Users/gtesen/.gradle/caches/8.14.3/transforms/a9158e1934b1ccb3dadcb8af1e4199e5/transformed/credentials-play-services-auth-1.2.0-rc01/AndroidManifest.xml:31:17-101
189        </service>
190
191        <activity
191-->[androidx.credentials:credentials-play-services-auth:1.2.0-rc01] /Users/gtesen/.gradle/caches/8.14.3/transforms/a9158e1934b1ccb3dadcb8af1e4199e5/transformed/credentials-play-services-auth-1.2.0-rc01/AndroidManifest.xml:34:9-41:20
192            android:name="androidx.credentials.playservices.HiddenActivity"
192-->[androidx.credentials:credentials-play-services-auth:1.2.0-rc01] /Users/gtesen/.gradle/caches/8.14.3/transforms/a9158e1934b1ccb3dadcb8af1e4199e5/transformed/credentials-play-services-auth-1.2.0-rc01/AndroidManifest.xml:35:13-76
193            android:configChanges="orientation|screenSize|screenLayout|keyboardHidden"
193-->[androidx.credentials:credentials-play-services-auth:1.2.0-rc01] /Users/gtesen/.gradle/caches/8.14.3/transforms/a9158e1934b1ccb3dadcb8af1e4199e5/transformed/credentials-play-services-auth-1.2.0-rc01/AndroidManifest.xml:36:13-87
194            android:enabled="true"
194-->[androidx.credentials:credentials-play-services-auth:1.2.0-rc01] /Users/gtesen/.gradle/caches/8.14.3/transforms/a9158e1934b1ccb3dadcb8af1e4199e5/transformed/credentials-play-services-auth-1.2.0-rc01/AndroidManifest.xml:37:13-35
195            android:exported="false"
195-->[androidx.credentials:credentials-play-services-auth:1.2.0-rc01] /Users/gtesen/.gradle/caches/8.14.3/transforms/a9158e1934b1ccb3dadcb8af1e4199e5/transformed/credentials-play-services-auth-1.2.0-rc01/AndroidManifest.xml:38:13-37
196            android:fitsSystemWindows="true"
196-->[androidx.credentials:credentials-play-services-auth:1.2.0-rc01] /Users/gtesen/.gradle/caches/8.14.3/transforms/a9158e1934b1ccb3dadcb8af1e4199e5/transformed/credentials-play-services-auth-1.2.0-rc01/AndroidManifest.xml:39:13-45
197            android:theme="@style/Theme.Hidden" >
197-->[androidx.credentials:credentials-play-services-auth:1.2.0-rc01] /Users/gtesen/.gradle/caches/8.14.3/transforms/a9158e1934b1ccb3dadcb8af1e4199e5/transformed/credentials-play-services-auth-1.2.0-rc01/AndroidManifest.xml:40:13-48
198        </activity>
199        <activity
199-->[com.google.android.gms:play-services-auth:20.7.0] /Users/gtesen/.gradle/caches/8.14.3/transforms/751cd99c404e85f15b9931c83059a10e/transformed/play-services-auth-20.7.0/AndroidManifest.xml:23:9-27:75
200            android:name="com.google.android.gms.auth.api.signin.internal.SignInHubActivity"
200-->[com.google.android.gms:play-services-auth:20.7.0] /Users/gtesen/.gradle/caches/8.14.3/transforms/751cd99c404e85f15b9931c83059a10e/transformed/play-services-auth-20.7.0/AndroidManifest.xml:24:13-93
201            android:excludeFromRecents="true"
201-->[com.google.android.gms:play-services-auth:20.7.0] /Users/gtesen/.gradle/caches/8.14.3/transforms/751cd99c404e85f15b9931c83059a10e/transformed/play-services-auth-20.7.0/AndroidManifest.xml:25:13-46
202            android:exported="false"
202-->[com.google.android.gms:play-services-auth:20.7.0] /Users/gtesen/.gradle/caches/8.14.3/transforms/751cd99c404e85f15b9931c83059a10e/transformed/play-services-auth-20.7.0/AndroidManifest.xml:26:13-37
203            android:theme="@android:style/Theme.Translucent.NoTitleBar" />
203-->[com.google.android.gms:play-services-auth:20.7.0] /Users/gtesen/.gradle/caches/8.14.3/transforms/751cd99c404e85f15b9931c83059a10e/transformed/play-services-auth-20.7.0/AndroidManifest.xml:27:13-72
204        <!--
205            Service handling Google Sign-In user revocation. For apps that do not integrate with
206            Google Sign-In, this service will never be started.
207        -->
208        <service
208-->[com.google.android.gms:play-services-auth:20.7.0] /Users/gtesen/.gradle/caches/8.14.3/transforms/751cd99c404e85f15b9931c83059a10e/transformed/play-services-auth-20.7.0/AndroidManifest.xml:33:9-37:51
209            android:name="com.google.android.gms.auth.api.signin.RevocationBoundService"
209-->[com.google.android.gms:play-services-auth:20.7.0] /Users/gtesen/.gradle/caches/8.14.3/transforms/751cd99c404e85f15b9931c83059a10e/transformed/play-services-auth-20.7.0/AndroidManifest.xml:34:13-89
210            android:exported="true"
210-->[com.google.android.gms:play-services-auth:20.7.0] /Users/gtesen/.gradle/caches/8.14.3/transforms/751cd99c404e85f15b9931c83059a10e/transformed/play-services-auth-20.7.0/AndroidManifest.xml:35:13-36
211            android:permission="com.google.android.gms.auth.api.signin.permission.REVOCATION_NOTIFICATION"
211-->[com.google.android.gms:play-services-auth:20.7.0] /Users/gtesen/.gradle/caches/8.14.3/transforms/751cd99c404e85f15b9931c83059a10e/transformed/play-services-auth-20.7.0/AndroidManifest.xml:36:13-107
212            android:visibleToInstantApps="true" />
212-->[com.google.android.gms:play-services-auth:20.7.0] /Users/gtesen/.gradle/caches/8.14.3/transforms/751cd99c404e85f15b9931c83059a10e/transformed/play-services-auth-20.7.0/AndroidManifest.xml:37:13-48
213
214        <activity
214-->[com.google.android.gms:play-services-base:18.5.0] /Users/gtesen/.gradle/caches/8.14.3/transforms/3418c3905e30a96832fbb41b08116988/transformed/play-services-base-18.5.0/AndroidManifest.xml:5:9-173
215            android:name="com.google.android.gms.common.api.GoogleApiActivity"
215-->[com.google.android.gms:play-services-base:18.5.0] /Users/gtesen/.gradle/caches/8.14.3/transforms/3418c3905e30a96832fbb41b08116988/transformed/play-services-base-18.5.0/AndroidManifest.xml:5:19-85
216            android:exported="false"
216-->[com.google.android.gms:play-services-base:18.5.0] /Users/gtesen/.gradle/caches/8.14.3/transforms/3418c3905e30a96832fbb41b08116988/transformed/play-services-base-18.5.0/AndroidManifest.xml:5:146-170
217            android:theme="@android:style/Theme.Translucent.NoTitleBar" />
217-->[com.google.android.gms:play-services-base:18.5.0] /Users/gtesen/.gradle/caches/8.14.3/transforms/3418c3905e30a96832fbb41b08116988/transformed/play-services-base-18.5.0/AndroidManifest.xml:5:86-145
218
219        <provider
219-->[com.google.firebase:firebase-common:22.0.0] /Users/gtesen/.gradle/caches/8.14.3/transforms/ba6e888e91db507a39cd0a493b112a1c/transformed/firebase-common-22.0.0/AndroidManifest.xml:23:9-28:39
220            android:name="com.google.firebase.provider.FirebaseInitProvider"
220-->[com.google.firebase:firebase-common:22.0.0] /Users/gtesen/.gradle/caches/8.14.3/transforms/ba6e888e91db507a39cd0a493b112a1c/transformed/firebase-common-22.0.0/AndroidManifest.xml:24:13-77
221            android:authorities="com.example.app_rutas.firebaseinitprovider"
221-->[com.google.firebase:firebase-common:22.0.0] /Users/gtesen/.gradle/caches/8.14.3/transforms/ba6e888e91db507a39cd0a493b112a1c/transformed/firebase-common-22.0.0/AndroidManifest.xml:25:13-72
222            android:directBootAware="true"
222-->[com.google.firebase:firebase-common:22.0.0] /Users/gtesen/.gradle/caches/8.14.3/transforms/ba6e888e91db507a39cd0a493b112a1c/transformed/firebase-common-22.0.0/AndroidManifest.xml:26:13-43
223            android:exported="false"
223-->[com.google.firebase:firebase-common:22.0.0] /Users/gtesen/.gradle/caches/8.14.3/transforms/ba6e888e91db507a39cd0a493b112a1c/transformed/firebase-common-22.0.0/AndroidManifest.xml:27:13-37
224            android:initOrder="100" />
224-->[com.google.firebase:firebase-common:22.0.0] /Users/gtesen/.gradle/caches/8.14.3/transforms/ba6e888e91db507a39cd0a493b112a1c/transformed/firebase-common-22.0.0/AndroidManifest.xml:28:13-36
225        <provider
225-->[androidx.work:work-runtime:2.10.3] /Users/gtesen/.gradle/caches/8.14.3/transforms/4415b078d78ed3f8ae330b6ef4be3957/transformed/work-runtime-2.10.3/AndroidManifest.xml:29:9-37:20
226            android:name="androidx.startup.InitializationProvider"
226-->[androidx.work:work-runtime:2.10.3] /Users/gtesen/.gradle/caches/8.14.3/transforms/4415b078d78ed3f8ae330b6ef4be3957/transformed/work-runtime-2.10.3/AndroidManifest.xml:30:13-67
227            android:authorities="com.example.app_rutas.androidx-startup"
227-->[androidx.work:work-runtime:2.10.3] /Users/gtesen/.gradle/caches/8.14.3/transforms/4415b078d78ed3f8ae330b6ef4be3957/transformed/work-runtime-2.10.3/AndroidManifest.xml:31:13-68
228            android:exported="false" >
228-->[androidx.work:work-runtime:2.10.3] /Users/gtesen/.gradle/caches/8.14.3/transforms/4415b078d78ed3f8ae330b6ef4be3957/transformed/work-runtime-2.10.3/AndroidManifest.xml:32:13-37
229            <meta-data
229-->[androidx.work:work-runtime:2.10.3] /Users/gtesen/.gradle/caches/8.14.3/transforms/4415b078d78ed3f8ae330b6ef4be3957/transformed/work-runtime-2.10.3/AndroidManifest.xml:34:13-36:52
230                android:name="androidx.work.WorkManagerInitializer"
230-->[androidx.work:work-runtime:2.10.3] /Users/gtesen/.gradle/caches/8.14.3/transforms/4415b078d78ed3f8ae330b6ef4be3957/transformed/work-runtime-2.10.3/AndroidManifest.xml:35:17-68
231                android:value="androidx.startup" />
231-->[androidx.work:work-runtime:2.10.3] /Users/gtesen/.gradle/caches/8.14.3/transforms/4415b078d78ed3f8ae330b6ef4be3957/transformed/work-runtime-2.10.3/AndroidManifest.xml:36:17-49
232            <meta-data
232-->[androidx.emoji2:emoji2:1.3.0] /Users/gtesen/.gradle/caches/8.14.3/transforms/9bedb642ea6b3ec8092f1a33750d08f7/transformed/emoji2-1.3.0/AndroidManifest.xml:29:13-31:52
233                android:name="androidx.emoji2.text.EmojiCompatInitializer"
233-->[androidx.emoji2:emoji2:1.3.0] /Users/gtesen/.gradle/caches/8.14.3/transforms/9bedb642ea6b3ec8092f1a33750d08f7/transformed/emoji2-1.3.0/AndroidManifest.xml:30:17-75
234                android:value="androidx.startup" />
234-->[androidx.emoji2:emoji2:1.3.0] /Users/gtesen/.gradle/caches/8.14.3/transforms/9bedb642ea6b3ec8092f1a33750d08f7/transformed/emoji2-1.3.0/AndroidManifest.xml:31:17-49
235            <meta-data
235-->[androidx.lifecycle:lifecycle-process:2.9.2] /Users/gtesen/.gradle/caches/8.14.3/transforms/1e1e657af00729eeee1265aeb2cc01cf/transformed/lifecycle-process-2.9.2/AndroidManifest.xml:29:13-31:52
236                android:name="androidx.lifecycle.ProcessLifecycleInitializer"
236-->[androidx.lifecycle:lifecycle-process:2.9.2] /Users/gtesen/.gradle/caches/8.14.3/transforms/1e1e657af00729eeee1265aeb2cc01cf/transformed/lifecycle-process-2.9.2/AndroidManifest.xml:30:17-78
237                android:value="androidx.startup" />
237-->[androidx.lifecycle:lifecycle-process:2.9.2] /Users/gtesen/.gradle/caches/8.14.3/transforms/1e1e657af00729eeee1265aeb2cc01cf/transformed/lifecycle-process-2.9.2/AndroidManifest.xml:31:17-49
238            <meta-data
238-->[androidx.profileinstaller:profileinstaller:1.4.0] /Users/gtesen/.gradle/caches/8.14.3/transforms/629ce72d0f6063adf326f449aace05c0/transformed/profileinstaller-1.4.0/AndroidManifest.xml:29:13-31:52
239                android:name="androidx.profileinstaller.ProfileInstallerInitializer"
239-->[androidx.profileinstaller:profileinstaller:1.4.0] /Users/gtesen/.gradle/caches/8.14.3/transforms/629ce72d0f6063adf326f449aace05c0/transformed/profileinstaller-1.4.0/AndroidManifest.xml:30:17-85
240                android:value="androidx.startup" />
240-->[androidx.profileinstaller:profileinstaller:1.4.0] /Users/gtesen/.gradle/caches/8.14.3/transforms/629ce72d0f6063adf326f449aace05c0/transformed/profileinstaller-1.4.0/AndroidManifest.xml:31:17-49
241        </provider>
242
243        <service
243-->[androidx.work:work-runtime:2.10.3] /Users/gtesen/.gradle/caches/8.14.3/transforms/4415b078d78ed3f8ae330b6ef4be3957/transformed/work-runtime-2.10.3/AndroidManifest.xml:39:9-45:35
244            android:name="androidx.work.impl.background.systemalarm.SystemAlarmService"
244-->[androidx.work:work-runtime:2.10.3] /Users/gtesen/.gradle/caches/8.14.3/transforms/4415b078d78ed3f8ae330b6ef4be3957/transformed/work-runtime-2.10.3/AndroidManifest.xml:40:13-88
245            android:directBootAware="false"
245-->[androidx.work:work-runtime:2.10.3] /Users/gtesen/.gradle/caches/8.14.3/transforms/4415b078d78ed3f8ae330b6ef4be3957/transformed/work-runtime-2.10.3/AndroidManifest.xml:41:13-44
246            android:enabled="@bool/enable_system_alarm_service_default"
246-->[androidx.work:work-runtime:2.10.3] /Users/gtesen/.gradle/caches/8.14.3/transforms/4415b078d78ed3f8ae330b6ef4be3957/transformed/work-runtime-2.10.3/AndroidManifest.xml:42:13-72
247            android:exported="false" />
247-->[androidx.work:work-runtime:2.10.3] /Users/gtesen/.gradle/caches/8.14.3/transforms/4415b078d78ed3f8ae330b6ef4be3957/transformed/work-runtime-2.10.3/AndroidManifest.xml:43:13-37
248        <service
248-->[androidx.work:work-runtime:2.10.3] /Users/gtesen/.gradle/caches/8.14.3/transforms/4415b078d78ed3f8ae330b6ef4be3957/transformed/work-runtime-2.10.3/AndroidManifest.xml:46:9-52:35
249            android:name="androidx.work.impl.background.systemjob.SystemJobService"
249-->[androidx.work:work-runtime:2.10.3] /Users/gtesen/.gradle/caches/8.14.3/transforms/4415b078d78ed3f8ae330b6ef4be3957/transformed/work-runtime-2.10.3/AndroidManifest.xml:47:13-84
250            android:directBootAware="false"
250-->[androidx.work:work-runtime:2.10.3] /Users/gtesen/.gradle/caches/8.14.3/transforms/4415b078d78ed3f8ae330b6ef4be3957/transformed/work-runtime-2.10.3/AndroidManifest.xml:48:13-44
251            android:enabled="@bool/enable_system_job_service_default"
251-->[androidx.work:work-runtime:2.10.3] /Users/gtesen/.gradle/caches/8.14.3/transforms/4415b078d78ed3f8ae330b6ef4be3957/transformed/work-runtime-2.10.3/AndroidManifest.xml:49:13-70
252            android:exported="true"
252-->[androidx.work:work-runtime:2.10.3] /Users/gtesen/.gradle/caches/8.14.3/transforms/4415b078d78ed3f8ae330b6ef4be3957/transformed/work-runtime-2.10.3/AndroidManifest.xml:50:13-36
253            android:permission="android.permission.BIND_JOB_SERVICE" />
253-->[androidx.work:work-runtime:2.10.3] /Users/gtesen/.gradle/caches/8.14.3/transforms/4415b078d78ed3f8ae330b6ef4be3957/transformed/work-runtime-2.10.3/AndroidManifest.xml:51:13-69
254        <service
254-->[androidx.work:work-runtime:2.10.3] /Users/gtesen/.gradle/caches/8.14.3/transforms/4415b078d78ed3f8ae330b6ef4be3957/transformed/work-runtime-2.10.3/AndroidManifest.xml:53:9-59:35
255            android:name="androidx.work.impl.foreground.SystemForegroundService"
255-->[androidx.work:work-runtime:2.10.3] /Users/gtesen/.gradle/caches/8.14.3/transforms/4415b078d78ed3f8ae330b6ef4be3957/transformed/work-runtime-2.10.3/AndroidManifest.xml:54:13-81
256            android:directBootAware="false"
256-->[androidx.work:work-runtime:2.10.3] /Users/gtesen/.gradle/caches/8.14.3/transforms/4415b078d78ed3f8ae330b6ef4be3957/transformed/work-runtime-2.10.3/AndroidManifest.xml:55:13-44
257            android:enabled="@bool/enable_system_foreground_service_default"
257-->[androidx.work:work-runtime:2.10.3] /Users/gtesen/.gradle/caches/8.14.3/transforms/4415b078d78ed3f8ae330b6ef4be3957/transformed/work-runtime-2.10.3/AndroidManifest.xml:56:13-77
258            android:exported="false" />
258-->[androidx.work:work-runtime:2.10.3] /Users/gtesen/.gradle/caches/8.14.3/transforms/4415b078d78ed3f8ae330b6ef4be3957/transformed/work-runtime-2.10.3/AndroidManifest.xml:57:13-37
259
260        <receiver
260-->[androidx.work:work-runtime:2.10.3] /Users/gtesen/.gradle/caches/8.14.3/transforms/4415b078d78ed3f8ae330b6ef4be3957/transformed/work-runtime-2.10.3/AndroidManifest.xml:61:9-66:35
261            android:name="androidx.work.impl.utils.ForceStopRunnable$BroadcastReceiver"
261-->[androidx.work:work-runtime:2.10.3] /Users/gtesen/.gradle/caches/8.14.3/transforms/4415b078d78ed3f8ae330b6ef4be3957/transformed/work-runtime-2.10.3/AndroidManifest.xml:62:13-88
262            android:directBootAware="false"
262-->[androidx.work:work-runtime:2.10.3] /Users/gtesen/.gradle/caches/8.14.3/transforms/4415b078d78ed3f8ae330b6ef4be3957/transformed/work-runtime-2.10.3/AndroidManifest.xml:63:13-44
263            android:enabled="true"
263-->[androidx.work:work-runtime:2.10.3] /Users/gtesen/.gradle/caches/8.14.3/transforms/4415b078d78ed3f8ae330b6ef4be3957/transformed/work-runtime-2.10.3/AndroidManifest.xml:64:13-35
264            android:exported="false" />
264-->[androidx.work:work-runtime:2.10.3] /Users/gtesen/.gradle/caches/8.14.3/transforms/4415b078d78ed3f8ae330b6ef4be3957/transformed/work-runtime-2.10.3/AndroidManifest.xml:65:13-37
265        <receiver
265-->[androidx.work:work-runtime:2.10.3] /Users/gtesen/.gradle/caches/8.14.3/transforms/4415b078d78ed3f8ae330b6ef4be3957/transformed/work-runtime-2.10.3/AndroidManifest.xml:67:9-77:20
266            android:name="androidx.work.impl.background.systemalarm.ConstraintProxy$BatteryChargingProxy"
266-->[androidx.work:work-runtime:2.10.3] /Users/gtesen/.gradle/caches/8.14.3/transforms/4415b078d78ed3f8ae330b6ef4be3957/transformed/work-runtime-2.10.3/AndroidManifest.xml:68:13-106
267            android:directBootAware="false"
267-->[androidx.work:work-runtime:2.10.3] /Users/gtesen/.gradle/caches/8.14.3/transforms/4415b078d78ed3f8ae330b6ef4be3957/transformed/work-runtime-2.10.3/AndroidManifest.xml:69:13-44
268            android:enabled="false"
268-->[androidx.work:work-runtime:2.10.3] /Users/gtesen/.gradle/caches/8.14.3/transforms/4415b078d78ed3f8ae330b6ef4be3957/transformed/work-runtime-2.10.3/AndroidManifest.xml:70:13-36
269            android:exported="false" >
269-->[androidx.work:work-runtime:2.10.3] /Users/gtesen/.gradle/caches/8.14.3/transforms/4415b078d78ed3f8ae330b6ef4be3957/transformed/work-runtime-2.10.3/AndroidManifest.xml:71:13-37
270            <intent-filter>
270-->[androidx.work:work-runtime:2.10.3] /Users/gtesen/.gradle/caches/8.14.3/transforms/4415b078d78ed3f8ae330b6ef4be3957/transformed/work-runtime-2.10.3/AndroidManifest.xml:73:13-76:29
271                <action android:name="android.intent.action.ACTION_POWER_CONNECTED" />
271-->[androidx.work:work-runtime:2.10.3] /Users/gtesen/.gradle/caches/8.14.3/transforms/4415b078d78ed3f8ae330b6ef4be3957/transformed/work-runtime-2.10.3/AndroidManifest.xml:74:17-87
271-->[androidx.work:work-runtime:2.10.3] /Users/gtesen/.gradle/caches/8.14.3/transforms/4415b078d78ed3f8ae330b6ef4be3957/transformed/work-runtime-2.10.3/AndroidManifest.xml:74:25-84
272                <action android:name="android.intent.action.ACTION_POWER_DISCONNECTED" />
272-->[androidx.work:work-runtime:2.10.3] /Users/gtesen/.gradle/caches/8.14.3/transforms/4415b078d78ed3f8ae330b6ef4be3957/transformed/work-runtime-2.10.3/AndroidManifest.xml:75:17-90
272-->[androidx.work:work-runtime:2.10.3] /Users/gtesen/.gradle/caches/8.14.3/transforms/4415b078d78ed3f8ae330b6ef4be3957/transformed/work-runtime-2.10.3/AndroidManifest.xml:75:25-87
273            </intent-filter>
274        </receiver>
275        <receiver
275-->[androidx.work:work-runtime:2.10.3] /Users/gtesen/.gradle/caches/8.14.3/transforms/4415b078d78ed3f8ae330b6ef4be3957/transformed/work-runtime-2.10.3/AndroidManifest.xml:78:9-88:20
276            android:name="androidx.work.impl.background.systemalarm.ConstraintProxy$BatteryNotLowProxy"
276-->[androidx.work:work-runtime:2.10.3] /Users/gtesen/.gradle/caches/8.14.3/transforms/4415b078d78ed3f8ae330b6ef4be3957/transformed/work-runtime-2.10.3/AndroidManifest.xml:79:13-104
277            android:directBootAware="false"
277-->[androidx.work:work-runtime:2.10.3] /Users/gtesen/.gradle/caches/8.14.3/transforms/4415b078d78ed3f8ae330b6ef4be3957/transformed/work-runtime-2.10.3/AndroidManifest.xml:80:13-44
278            android:enabled="false"
278-->[androidx.work:work-runtime:2.10.3] /Users/gtesen/.gradle/caches/8.14.3/transforms/4415b078d78ed3f8ae330b6ef4be3957/transformed/work-runtime-2.10.3/AndroidManifest.xml:81:13-36
279            android:exported="false" >
279-->[androidx.work:work-runtime:2.10.3] /Users/gtesen/.gradle/caches/8.14.3/transforms/4415b078d78ed3f8ae330b6ef4be3957/transformed/work-runtime-2.10.3/AndroidManifest.xml:82:13-37
280            <intent-filter>
280-->[androidx.work:work-runtime:2.10.3] /Users/gtesen/.gradle/caches/8.14.3/transforms/4415b078d78ed3f8ae330b6ef4be3957/transformed/work-runtime-2.10.3/AndroidManifest.xml:84:13-87:29
281                <action android:name="android.intent.action.BATTERY_OKAY" />
281-->[androidx.work:work-runtime:2.10.3] /Users/gtesen/.gradle/caches/8.14.3/transforms/4415b078d78ed3f8ae330b6ef4be3957/transformed/work-runtime-2.10.3/AndroidManifest.xml:85:17-77
281-->[androidx.work:work-runtime:2.10.3] /Users/gtesen/.gradle/caches/8.14.3/transforms/4415b078d78ed3f8ae330b6ef4be3957/transformed/work-runtime-2.10.3/AndroidManifest.xml:85:25-74
282                <action android:name="android.intent.action.BATTERY_LOW" />
282-->[androidx.work:work-runtime:2.10.3] /Users/gtesen/.gradle/caches/8.14.3/transforms/4415b078d78ed3f8ae330b6ef4be3957/transformed/work-runtime-2.10.3/AndroidManifest.xml:86:17-76
282-->[androidx.work:work-runtime:2.10.3] /Users/gtesen/.gradle/caches/8.14.3/transforms/4415b078d78ed3f8ae330b6ef4be3957/transformed/work-runtime-2.10.3/AndroidManifest.xml:86:25-73
283            </intent-filter>
284        </receiver>
285        <receiver
285-->[androidx.work:work-runtime:2.10.3] /Users/gtesen/.gradle/caches/8.14.3/transforms/4415b078d78ed3f8ae330b6ef4be3957/transformed/work-runtime-2.10.3/AndroidManifest.xml:89:9-99:20
286            android:name="androidx.work.impl.background.systemalarm.ConstraintProxy$StorageNotLowProxy"
286-->[androidx.work:work-runtime:2.10.3] /Users/gtesen/.gradle/caches/8.14.3/transforms/4415b078d78ed3f8ae330b6ef4be3957/transformed/work-runtime-2.10.3/AndroidManifest.xml:90:13-104
287            android:directBootAware="false"
287-->[androidx.work:work-runtime:2.10.3] /Users/gtesen/.gradle/caches/8.14.3/transforms/4415b078d78ed3f8ae330b6ef4be3957/transformed/work-runtime-2.10.3/AndroidManifest.xml:91:13-44
288            android:enabled="false"
288-->[androidx.work:work-runtime:2.10.3] /Users/gtesen/.gradle/caches/8.14.3/transforms/4415b078d78ed3f8ae330b6ef4be3957/transformed/work-runtime-2.10.3/AndroidManifest.xml:92:13-36
289            android:exported="false" >
289-->[androidx.work:work-runtime:2.10.3] /Users/gtesen/.gradle/caches/8.14.3/transforms/4415b078d78ed3f8ae330b6ef4be3957/transformed/work-runtime-2.10.3/AndroidManifest.xml:93:13-37
290            <intent-filter>
290-->[androidx.work:work-runtime:2.10.3] /Users/gtesen/.gradle/caches/8.14.3/transforms/4415b078d78ed3f8ae330b6ef4be3957/transformed/work-runtime-2.10.3/AndroidManifest.xml:95:13-98:29
291                <action android:name="android.intent.action.DEVICE_STORAGE_LOW" />
291-->[androidx.work:work-runtime:2.10.3] /Users/gtesen/.gradle/caches/8.14.3/transforms/4415b078d78ed3f8ae330b6ef4be3957/transformed/work-runtime-2.10.3/AndroidManifest.xml:96:17-83
291-->[androidx.work:work-runtime:2.10.3] /Users/gtesen/.gradle/caches/8.14.3/transforms/4415b078d78ed3f8ae330b6ef4be3957/transformed/work-runtime-2.10.3/AndroidManifest.xml:96:25-80
292                <action android:name="android.intent.action.DEVICE_STORAGE_OK" />
292-->[androidx.work:work-runtime:2.10.3] /Users/gtesen/.gradle/caches/8.14.3/transforms/4415b078d78ed3f8ae330b6ef4be3957/transformed/work-runtime-2.10.3/AndroidManifest.xml:97:17-82
292-->[androidx.work:work-runtime:2.10.3] /Users/gtesen/.gradle/caches/8.14.3/transforms/4415b078d78ed3f8ae330b6ef4be3957/transformed/work-runtime-2.10.3/AndroidManifest.xml:97:25-79
293            </intent-filter>
294        </receiver>
295        <receiver
295-->[androidx.work:work-runtime:2.10.3] /Users/gtesen/.gradle/caches/8.14.3/transforms/4415b078d78ed3f8ae330b6ef4be3957/transformed/work-runtime-2.10.3/AndroidManifest.xml:100:9-109:20
296            android:name="androidx.work.impl.background.systemalarm.ConstraintProxy$NetworkStateProxy"
296-->[androidx.work:work-runtime:2.10.3] /Users/gtesen/.gradle/caches/8.14.3/transforms/4415b078d78ed3f8ae330b6ef4be3957/transformed/work-runtime-2.10.3/AndroidManifest.xml:101:13-103
297            android:directBootAware="false"
297-->[androidx.work:work-runtime:2.10.3] /Users/gtesen/.gradle/caches/8.14.3/transforms/4415b078d78ed3f8ae330b6ef4be3957/transformed/work-runtime-2.10.3/AndroidManifest.xml:102:13-44
298            android:enabled="false"
298-->[androidx.work:work-runtime:2.10.3] /Users/gtesen/.gradle/caches/8.14.3/transforms/4415b078d78ed3f8ae330b6ef4be3957/transformed/work-runtime-2.10.3/AndroidManifest.xml:103:13-36
299            android:exported="false" >
299-->[androidx.work:work-runtime:2.10.3] /Users/gtesen/.gradle/caches/8.14.3/transforms/4415b078d78ed3f8ae330b6ef4be3957/transformed/work-runtime-2.10.3/AndroidManifest.xml:104:13-37
300            <intent-filter>
300-->[androidx.work:work-runtime:2.10.3] /Users/gtesen/.gradle/caches/8.14.3/transforms/4415b078d78ed3f8ae330b6ef4be3957/transformed/work-runtime-2.10.3/AndroidManifest.xml:106:13-108:29
301                <action android:name="android.net.conn.CONNECTIVITY_CHANGE" />
301-->[androidx.work:work-runtime:2.10.3] /Users/gtesen/.gradle/caches/8.14.3/transforms/4415b078d78ed3f8ae330b6ef4be3957/transformed/work-runtime-2.10.3/AndroidManifest.xml:107:17-79
301-->[androidx.work:work-runtime:2.10.3] /Users/gtesen/.gradle/caches/8.14.3/transforms/4415b078d78ed3f8ae330b6ef4be3957/transformed/work-runtime-2.10.3/AndroidManifest.xml:107:25-76
302            </intent-filter>
303        </receiver>
304        <receiver
304-->[androidx.work:work-runtime:2.10.3] /Users/gtesen/.gradle/caches/8.14.3/transforms/4415b078d78ed3f8ae330b6ef4be3957/transformed/work-runtime-2.10.3/AndroidManifest.xml:110:9-121:20
305            android:name="androidx.work.impl.background.systemalarm.RescheduleReceiver"
305-->[androidx.work:work-runtime:2.10.3] /Users/gtesen/.gradle/caches/8.14.3/transforms/4415b078d78ed3f8ae330b6ef4be3957/transformed/work-runtime-2.10.3/AndroidManifest.xml:111:13-88
306            android:directBootAware="false"
306-->[androidx.work:work-runtime:2.10.3] /Users/gtesen/.gradle/caches/8.14.3/transforms/4415b078d78ed3f8ae330b6ef4be3957/transformed/work-runtime-2.10.3/AndroidManifest.xml:112:13-44
307            android:enabled="false"
307-->[androidx.work:work-runtime:2.10.3] /Users/gtesen/.gradle/caches/8.14.3/transforms/4415b078d78ed3f8ae330b6ef4be3957/transformed/work-runtime-2.10.3/AndroidManifest.xml:113:13-36
308            android:exported="false" >
308-->[androidx.work:work-runtime:2.10.3] /Users/gtesen/.gradle/caches/8.14.3/transforms/4415b078d78ed3f8ae330b6ef4be3957/transformed/work-runtime-2.10.3/AndroidManifest.xml:114:13-37
309            <intent-filter>
309-->[androidx.work:work-runtime:2.10.3] /Users/gtesen/.gradle/caches/8.14.3/transforms/4415b078d78ed3f8ae330b6ef4be3957/transformed/work-runtime-2.10.3/AndroidManifest.xml:116:13-120:29
310                <action android:name="android.intent.action.BOOT_COMPLETED" />
310-->[androidx.work:work-runtime:2.10.3] /Users/gtesen/.gradle/caches/8.14.3/transforms/4415b078d78ed3f8ae330b6ef4be3957/transformed/work-runtime-2.10.3/AndroidManifest.xml:117:17-79
310-->[androidx.work:work-runtime:2.10.3] /Users/gtesen/.gradle/caches/8.14.3/transforms/4415b078d78ed3f8ae330b6ef4be3957/transformed/work-runtime-2.10.3/AndroidManifest.xml:117:25-76
311                <action android:name="android.intent.action.TIME_SET" />
311-->[androidx.work:work-runtime:2.10.3] /Users/gtesen/.gradle/caches/8.14.3/transforms/4415b078d78ed3f8ae330b6ef4be3957/transformed/work-runtime-2.10.3/AndroidManifest.xml:118:17-73
311-->[androidx.work:work-runtime:2.10.3] /Users/gtesen/.gradle/caches/8.14.3/transforms/4415b078d78ed3f8ae330b6ef4be3957/transformed/work-runtime-2.10.3/AndroidManifest.xml:118:25-70
312                <action android:name="android.intent.action.TIMEZONE_CHANGED" />
312-->[androidx.work:work-runtime:2.10.3] /Users/gtesen/.gradle/caches/8.14.3/transforms/4415b078d78ed3f8ae330b6ef4be3957/transformed/work-runtime-2.10.3/AndroidManifest.xml:119:17-81
312-->[androidx.work:work-runtime:2.10.3] /Users/gtesen/.gradle/caches/8.14.3/transforms/4415b078d78ed3f8ae330b6ef4be3957/transformed/work-runtime-2.10.3/AndroidManifest.xml:119:25-78
313            </intent-filter>
314        </receiver>
315        <receiver
315-->[androidx.work:work-runtime:2.10.3] /Users/gtesen/.gradle/caches/8.14.3/transforms/4415b078d78ed3f8ae330b6ef4be3957/transformed/work-runtime-2.10.3/AndroidManifest.xml:122:9-131:20
316            android:name="androidx.work.impl.background.systemalarm.ConstraintProxyUpdateReceiver"
316-->[androidx.work:work-runtime:2.10.3] /Users/gtesen/.gradle/caches/8.14.3/transforms/4415b078d78ed3f8ae330b6ef4be3957/transformed/work-runtime-2.10.3/AndroidManifest.xml:123:13-99
317            android:directBootAware="false"
317-->[androidx.work:work-runtime:2.10.3] /Users/gtesen/.gradle/caches/8.14.3/transforms/4415b078d78ed3f8ae330b6ef4be3957/transformed/work-runtime-2.10.3/AndroidManifest.xml:124:13-44
318            android:enabled="@bool/enable_system_alarm_service_default"
318-->[androidx.work:work-runtime:2.10.3] /Users/gtesen/.gradle/caches/8.14.3/transforms/4415b078d78ed3f8ae330b6ef4be3957/transformed/work-runtime-2.10.3/AndroidManifest.xml:125:13-72
319            android:exported="false" >
319-->[androidx.work:work-runtime:2.10.3] /Users/gtesen/.gradle/caches/8.14.3/transforms/4415b078d78ed3f8ae330b6ef4be3957/transformed/work-runtime-2.10.3/AndroidManifest.xml:126:13-37
320            <intent-filter>
320-->[androidx.work:work-runtime:2.10.3] /Users/gtesen/.gradle/caches/8.14.3/transforms/4415b078d78ed3f8ae330b6ef4be3957/transformed/work-runtime-2.10.3/AndroidManifest.xml:128:13-130:29
321                <action android:name="androidx.work.impl.background.systemalarm.UpdateProxies" />
321-->[androidx.work:work-runtime:2.10.3] /Users/gtesen/.gradle/caches/8.14.3/transforms/4415b078d78ed3f8ae330b6ef4be3957/transformed/work-runtime-2.10.3/AndroidManifest.xml:129:17-98
321-->[androidx.work:work-runtime:2.10.3] /Users/gtesen/.gradle/caches/8.14.3/transforms/4415b078d78ed3f8ae330b6ef4be3957/transformed/work-runtime-2.10.3/AndroidManifest.xml:129:25-95
322            </intent-filter>
323        </receiver>
324        <receiver
324-->[androidx.work:work-runtime:2.10.3] /Users/gtesen/.gradle/caches/8.14.3/transforms/4415b078d78ed3f8ae330b6ef4be3957/transformed/work-runtime-2.10.3/AndroidManifest.xml:132:9-142:20
325            android:name="androidx.work.impl.diagnostics.DiagnosticsReceiver"
325-->[androidx.work:work-runtime:2.10.3] /Users/gtesen/.gradle/caches/8.14.3/transforms/4415b078d78ed3f8ae330b6ef4be3957/transformed/work-runtime-2.10.3/AndroidManifest.xml:133:13-78
326            android:directBootAware="false"
326-->[androidx.work:work-runtime:2.10.3] /Users/gtesen/.gradle/caches/8.14.3/transforms/4415b078d78ed3f8ae330b6ef4be3957/transformed/work-runtime-2.10.3/AndroidManifest.xml:134:13-44
327            android:enabled="true"
327-->[androidx.work:work-runtime:2.10.3] /Users/gtesen/.gradle/caches/8.14.3/transforms/4415b078d78ed3f8ae330b6ef4be3957/transformed/work-runtime-2.10.3/AndroidManifest.xml:135:13-35
328            android:exported="true"
328-->[androidx.work:work-runtime:2.10.3] /Users/gtesen/.gradle/caches/8.14.3/transforms/4415b078d78ed3f8ae330b6ef4be3957/transformed/work-runtime-2.10.3/AndroidManifest.xml:136:13-36
329            android:permission="android.permission.DUMP" >
329-->[androidx.work:work-runtime:2.10.3] /Users/gtesen/.gradle/caches/8.14.3/transforms/4415b078d78ed3f8ae330b6ef4be3957/transformed/work-runtime-2.10.3/AndroidManifest.xml:137:13-57
330            <intent-filter>
330-->[androidx.work:work-runtime:2.10.3] /Users/gtesen/.gradle/caches/8.14.3/transforms/4415b078d78ed3f8ae330b6ef4be3957/transformed/work-runtime-2.10.3/AndroidManifest.xml:139:13-141:29
331                <action android:name="androidx.work.diagnostics.REQUEST_DIAGNOSTICS" />
331-->[androidx.work:work-runtime:2.10.3] /Users/gtesen/.gradle/caches/8.14.3/transforms/4415b078d78ed3f8ae330b6ef4be3957/transformed/work-runtime-2.10.3/AndroidManifest.xml:140:17-88
331-->[androidx.work:work-runtime:2.10.3] /Users/gtesen/.gradle/caches/8.14.3/transforms/4415b078d78ed3f8ae330b6ef4be3957/transformed/work-runtime-2.10.3/AndroidManifest.xml:140:25-85
332            </intent-filter>
333        </receiver>
334
335        <service
335-->[androidx.room:room-runtime-android:2.7.2] /Users/gtesen/.gradle/caches/8.14.3/transforms/a080f2c4722f37c5d575998ed88f8487/transformed/room-runtime-release/AndroidManifest.xml:24:9-28:63
336            android:name="androidx.room.MultiInstanceInvalidationService"
336-->[androidx.room:room-runtime-android:2.7.2] /Users/gtesen/.gradle/caches/8.14.3/transforms/a080f2c4722f37c5d575998ed88f8487/transformed/room-runtime-release/AndroidManifest.xml:25:13-74
337            android:directBootAware="true"
337-->[androidx.room:room-runtime-android:2.7.2] /Users/gtesen/.gradle/caches/8.14.3/transforms/a080f2c4722f37c5d575998ed88f8487/transformed/room-runtime-release/AndroidManifest.xml:26:13-43
338            android:exported="false" />
338-->[androidx.room:room-runtime-android:2.7.2] /Users/gtesen/.gradle/caches/8.14.3/transforms/a080f2c4722f37c5d575998ed88f8487/transformed/room-runtime-release/AndroidManifest.xml:27:13-37
339
340        <meta-data
340-->[com.google.android.gms:play-services-basement:18.4.0] /Users/gtesen/.gradle/caches/8.14.3/transforms/872ca23f34ca48a07c6ee6fd682933a8/transformed/play-services-basement-18.4.0/AndroidManifest.xml:6:9-122
341            android:name="com.google.android.gms.version"
341-->[com.google.android.gms:play-services-basement:18.4.0] /Users/gtesen/.gradle/caches/8.14.3/transforms/872ca23f34ca48a07c6ee6fd682933a8/transformed/play-services-basement-18.4.0/AndroidManifest.xml:6:20-65
342            android:value="@integer/google_play_services_version" />
342-->[com.google.android.gms:play-services-basement:18.4.0] /Users/gtesen/.gradle/caches/8.14.3/transforms/872ca23f34ca48a07c6ee6fd682933a8/transformed/play-services-basement-18.4.0/AndroidManifest.xml:6:66-119
343
344        <receiver
344-->[androidx.profileinstaller:profileinstaller:1.4.0] /Users/gtesen/.gradle/caches/8.14.3/transforms/629ce72d0f6063adf326f449aace05c0/transformed/profileinstaller-1.4.0/AndroidManifest.xml:34:9-52:20
345            android:name="androidx.profileinstaller.ProfileInstallReceiver"
345-->[androidx.profileinstaller:profileinstaller:1.4.0] /Users/gtesen/.gradle/caches/8.14.3/transforms/629ce72d0f6063adf326f449aace05c0/transformed/profileinstaller-1.4.0/AndroidManifest.xml:35:13-76
346            android:directBootAware="false"
346-->[androidx.profileinstaller:profileinstaller:1.4.0] /Users/gtesen/.gradle/caches/8.14.3/transforms/629ce72d0f6063adf326f449aace05c0/transformed/profileinstaller-1.4.0/AndroidManifest.xml:36:13-44
347            android:enabled="true"
347-->[androidx.profileinstaller:profileinstaller:1.4.0] /Users/gtesen/.gradle/caches/8.14.3/transforms/629ce72d0f6063adf326f449aace05c0/transformed/profileinstaller-1.4.0/AndroidManifest.xml:37:13-35
348            android:exported="true"
348-->[androidx.profileinstaller:profileinstaller:1.4.0] /Users/gtesen/.gradle/caches/8.14.3/transforms/629ce72d0f6063adf326f449aace05c0/transformed/profileinstaller-1.4.0/AndroidManifest.xml:38:13-36
349            android:permission="android.permission.DUMP" >
349-->[androidx.profileinstaller:profileinstaller:1.4.0] /Users/gtesen/.gradle/caches/8.14.3/transforms/629ce72d0f6063adf326f449aace05c0/transformed/profileinstaller-1.4.0/AndroidManifest.xml:39:13-57
350            <intent-filter>
350-->[androidx.profileinstaller:profileinstaller:1.4.0] /Users/gtesen/.gradle/caches/8.14.3/transforms/629ce72d0f6063adf326f449aace05c0/transformed/profileinstaller-1.4.0/AndroidManifest.xml:40:13-42:29
351                <action android:name="androidx.profileinstaller.action.INSTALL_PROFILE" />
351-->[androidx.profileinstaller:profileinstaller:1.4.0] /Users/gtesen/.gradle/caches/8.14.3/transforms/629ce72d0f6063adf326f449aace05c0/transformed/profileinstaller-1.4.0/AndroidManifest.xml:41:17-91
351-->[androidx.profileinstaller:profileinstaller:1.4.0] /Users/gtesen/.gradle/caches/8.14.3/transforms/629ce72d0f6063adf326f449aace05c0/transformed/profileinstaller-1.4.0/AndroidManifest.xml:41:25-88
352            </intent-filter>
353            <intent-filter>
353-->[androidx.profileinstaller:profileinstaller:1.4.0] /Users/gtesen/.gradle/caches/8.14.3/transforms/629ce72d0f6063adf326f449aace05c0/transformed/profileinstaller-1.4.0/AndroidManifest.xml:43:13-45:29
354                <action android:name="androidx.profileinstaller.action.SKIP_FILE" />
354-->[androidx.profileinstaller:profileinstaller:1.4.0] /Users/gtesen/.gradle/caches/8.14.3/transforms/629ce72d0f6063adf326f449aace05c0/transformed/profileinstaller-1.4.0/AndroidManifest.xml:44:17-85
354-->[androidx.profileinstaller:profileinstaller:1.4.0] /Users/gtesen/.gradle/caches/8.14.3/transforms/629ce72d0f6063adf326f449aace05c0/transformed/profileinstaller-1.4.0/AndroidManifest.xml:44:25-82
355            </intent-filter>
356            <intent-filter>
356-->[androidx.profileinstaller:profileinstaller:1.4.0] /Users/gtesen/.gradle/caches/8.14.3/transforms/629ce72d0f6063adf326f449aace05c0/transformed/profileinstaller-1.4.0/AndroidManifest.xml:46:13-48:29
357                <action android:name="androidx.profileinstaller.action.SAVE_PROFILE" />
357-->[androidx.profileinstaller:profileinstaller:1.4.0] /Users/gtesen/.gradle/caches/8.14.3/transforms/629ce72d0f6063adf326f449aace05c0/transformed/profileinstaller-1.4.0/AndroidManifest.xml:47:17-88
357-->[androidx.profileinstaller:profileinstaller:1.4.0] /Users/gtesen/.gradle/caches/8.14.3/transforms/629ce72d0f6063adf326f449aace05c0/transformed/profileinstaller-1.4.0/AndroidManifest.xml:47:25-85
358            </intent-filter>
359            <intent-filter>
359-->[androidx.profileinstaller:profileinstaller:1.4.0] /Users/gtesen/.gradle/caches/8.14.3/transforms/629ce72d0f6063adf326f449aace05c0/transformed/profileinstaller-1.4.0/AndroidManifest.xml:49:13-51:29
360                <action android:name="androidx.profileinstaller.action.BENCHMARK_OPERATION" />
360-->[androidx.profileinstaller:profileinstaller:1.4.0] /Users/gtesen/.gradle/caches/8.14.3/transforms/629ce72d0f6063adf326f449aace05c0/transformed/profileinstaller-1.4.0/AndroidManifest.xml:50:17-95
360-->[androidx.profileinstaller:profileinstaller:1.4.0] /Users/gtesen/.gradle/caches/8.14.3/transforms/629ce72d0f6063adf326f449aace05c0/transformed/profileinstaller-1.4.0/AndroidManifest.xml:50:25-92
361            </intent-filter>
362        </receiver>
363
364        <service
364-->[com.google.android.datatransport:transport-backend-cct:3.2.0] /Users/gtesen/.gradle/caches/8.14.3/transforms/6f6d4c7ee6c7e8fe51b23587fec42149/transformed/transport-backend-cct-3.2.0/AndroidManifest.xml:26:9-32:19
365            android:name="com.google.android.datatransport.runtime.backends.TransportBackendDiscovery"
365-->[com.google.android.datatransport:transport-backend-cct:3.2.0] /Users/gtesen/.gradle/caches/8.14.3/transforms/6f6d4c7ee6c7e8fe51b23587fec42149/transformed/transport-backend-cct-3.2.0/AndroidManifest.xml:27:13-103
366            android:exported="false" >
366-->[com.google.android.datatransport:transport-backend-cct:3.2.0] /Users/gtesen/.gradle/caches/8.14.3/transforms/6f6d4c7ee6c7e8fe51b23587fec42149/transformed/transport-backend-cct-3.2.0/AndroidManifest.xml:28:13-37
367            <meta-data
367-->[com.google.android.datatransport:transport-backend-cct:3.2.0] /Users/gtesen/.gradle/caches/8.14.3/transforms/6f6d4c7ee6c7e8fe51b23587fec42149/transformed/transport-backend-cct-3.2.0/AndroidManifest.xml:29:13-31:39
368                android:name="backend:com.google.android.datatransport.cct.CctBackendFactory"
368-->[com.google.android.datatransport:transport-backend-cct:3.2.0] /Users/gtesen/.gradle/caches/8.14.3/transforms/6f6d4c7ee6c7e8fe51b23587fec42149/transformed/transport-backend-cct-3.2.0/AndroidManifest.xml:30:17-94
369                android:value="cct" />
369-->[com.google.android.datatransport:transport-backend-cct:3.2.0] /Users/gtesen/.gradle/caches/8.14.3/transforms/6f6d4c7ee6c7e8fe51b23587fec42149/transformed/transport-backend-cct-3.2.0/AndroidManifest.xml:31:17-36
370        </service>
371        <service
371-->[com.google.android.datatransport:transport-runtime:3.2.0] /Users/gtesen/.gradle/caches/8.14.3/transforms/fcc83ef7a302e876ef36dba39d830db9/transformed/transport-runtime-3.2.0/AndroidManifest.xml:24:9-28:19
372            android:name="com.google.android.datatransport.runtime.scheduling.jobscheduling.JobInfoSchedulerService"
372-->[com.google.android.datatransport:transport-runtime:3.2.0] /Users/gtesen/.gradle/caches/8.14.3/transforms/fcc83ef7a302e876ef36dba39d830db9/transformed/transport-runtime-3.2.0/AndroidManifest.xml:25:13-117
373            android:exported="false"
373-->[com.google.android.datatransport:transport-runtime:3.2.0] /Users/gtesen/.gradle/caches/8.14.3/transforms/fcc83ef7a302e876ef36dba39d830db9/transformed/transport-runtime-3.2.0/AndroidManifest.xml:26:13-37
374            android:permission="android.permission.BIND_JOB_SERVICE" >
374-->[com.google.android.datatransport:transport-runtime:3.2.0] /Users/gtesen/.gradle/caches/8.14.3/transforms/fcc83ef7a302e876ef36dba39d830db9/transformed/transport-runtime-3.2.0/AndroidManifest.xml:27:13-69
375        </service>
376
377        <receiver
377-->[com.google.android.datatransport:transport-runtime:3.2.0] /Users/gtesen/.gradle/caches/8.14.3/transforms/fcc83ef7a302e876ef36dba39d830db9/transformed/transport-runtime-3.2.0/AndroidManifest.xml:30:9-32:40
378            android:name="com.google.android.datatransport.runtime.scheduling.jobscheduling.AlarmManagerSchedulerBroadcastReceiver"
378-->[com.google.android.datatransport:transport-runtime:3.2.0] /Users/gtesen/.gradle/caches/8.14.3/transforms/fcc83ef7a302e876ef36dba39d830db9/transformed/transport-runtime-3.2.0/AndroidManifest.xml:31:13-132
379            android:exported="false" /> <!-- The activities will be merged into the manifest of the hosting app. -->
379-->[com.google.android.datatransport:transport-runtime:3.2.0] /Users/gtesen/.gradle/caches/8.14.3/transforms/fcc83ef7a302e876ef36dba39d830db9/transformed/transport-runtime-3.2.0/AndroidManifest.xml:32:13-37
380        <activity
380-->[com.google.android.play:core-common:2.0.3] /Users/gtesen/.gradle/caches/8.14.3/transforms/52bc9452c7e3e41704bbb736d0fee324/transformed/core-common-2.0.3/AndroidManifest.xml:14:9-18:65
381            android:name="com.google.android.play.core.common.PlayCoreDialogWrapperActivity"
381-->[com.google.android.play:core-common:2.0.3] /Users/gtesen/.gradle/caches/8.14.3/transforms/52bc9452c7e3e41704bbb736d0fee324/transformed/core-common-2.0.3/AndroidManifest.xml:15:13-93
382            android:exported="false"
382-->[com.google.android.play:core-common:2.0.3] /Users/gtesen/.gradle/caches/8.14.3/transforms/52bc9452c7e3e41704bbb736d0fee324/transformed/core-common-2.0.3/AndroidManifest.xml:16:13-37
383            android:stateNotNeeded="true"
383-->[com.google.android.play:core-common:2.0.3] /Users/gtesen/.gradle/caches/8.14.3/transforms/52bc9452c7e3e41704bbb736d0fee324/transformed/core-common-2.0.3/AndroidManifest.xml:17:13-42
384            android:theme="@style/Theme.PlayCore.Transparent" />
384-->[com.google.android.play:core-common:2.0.3] /Users/gtesen/.gradle/caches/8.14.3/transforms/52bc9452c7e3e41704bbb736d0fee324/transformed/core-common-2.0.3/AndroidManifest.xml:18:13-62
385    </application>
386
387</manifest>

Merged manifest saved to /Users/gtesen/Desktop/aplicacion_busmap/frontend-busmap/app/build/intermediates/merged_manifest/release/processReleaseMainManifest/AndroidManifest.xml
Resolve mutations for :app:processReleaseManifest (Thread[Execution worker Thread 5,5,main]) started.
:app:processReleaseManifest (Thread[Execution worker Thread 5,5,main]) started.

> Task :app:processReleaseManifest
Caching disabled for task ':app:processReleaseManifest' because:
  Build cache is disabled
Task ':app:processReleaseManifest' is not up-to-date because:
  Value of input property 'outputsHandler.variantOutputs.$0.outputFileName' has changed for task ':app:processReleaseManifest'
Resolve mutations for :app:processReleaseManifestForPackage (Thread[Execution worker Thread 5,5,main]) started.
:app:processReleaseManifestForPackage (Thread[Execution worker,5,main]) started.
Resolve mutations for :app:javaPreCompileRelease (Thread[Execution worker Thread 5,5,main]) started.
:app:javaPreCompileRelease (Thread[Execution worker Thread 5,5,main]) started.
Resolve mutations for :app:desugarReleaseFileDependencies (Thread[Execution worker Thread 2,5,main]) started.
:app:desugarReleaseFileDependencies (Thread[Execution worker Thread 2,5,main]) started.

> Task :app:desugarReleaseFileDependencies
Caching disabled for task ':app:desugarReleaseFileDependencies' because:
  Build cache is disabled
Task ':app:desugarReleaseFileDependencies' is not up-to-date because:
  Output property 'outputDirectory' file /Users/gtesen/Desktop/aplicacion_busmap/frontend-busmap/app/build/intermediates/external_file_lib_dex_archives/release/desugarReleaseFileDependencies has been removed.
  Output property 'outputGlobalSynthetics' file /Users/gtesen/Desktop/aplicacion_busmap/frontend-busmap/app/build/intermediates/global_synthetics_file_lib/release/desugarReleaseFileDependencies has been removed.
Resolve mutations for :app:mergeReleaseStartupProfile (Thread[Execution worker Thread 2,5,main]) started.
:app:mergeReleaseStartupProfile (Thread[Execution worker Thread 2,5,main]) started.

> Task :app:mergeReleaseStartupProfile UP-TO-DATE
Caching disabled for task ':app:mergeReleaseStartupProfile' because:
  Build cache is disabled
  Simple merging task
Skipping task ':app:mergeReleaseStartupProfile' as it is up-to-date.
Resolve mutations for :app:mergeExtDexRelease (Thread[Execution worker Thread 4,5,main]) started.
:app:mergeExtDexRelease (Thread[Execution worker Thread 4,5,main]) started.

> Task :app:javaPreCompileRelease
Registered task dependencies: app:_agp_internal_javaPreCompileRelease_kspClasspath
Skipping misunderstood TO dep string: org.jetbrains.kotlin:kotlin-stdlib
Skipping misunderstood TO dep string: org.jetbrains.kotlin:kotlin-stdlib-jdk8
Skipping misunderstood TO dep string: org.jetbrains.kotlin:kotlin-stdlib
Skipping misunderstood TO dep string: org.jetbrains.kotlin:kotlin-stdlib
Starting dependency analysis
Caching disabled for task ':app:javaPreCompileRelease' because:
  Build cache is disabled
Task ':app:javaPreCompileRelease' is not up-to-date because:
  Output property 'annotationProcessorListFile' file /Users/gtesen/Desktop/aplicacion_busmap/frontend-busmap/app/build/intermediates/annotation_processor_list/release/javaPreCompileRelease/annotationProcessors.json has been removed.
Resolve mutations for :app:mergeReleaseArtProfile (Thread[Execution worker Thread 3,5,main]) started.
:app:mergeReleaseArtProfile (Thread[Execution worker Thread 3,5,main]) started.
Resolve mutations for :app:mergeReleaseShaders (Thread[included builds,5,main]) started.
:app:mergeReleaseShaders (Thread[included builds,5,main]) started.

> Task :app:mergeReleaseShaders
Caching disabled for task ':app:mergeReleaseShaders' because:
  Build cache is disabled
  Simple merging task
Task ':app:mergeReleaseShaders' is not up-to-date because:
  Output property 'outputDir' file /Users/gtesen/Desktop/aplicacion_busmap/frontend-busmap/app/build/intermediates/merged_shaders/release/mergeReleaseShaders/out has been removed.
The input changes require a full rebuild for incremental task ':app:mergeReleaseShaders'.
Resolve mutations for :app:compileReleaseShaders (Thread[included builds,5,main]) started.
:app:compileReleaseShaders (Thread[included builds,5,main]) started.

> Task :app:compileReleaseShaders NO-SOURCE
Skipping task ':app:compileReleaseShaders' as it has no source files and no previous output files.
Resolve mutations for :app:generateReleaseAssets (Thread[included builds,5,main]) started.
:app:generateReleaseAssets (Thread[included builds,5,main]) started.

> Task :app:generateReleaseAssets UP-TO-DATE
Skipping task ':app:generateReleaseAssets' as it has no actions.
Resolve mutations for :app:mergeReleaseAssets (Thread[included builds,5,main]) started.
:app:mergeReleaseAssets (Thread[included builds,5,main]) started.

> Task :app:mergeReleaseArtProfile
Caching disabled for task ':app:mergeReleaseArtProfile' because:
  Build cache is disabled
  Simple merging task
Task ':app:mergeReleaseArtProfile' is not up-to-date because:
  Output property 'outputFile' file /Users/gtesen/Desktop/aplicacion_busmap/frontend-busmap/app/build/intermediates/merged_art_profile/release/mergeReleaseArtProfile/baseline-prof.txt has been removed.
file or directory '/Users/gtesen/Desktop/aplicacion_busmap/frontend-busmap/app/src/main/baselineProfiles', not found
file or directory '/Users/gtesen/Desktop/aplicacion_busmap/frontend-busmap/app/src/release/baselineProfiles', not found

> Task :app:mergeReleaseAssets
Caching disabled for task ':app:mergeReleaseAssets' because:
  Build cache is disabled
  Simple merging task
Task ':app:mergeReleaseAssets' is not up-to-date because:
  Output property 'outputDir' file /Users/gtesen/Desktop/aplicacion_busmap/frontend-busmap/app/build/intermediates/assets/release/mergeReleaseAssets has been removed.
The input changes require a full rebuild for incremental task ':app:mergeReleaseAssets'.
Resolve mutations for :app:compressReleaseAssets (Thread[included builds,5,main]) started.
:app:compressReleaseAssets (Thread[included builds,5,main]) started.

> Task :app:compressReleaseAssets
Caching disabled for task ':app:compressReleaseAssets' because:
  Build cache is disabled
Task ':app:compressReleaseAssets' is not up-to-date because:
  Output property 'outputDir' file /Users/gtesen/Desktop/aplicacion_busmap/frontend-busmap/app/build/intermediates/compressed_assets/release/compressReleaseAssets/out has been removed.
The input changes require a full rebuild for incremental task ':app:compressReleaseAssets'.
Resolve mutations for :app:extractReleaseVersionControlInfo (Thread[included builds,5,main]) started.
:app:extractReleaseVersionControlInfo (Thread[included builds,5,main]) started.

> Task :app:extractReleaseVersionControlInfo
Caching disabled for task ':app:extractReleaseVersionControlInfo' because:
  Build cache is disabled
  Caching has been disabled for the task
Task ':app:extractReleaseVersionControlInfo' is not up-to-date because:
  Output property 'vcInfoFile' file /Users/gtesen/Desktop/aplicacion_busmap/frontend-busmap/app/build/intermediates/version_control_info_file/release/extractReleaseVersionControlInfo/version-control-info.textproto has been removed.
Resolve mutations for :app:extractProguardFiles (Thread[included builds,5,main]) started.
:app:extractProguardFiles (Thread[included builds,5,main]) started.

> Task :app:extractProguardFiles
Caching disabled for task ':app:extractProguardFiles' because:
  Build cache is disabled
  Fast task
Task ':app:extractProguardFiles' is not up-to-date because:
  Output property 'proguardFilesDir' file /Users/gtesen/Desktop/aplicacion_busmap/frontend-busmap/app/build/intermediates/default_proguard_files/global has been removed.
  Output property 'proguardFilesDir' file /Users/gtesen/Desktop/aplicacion_busmap/frontend-busmap/app/build/intermediates/default_proguard_files/global/proguard-android-optimize.txt-8.9.1 has been removed.
  Output property 'proguardFilesDir' file /Users/gtesen/Desktop/aplicacion_busmap/frontend-busmap/app/build/intermediates/default_proguard_files/global/proguard-android.txt-8.9.1 has been removed.
  and more...
Resolve mutations for :app:collectReleaseDependencies (Thread[included builds,5,main]) started.
:app:collectReleaseDependencies (Thread[included builds,5,main]) started.

> Task :app:processReleaseManifestForPackage
Custom actions are attached to task ':app:processReleaseManifestForPackage'.
Caching disabled for task ':app:processReleaseManifestForPackage' because:
  Build cache is disabled
Task ':app:processReleaseManifestForPackage' is not up-to-date because:
  Output property 'packageManifests' file /Users/gtesen/Desktop/aplicacion_busmap/frontend-busmap/app/build/intermediates/packaged_manifests/release/processReleaseManifestForPackage has been removed.
  Output property 'packageManifests' file /Users/gtesen/Desktop/aplicacion_busmap/frontend-busmap/app/build/intermediates/packaged_manifests/release/processReleaseManifestForPackage/AndroidManifest.xml has been removed.
  Output property 'packageManifests' file /Users/gtesen/Desktop/aplicacion_busmap/frontend-busmap/app/build/intermediates/packaged_manifests/release/processReleaseManifestForPackage/output-metadata.json has been removed.

> Task :app:collectReleaseDependencies
Caching disabled for task ':app:collectReleaseDependencies' because:
  Build cache is disabled
  Caching has been disabled for the task
Task ':app:collectReleaseDependencies' is not up-to-date because:
  Output property 'dependencyReport' file /Users/gtesen/Desktop/aplicacion_busmap/frontend-busmap/app/build/intermediates/metadata_library_dependencies_report/release/collectReleaseDependencies/dependencies.pb has been removed.
Resolve mutations for :app:sdkReleaseDependencyData (Thread[included builds,5,main]) started.
:app:sdkReleaseDependencyData (Thread[included builds,5,main]) started.

> Task :app:mergeExtDexRelease
Caching disabled for task ':app:mergeExtDexRelease' because:
  Build cache is disabled
Task ':app:mergeExtDexRelease' is not up-to-date because:
  Output property 'outputDir' file /Users/gtesen/Desktop/aplicacion_busmap/frontend-busmap/app/build/intermediates/external_libs_dex/release/mergeExtDexRelease has been removed.
  Output property 'outputDir' file /Users/gtesen/Desktop/aplicacion_busmap/frontend-busmap/app/build/intermediates/external_libs_dex/release/mergeExtDexRelease/classes.dex has been removed.
  Output property 'outputDir' file /Users/gtesen/Desktop/aplicacion_busmap/frontend-busmap/app/build/intermediates/external_libs_dex/release/mergeExtDexRelease/classes2.dex has been removed.
  and more...
The input changes require a full rebuild for incremental task ':app:mergeExtDexRelease'.
Merging to '/Users/gtesen/Desktop/aplicacion_busmap/frontend-busmap/app/build/intermediates/external_libs_dex/release/mergeExtDexRelease' with D8 from all or a subset of dex files in /Users/gtesen/.gradle/caches/8.14.3/transforms/5e61330dcabed2aedf3210df24436d99/transformed/places-4.4.1-runtime/places-4.4.1-runtime_dex, /Users/gtesen/.gradle/caches/8.14.3/transforms/bf59bfc3231ccdddec3e39422275d8cb/transformed/play-services-maps-19.2.0-runtime/play-services-maps-19.2.0-runtime_dex, /Users/gtesen/.gradle/caches/8.14.3/transforms/c8f813877e00597716d05b935942ff5a/transformed/material-1.12.0-runtime/material-1.12.0-runtime_dex, /Users/gtesen/.gradle/caches/8.14.3/transforms/31be1b0e08b11cb3634287b182f39467/transformed/constraintlayout-2.2.1-runtime/constraintlayout-2.2.1-runtime_dex, /Users/gtesen/.gradle/caches/8.14.3/transforms/69c2169177674b266f9095e3981de05c/transformed/coil-2.7.0-runtime/coil-2.7.0-runtime_dex, /Users/gtesen/.gradle/caches/8.14.3/transforms/8cb33958b08cc56c6d229540dedc68bb/transformed/coil-base-2.7.0-runtime/coil-base-2.7.0-runtime_dex, /Users/gtesen/.gradle/caches/8.14.3/transforms/91c96017f22f0db23be7fcc2a2045242/transformed/appcompat-resources-1.7.1-runtime/appcompat-resources-1.7.1-runtime_dex, /Users/gtesen/.gradle/caches/8.14.3/transforms/d239e6fed27f010be1fefa168f09f461/transformed/appcompat-1.7.1-runtime/appcompat-1.7.1-runtime_dex, /Users/gtesen/.gradle/caches/8.14.3/transforms/a4d4259c9c33fba155ba40a43c3e8b2f/transformed/firebase-storage-22.0.0-runtime/firebase-storage-22.0.0-runtime_dex, /Users/gtesen/.gradle/caches/8.14.3/transforms/4f8f4160125ccc2915489931d7e2a634/transformed/play-services-location-21.3.0-runtime/play-services-location-21.3.0-runtime_dex, /Users/gtesen/.gradle/caches/8.14.3/transforms/e907d9eb36c1141624deb4a56cbb243b/transformed/firebase-database-ktx-21.0.0-runtime/firebase-database-ktx-21.0.0-runtime_dex, /Users/gtesen/.gradle/caches/8.14.3/transforms/14976707d2b137f3ee7b5b85d0846b0b/transformed/firebase-database-21.0.0-runtime/firebase-database-21.0.0-runtime_dex, /Users/gtesen/.gradle/caches/8.14.3/transforms/43070eb80eddc3775a537d5dbecdd35d/transformed/firebase-appcheck-18.0.0-runtime/firebase-appcheck-18.0.0-runtime_dex, /Users/gtesen/.gradle/caches/8.14.3/transforms/97db7faf63c608362f53e659b3406ae1/transformed/firebase-auth-ktx-23.2.1-runtime/firebase-auth-ktx-23.2.1-runtime_dex, /Users/gtesen/.gradle/caches/8.14.3/transforms/e42c8f28b4ebb08ea562d801df1414ef/transformed/firebase-auth-23.2.1-runtime/firebase-auth-23.2.1-runtime_dex, /Users/gtesen/.gradle/caches/8.14.3/transforms/6065c524684d5e5c33fcbddeccc060ca/transformed/firebase-appcheck-interop-17.1.0-runtime/firebase-appcheck-interop-17.1.0-runtime_dex, /Users/gtesen/.gradle/caches/8.14.3/transforms/d217d09ea6128548732a80ecf1088cf6/transformed/credentials-1.2.0-rc01-runtime/credentials-1.2.0-rc01-runtime_dex, /Users/gtesen/.gradle/caches/8.14.3/transforms/bef663cad30445d82e697d3d31e89923/transformed/credentials-play-services-auth-1.2.0-rc01-runtime/credentials-play-services-auth-1.2.0-rc01-runtime_dex, /Users/gtesen/.gradle/caches/8.14.3/transforms/dbb343f31442cc3d8154da7fd5ac675a/transformed/play-services-auth-20.7.0-runtime/play-services-auth-20.7.0-runtime_dex, /Users/gtesen/.gradle/caches/8.14.3/transforms/32983ca07a2a187ec5127263725381d0/transformed/play-services-auth-api-phone-18.0.2-runtime/play-services-auth-api-phone-18.0.2-runtime_dex, /Users/gtesen/.gradle/caches/8.14.3/transforms/0ec62f5258eb731bf42659aa29108300/transformed/firebase-database-collection-18.0.1-runtime/firebase-database-collection-18.0.1-runtime_dex, /Users/gtesen/.gradle/caches/8.14.3/transforms/efb49af8fe681ac181214ec826ad16da/transformed/play-services-fido-20.1.0-runtime/play-services-fido-20.1.0-runtime_dex, /Users/gtesen/.gradle/caches/8.14.3/transforms/6fb09353208896201bf9e84f1dc7138d/transformed/play-services-auth-base-18.0.4-runtime/play-services-auth-base-18.0.4-runtime_dex, /Users/gtesen/.gradle/caches/8.14.3/transforms/c42265036cc1327e321f6c86d44cccd9/transformed/play-services-base-18.5.0-runtime/play-services-base-18.5.0-runtime_dex, /Users/gtesen/.gradle/caches/8.14.3/transforms/886d9744b693a1fe23faf944bffb1f4c/transformed/firebase-common-ktx-21.0.0-runtime/firebase-common-ktx-21.0.0-runtime_dex, /Users/gtesen/.gradle/caches/8.14.3/transforms/70abeac61bc438de02eb54f57dff8ae2/transformed/firebase-auth-interop-20.0.0-runtime/firebase-auth-interop-20.0.0-runtime_dex, /Users/gtesen/.gradle/caches/8.14.3/transforms/6bd78422038f3e88bfbbfcc2de4eefc4/transformed/firebase-common-22.0.0-runtime/firebase-common-22.0.0-runtime_dex, /Users/gtesen/.gradle/caches/8.14.3/transforms/e4c748524d2079cf2c1464768e83887d/transformed/activity-1.10.1-runtime/activity-1.10.1-runtime_dex, /Users/gtesen/.gradle/caches/8.14.3/transforms/c7a88bd54eaa84dc286de9c453413407/transformed/work-runtime-2.10.3-runtime/work-runtime-2.10.3-runtime_dex, /Users/gtesen/.gradle/caches/8.14.3/transforms/5679ab427cdcd7fdc6b5fa5b87f495c5/transformed/viewpager2-1.1.0-runtime/viewpager2-1.1.0-runtime_dex, /Users/gtesen/.gradle/caches/8.14.3/transforms/54bf3d92c927900a471cef5992f31595/transformed/recyclerview-1.3.2-runtime/recyclerview-1.3.2-runtime_dex, /Users/gtesen/.gradle/caches/8.14.3/transforms/2ef016351590e4f4664c5955246490be/transformed/customview-poolingcontainer-1.0.0-runtime/customview-poolingcontainer-1.0.0-runtime_dex, /Users/gtesen/.gradle/caches/8.14.3/transforms/98fc786a8d67b951624949c1548df3d8/transformed/emoji2-views-helper-1.3.0-runtime/emoji2-views-helper-1.3.0-runtime_dex, /Users/gtesen/.gradle/caches/8.14.3/transforms/7e7ffbb7b58777ede6ea5acb43a1540d/transformed/emoji2-1.3.0-runtime/emoji2-1.3.0-runtime_dex, /Users/gtesen/.gradle/caches/8.14.3/transforms/0ca3f6983240819871568f9f1dd90c6b/transformed/lifecycle-service-2.9.2-runtime/lifecycle-service-2.9.2-runtime_dex, /Users/gtesen/.gradle/caches/8.14.3/transforms/04028a8bbc4b184c9e002fb9e0d200b4/transformed/lifecycle-livedata-core-2.9.2-runtime/lifecycle-livedata-core-2.9.2-runtime_dex, /Users/gtesen/.gradle/caches/8.14.3/transforms/e942b8249f843f07cf6bfc5193a7098e/transformed/savedstate-release-runtime/savedstate-release-runtime_dex, /Users/gtesen/.gradle/caches/8.14.3/transforms/c66d18d5bb512b78ea1c71bd429530e0/transformed/lifecycle-common-jvm-2.9.2/lifecycle-common-jvm-2.9.2_dex, /Users/gtesen/.gradle/caches/8.14.3/transforms/b6083aea27258645bcc1c1d6e85742a6/transformed/lifecycle-process-2.9.2-runtime/lifecycle-process-2.9.2-runtime_dex, /Users/gtesen/.gradle/caches/8.14.3/transforms/e028194c7929c7117cd9aaaf132b027f/transformed/lifecycle-viewmodel-savedstate-release-runtime/lifecycle-viewmodel-savedstate-release-runtime_dex, /Users/gtesen/.gradle/caches/8.14.3/transforms/f1d0b9f67d5bcd2f3a0359ffb1b94dee/transformed/core-ktx-1.17.0-runtime/core-ktx-1.17.0-runtime_dex, /Users/gtesen/.gradle/caches/8.14.3/transforms/9a2480c6781e058f00359391e3ba2c6b/transformed/cronet-embedded-119.6045.31-runtime/cronet-embedded-119.6045.31-runtime_dex, /Users/gtesen/.gradle/caches/8.14.3/transforms/33d84710c681e5868fb32d414b70edad/transformed/swiperefreshlayout-1.1.0-runtime/swiperefreshlayout-1.1.0-runtime_dex, /Users/gtesen/.gradle/caches/8.14.3/transforms/65f9458c020cbdd1dfd1e3185249b7d1/transformed/coordinatorlayout-1.1.0-runtime/coordinatorlayout-1.1.0-runtime_dex, /Users/gtesen/.gradle/caches/8.14.3/transforms/3fd567f55e3264716bd0d50cb45161e2/transformed/drawerlayout-1.1.1-runtime/drawerlayout-1.1.1-runtime_dex, /Users/gtesen/.gradle/caches/8.14.3/transforms/548e7302000cb910ec3d759c3fda8e05/transformed/transition-1.5.0-runtime/transition-1.5.0-runtime_dex, /Users/gtesen/.gradle/caches/8.14.3/transforms/26fc5621d1425cc671a661a2ffebc287/transformed/dynamicanimation-1.0.0-runtime/dynamicanimation-1.0.0-runtime_dex, /Users/gtesen/.gradle/caches/8.14.3/transforms/576b2af6a41d161faf8da5336566c1d3/transformed/glide-4.11.0-runtime/glide-4.11.0-runtime_dex, /Users/gtesen/.gradle/caches/8.14.3/transforms/71d670dbaeef6e6f485aba159649f199/transformed/vectordrawable-animated-1.1.0-runtime/vectordrawable-animated-1.1.0-runtime_dex, /Users/gtesen/.gradle/caches/8.14.3/transforms/aaae2408ae8b268ce038e31f0c45fc5c/transformed/vectordrawable-1.1.0-runtime/vectordrawable-1.1.0-runtime_dex, /Users/gtesen/.gradle/caches/8.14.3/transforms/d83d68972ae9c77707f914c4d6ad3124/transformed/viewpager-1.0.0-runtime/viewpager-1.0.0-runtime_dex, /Users/gtesen/.gradle/caches/8.14.3/transforms/28f243e19b8ec64219b202e3f9e34359/transformed/customview-1.1.0-runtime/customview-1.1.0-runtime_dex, /Users/gtesen/.gradle/caches/8.14.3/transforms/4e7d6e76c6b61b47362c69b68248a5ef/transformed/legacy-support-core-utils-1.0.0-runtime/legacy-support-core-utils-1.0.0-runtime_dex, /Users/gtesen/.gradle/caches/8.14.3/transforms/f9b4d83278f3bbd4faae7c198cab0205/transformed/browser-1.4.0-runtime/browser-1.4.0-runtime_dex, /Users/gtesen/.gradle/caches/8.14.3/transforms/39b77577a60ad7cd84064ae406ee18dd/transformed/loader-1.0.0-runtime/loader-1.0.0-runtime_dex, /Users/gtesen/.gradle/caches/8.14.3/transforms/d0388c27990ddeb2d5cc51447add3c93/transformed/core-1.17.0-runtime/core-1.17.0-runtime_dex, /Users/gtesen/.gradle/caches/8.14.3/transforms/94eac9c63040f3aba0f2bf20f4117274/transformed/lifecycle-runtime-release-runtime/lifecycle-runtime-release-runtime_dex, /Users/gtesen/.gradle/caches/8.14.3/transforms/0a2866e07ee388225bd9b95f1a14aa36/transformed/lifecycle-viewmodel-release-runtime/lifecycle-viewmodel-release-runtime_dex, /Users/gtesen/.gradle/caches/8.14.3/transforms/d3e82c6a5f5a4f100ded090a1a09f004/transformed/lifecycle-livedata-2.9.2-runtime/lifecycle-livedata-2.9.2-runtime_dex, /Users/gtesen/.gradle/caches/8.14.3/transforms/0ec04c418750c40180f5bdad8c67702a/transformed/room-common-jvm-2.7.2/room-common-jvm-2.7.2_dex, /Users/gtesen/.gradle/caches/8.14.3/transforms/a6096abbf9a952742d17df9cef16aa6a/transformed/room-runtime-release-runtime/room-runtime-release-runtime_dex, /Users/gtesen/.gradle/caches/8.14.3/transforms/a7409317f99869238dc30dd47730024c/transformed/concurrent-futures-ktx-1.1.0/concurrent-futures-ktx-1.1.0_dex, /Users/gtesen/.gradle/caches/8.14.3/transforms/1caf127da6a2b3c3b34bfa65261e5ede/transformed/datastore-preferences-external-protobuf-1.1.3/datastore-preferences-external-protobuf-1.1.3_dex, /Users/gtesen/.gradle/caches/8.14.3/transforms/9a338dbc0e515a6b6013371fb57a6a1b/transformed/datastore-core-okio-jvm-1.1.3/datastore-core-okio-jvm-1.1.3_dex, /Users/gtesen/.gradle/caches/8.14.3/transforms/b41effdd3977324b4b8391963f99db99/transformed/datastore-core-release-runtime/datastore-core-release-runtime_dex, /Users/gtesen/.gradle/caches/8.14.3/transforms/39ec48382a3895b81ce7bcf764410f78/transformed/datastore-preferences-proto-1.1.3/datastore-preferences-proto-1.1.3_dex, /Users/gtesen/.gradle/caches/8.14.3/transforms/4014fb25f0a44d56b16a21b3941e2fd5/transformed/datastore-preferences-core-jvm-1.1.3/datastore-preferences-core-jvm-1.1.3_dex, /Users/gtesen/.gradle/caches/8.14.3/transforms/9664154aae2dd831ad9cd34178125c55/transformed/datastore-release-runtime/datastore-release-runtime_dex, /Users/gtesen/.gradle/caches/8.14.3/transforms/f8671ed99aeb6416ecef9ef19ac21312/transformed/datastore-preferences-release-runtime/datastore-preferences-release-runtime_dex, /Users/gtesen/.gradle/caches/8.14.3/transforms/098b0794dcea361af5e4d304020588c6/transformed/kotlinx-coroutines-core-jvm-1.9.0/kotlinx-coroutines-core-jvm-1.9.0_dex, /Users/gtesen/.gradle/caches/8.14.3/transforms/5500ec59744add8002d15906499e9d67/transformed/recaptcha-18.6.1-runtime/recaptcha-18.6.1-runtime_dex, /Users/gtesen/.gradle/caches/8.14.3/transforms/afad1d04bff230ab2a39d7033dc4e3ec/transformed/kotlinx-coroutines-play-services-1.9.0/kotlinx-coroutines-play-services-1.9.0_dex, /Users/gtesen/.gradle/caches/8.14.3/transforms/ac31249c1a78eade8339a3bbafbb2b46/transformed/integrity-1.3.0-runtime/integrity-1.3.0-runtime_dex, /Users/gtesen/.gradle/caches/8.14.3/transforms/33c1576988919e683d74c2061759eccd/transformed/play-services-tasks-18.2.0-runtime/play-services-tasks-18.2.0-runtime_dex, /Users/gtesen/.gradle/caches/8.14.3/transforms/aae11a46d53f757ffdc68a4196cb559d/transformed/play-services-basement-18.4.0-runtime/play-services-basement-18.4.0-runtime_dex, /Users/gtesen/.gradle/caches/8.14.3/transforms/ffe07fda81e5639e413906b703e9dcbc/transformed/fragment-1.8.9-runtime/fragment-1.8.9-runtime_dex, /Users/gtesen/.gradle/caches/8.14.3/transforms/67441c4f23a28e0a422a8129994171d8/transformed/fragment-ktx-1.8.9-runtime/fragment-ktx-1.8.9-runtime_dex, /Users/gtesen/.gradle/caches/8.14.3/transforms/c138cd16d5281d8e85f955919d578125/transformed/kotlinx-coroutines-android-1.9.0/kotlinx-coroutines-android-1.9.0_dex, /Users/gtesen/.gradle/caches/8.14.3/transforms/31075e5a2dff667af001c8f9629c072c/transformed/core-splashscreen-1.0.1-runtime/core-splashscreen-1.0.1-runtime_dex, /Users/gtesen/.gradle/caches/8.14.3/transforms/fe85661f14ad1a305738e12b9c05434d/transformed/kotlin-parcelize-runtime-2.0.21/kotlin-parcelize-runtime-2.0.21_dex, /Users/gtesen/.gradle/caches/8.14.3/transforms/0fab7ab17fc40348b0ae5502c3cf28dd/transformed/converter-gson-2.9.0/converter-gson-2.9.0_dex, /Users/gtesen/.gradle/caches/8.14.3/transforms/09dc8c56093d6fbc1d883d61152e962d/transformed/converter-moshi-2.9.0/converter-moshi-2.9.0_dex, /Users/gtesen/.gradle/caches/8.14.3/transforms/84eff2627ef6b0c725b1a38a9b27e1df/transformed/retrofit-2.9.0/retrofit-2.9.0_dex, /Users/gtesen/.gradle/caches/8.14.3/transforms/a182e179b53aa63be7e5fdcdbaf65ef7/transformed/logging-interceptor-4.12.0/logging-interceptor-4.12.0_dex, /Users/gtesen/.gradle/caches/8.14.3/transforms/5da14b4d7dd5358adf339b1af30e1498/transformed/okhttp-4.12.0/okhttp-4.12.0_dex, /Users/gtesen/.gradle/caches/8.14.3/transforms/d492e6c01e259bdbf1ff38c3b8f5584d/transformed/moshi-kotlin-1.15.1/moshi-kotlin-1.15.1_dex, /Users/gtesen/.gradle/caches/8.14.3/transforms/68da27fc2e1db0b643fdfe85a8bd0bbf/transformed/moshi-1.15.1/moshi-1.15.1_dex, /Users/gtesen/.gradle/caches/8.14.3/transforms/695308114ce4a910a71080a77adc8f90/transformed/googleid-1.1.0-runtime/googleid-1.1.0-runtime_dex, /Users/gtesen/.gradle/caches/8.14.3/transforms/95d3ed266d9bb908e224a25e9dd8417e/transformed/core-viewtree-1.0.0-runtime/core-viewtree-1.0.0-runtime_dex, /Users/gtesen/.gradle/caches/8.14.3/transforms/959843b65f4e3316c98327bf6969d9d7/transformed/kotlin-android-extensions-runtime-2.0.21/kotlin-android-extensions-runtime-2.0.21_dex, /Users/gtesen/.gradle/caches/8.14.3/transforms/2093895c2648cb79a7a7341896fdd370/transformed/kotlin-reflect-1.8.22/kotlin-reflect-1.8.22_dex, /Users/gtesen/.gradle/caches/8.14.3/transforms/34b92a650236630efbdfba2a40aa13c3/transformed/annotation-experimental-1.4.1-runtime/annotation-experimental-1.4.1-runtime_dex, /Users/gtesen/.gradle/caches/8.14.3/transforms/26c44d0966cf865ddc9e06d2142b1137/transformed/profileinstaller-1.4.0-runtime/profileinstaller-1.4.0-runtime_dex, /Users/gtesen/.gradle/caches/8.14.3/transforms/917c708d4edbf0ff091cd076136da6bd/transformed/startup-runtime-1.1.1-runtime/startup-runtime-1.1.1-runtime_dex, /Users/gtesen/.gradle/caches/8.14.3/transforms/5a4a52a2d9e603114676537318dcff36/transformed/tracing-1.2.0-runtime/tracing-1.2.0-runtime_dex, /Users/gtesen/.gradle/caches/8.14.3/transforms/c8c47823072d2ba89b0f9bdb057588b3/transformed/tracing-ktx-1.2.0-runtime/tracing-ktx-1.2.0-runtime_dex, /Users/gtesen/.gradle/caches/8.14.3/transforms/5fd2a4a32a30f2c1c349d2e5f246587f/transformed/cardview-1.0.0-runtime/cardview-1.0.0-runtime_dex, /Users/gtesen/.gradle/caches/8.14.3/transforms/045ab22e4cc0c3b86355a02e55f3ee65/transformed/resourceinspection-annotation-1.0.1/resourceinspection-annotation-1.0.1_dex, /Users/gtesen/.gradle/caches/8.14.3/transforms/c76add4be36e5028d2e92af53e23a499/transformed/transport-backend-cct-3.2.0-runtime/transport-backend-cct-3.2.0-runtime_dex, /Users/gtesen/.gradle/caches/8.14.3/transforms/ef0c436d175bdaa082ec7b58a1e7e114/transformed/transport-runtime-3.2.0-runtime/transport-runtime-3.2.0-runtime_dex, /Users/gtesen/.gradle/caches/8.14.3/transforms/556563dfa3a47955f4788e511cc47b62/transformed/transport-api-3.1.0-runtime/transport-api-3.1.0-runtime_dex, /Users/gtesen/.gradle/caches/8.14.3/transforms/a4c3611cb029ae8f056076b5fd269346/transformed/firebase-components-19.0.0-runtime/firebase-components-19.0.0-runtime_dex, /Users/gtesen/.gradle/caches/8.14.3/transforms/aa77ab0b5aee071d58e1e977fa3d3d0b/transformed/cursoradapter-1.0.0-runtime/cursoradapter-1.0.0-runtime_dex, /Users/gtesen/.gradle/caches/8.14.3/transforms/0f1b05ca438498afddf7bfda20093f20/transformed/constraintlayout-core-1.1.1/constraintlayout-core-1.1.1_dex, /Users/gtesen/.gradle/caches/8.14.3/transforms/404f61d825a39e83ba45977266e8936d/transformed/interpolator-1.0.0-runtime/interpolator-1.0.0-runtime_dex, /Users/gtesen/.gradle/caches/8.14.3/transforms/c557e18649020d09252a7cb137605b3f/transformed/gifdecoder-4.11.0-runtime/gifdecoder-4.11.0-runtime_dex, /Users/gtesen/.gradle/caches/8.14.3/transforms/7a538c78331ef14e22877508d7026809/transformed/firebase-encoders-json-18.0.0-runtime/firebase-encoders-json-18.0.0-runtime_dex, /Users/gtesen/.gradle/caches/8.14.3/transforms/2e69935d7a90b7f92681900d1485ed10/transformed/firebase-encoders-proto-16.0.0/firebase-encoders-proto-16.0.0_dex, /Users/gtesen/.gradle/caches/8.14.3/transforms/ee9ce1fbea055cbc33f7b200dc4dd2c9/transformed/firebase-encoders-17.0.0/firebase-encoders-17.0.0_dex, /Users/gtesen/.gradle/caches/8.14.3/transforms/79c4e569538a5d0f38dc12c50e8c8ece/transformed/localbroadcastmanager-1.0.0-runtime/localbroadcastmanager-1.0.0-runtime_dex, /Users/gtesen/.gradle/caches/8.14.3/transforms/f1e76b7c7a4b91bf27dc059a500a3724/transformed/concurrent-futures-1.1.0/concurrent-futures-1.1.0_dex, /Users/gtesen/.gradle/caches/8.14.3/transforms/fe37ba430dee7ae8da622d0b692dcaf9/transformed/versionedparcelable-1.1.1-runtime/versionedparcelable-1.1.1-runtime_dex, /Users/gtesen/.gradle/caches/8.14.3/transforms/8fb056c955df5fd922ff94036ed1c7f4/transformed/core-runtime-2.2.0-runtime/core-runtime-2.2.0-runtime_dex, /Users/gtesen/.gradle/caches/8.14.3/transforms/e90442f3b24e86ef57f1aa1c795ab5d9/transformed/exifinterface-1.3.7-runtime/exifinterface-1.3.7-runtime_dex, /Users/gtesen/.gradle/caches/8.14.3/transforms/6d114496cf2fe8ea067ce87d2139b66e/transformed/core-common-2.2.0/core-common-2.2.0_dex, /Users/gtesen/.gradle/caches/8.14.3/transforms/b5c1e82196c3a12726c0f94a003d0fc3/transformed/documentfile-1.0.0-runtime/documentfile-1.0.0-runtime_dex, /Users/gtesen/.gradle/caches/8.14.3/transforms/f5849b9af5d5146fdf210529a8a094e2/transformed/print-1.0.0-runtime/print-1.0.0-runtime_dex, /Users/gtesen/.gradle/caches/8.14.3/transforms/e194f271ae38f8dc7e416e02b973380a/transformed/collection-jvm-1.4.2/collection-jvm-1.4.2_dex, /Users/gtesen/.gradle/caches/8.14.3/transforms/6c42052e05dbe5c42cf81f93672ff1d5/transformed/sqlite-framework-release-runtime/sqlite-framework-release-runtime_dex, /Users/gtesen/.gradle/caches/8.14.3/transforms/61d95192660881c6252345dd5532735c/transformed/sqlite-release-runtime/sqlite-release-runtime_dex, /Users/gtesen/.gradle/caches/8.14.3/transforms/9249686dba51ec4fc835158420c4804e/transformed/annotation-jvm-1.9.1/annotation-jvm-1.9.1_dex, /Users/gtesen/.gradle/caches/8.14.3/transforms/1c699270dda989a41d73f2d6510923c6/transformed/okhttp-2.7.2/okhttp-2.7.2_dex, /Users/gtesen/.gradle/caches/8.14.3/transforms/ba72e415ce79e48a517a5f93a38c2ac4/transformed/okio-jvm-3.9.0/okio-jvm-3.9.0_dex, /Users/gtesen/.gradle/caches/8.14.3/transforms/7278259b2298d7027abd1f9a76c917c2/transformed/kotlinx-serialization-core-jvm-1.7.3/kotlinx-serialization-core-jvm-1.7.3_dex, /Users/gtesen/.gradle/caches/8.14.3/transforms/f314aac877b36848f1b85c72778be10d/transformed/kotlin-stdlib-2.1.10/kotlin-stdlib-2.1.10_dex, /Users/gtesen/.gradle/caches/8.14.3/transforms/80dc0019743058396cb486bfc274db8f/transformed/json-20231013/json-20231013_dex, /Users/gtesen/.gradle/caches/8.14.3/transforms/fc1845502bf269a5a056a362325495d1/transformed/android-maps-utils-2.4.0-runtime/android-maps-utils-2.4.0-runtime_dex, /Users/gtesen/.gradle/caches/8.14.3/transforms/5ecae8dbc4b45f28d203b12501cc90cb/transformed/volley-1.2.1-runtime/volley-1.2.1-runtime_dex, /Users/gtesen/.gradle/caches/8.14.3/transforms/407194e5cbac4a9e32a78ffb4c85726d/transformed/bcrypt-0.9.0/bcrypt-0.9.0_dex, /Users/gtesen/.gradle/caches/8.14.3/transforms/5f94a78e96bff7b5cd76cd6f95032086/transformed/annotations-23.0.0/annotations-23.0.0_dex, /Users/gtesen/.gradle/caches/8.14.3/transforms/58b6bd5077273d31aaacdc7b9c3d9711/transformed/guava-33.3.0-android/guava-33.3.0-android_dex, /Users/gtesen/.gradle/caches/8.14.3/transforms/6f425358f5b8b5ced96ace64d7d6fe1a/transformed/error_prone_annotations-2.28.0/error_prone_annotations-2.28.0_dex, /Users/gtesen/.gradle/caches/8.14.3/transforms/0fd43cfda93c97f6524e39e80373f467/transformed/auto-value-annotations-1.6.2/auto-value-annotations-1.6.2_dex, /Users/gtesen/.gradle/caches/8.14.3/transforms/8b528b9ffaf362641020c5e5ce203fff/transformed/gson-2.10/gson-2.10_dex, /Users/gtesen/.gradle/caches/8.14.3/transforms/fbc43982cd9124fc2b36711ffdadf428/transformed/firebase-annotations-17.0.0/firebase-annotations-17.0.0_dex, /Users/gtesen/.gradle/caches/8.14.3/transforms/485e5843db5c148ae1a9a35cd3c2796f/transformed/cronet-common-119.6045.31-runtime/cronet-common-119.6045.31-runtime_dex, /Users/gtesen/.gradle/caches/8.14.3/transforms/70ba6e780ec02162cc00d141c0c301da/transformed/jsr305-3.0.2/jsr305-3.0.2_dex, /Users/gtesen/.gradle/caches/8.14.3/transforms/aca342fb7d4caee7fd92f61eb2fecbd6/transformed/protobuf-javalite-3.22.3/protobuf-javalite-3.22.3_dex, /Users/gtesen/.gradle/caches/8.14.3/transforms/e1b31b6e4309aae87702cb42fc807a36/transformed/bytes-1.3.0/bytes-1.3.0_dex, /Users/gtesen/.gradle/caches/8.14.3/transforms/3d1b5e15792279783caa18f0b7a777f5/transformed/disklrucache-4.11.0/disklrucache-4.11.0_dex, /Users/gtesen/.gradle/caches/8.14.3/transforms/0f5a1e2c84f387ebd00ac810cfe5756f/transformed/annotations-4.11.0/annotations-4.11.0_dex, /Users/gtesen/.gradle/caches/8.14.3/transforms/78136d98aaf671c5522e8ee79d2f59d7/transformed/javax.inject-1/javax.inject-1_dex, /Users/gtesen/.gradle/caches/8.14.3/transforms/fefa3aca4fc3209fbbbf3e131a0dbb3b/transformed/failureaccess-1.0.2/failureaccess-1.0.2_dex, /Users/gtesen/.gradle/caches/8.14.3/transforms/7bf20d8fcf5727be4eafd5a6dd916621/transformed/checker-qual-3.43.0/checker-qual-3.43.0_dex, /Users/gtesen/.gradle/caches/8.14.3/transforms/07320c5ed8a51f13622e8d01e1f6a88c/transformed/jspecify-1.0.0/jspecify-1.0.0_dex, /Users/gtesen/.gradle/caches/8.14.3/transforms/d2b04f16813c75a573030fca99f26835/transformed/cronet-api-119.6045.31-runtime/cronet-api-119.6045.31-runtime_dex, /Users/gtesen/.gradle/caches/8.14.3/transforms/1298295059793013af734efd04bb2403/transformed/core-common-2.0.3-runtime/core-common-2.0.3-runtime_dex, and from all global synthetics files in 

> Task :app:sdkReleaseDependencyData
Caching disabled for task ':app:sdkReleaseDependencyData' because:
  Build cache is disabled
  Caching has been disabled for the task
Task ':app:sdkReleaseDependencyData' is not up-to-date because:
  Output property 'sdkDependencyData' file /Users/gtesen/Desktop/aplicacion_busmap/frontend-busmap/app/build/intermediates/sdk_dependency_data/release/sdkReleaseDependencyData/sdkDependencyData.pb has been removed.
  Output property 'sdkDependencyDataPublic' file /Users/gtesen/Desktop/aplicacion_busmap/frontend-busmap/app/build/outputs/sdk-dependencies/release/sdkDependencies.txt has been removed.
Resolve mutations for :app:writeReleaseAppMetadata (Thread[included builds,5,main]) started.
:app:writeReleaseAppMetadata (Thread[included builds,5,main]) started.

> Task :app:writeReleaseAppMetadata
Caching disabled for task ':app:writeReleaseAppMetadata' because:
  Build cache is disabled
  Caching has been disabled for the task
Task ':app:writeReleaseAppMetadata' is not up-to-date because:
  Output property 'outputFile' file /Users/gtesen/Desktop/aplicacion_busmap/frontend-busmap/app/build/intermediates/app_metadata/release/writeReleaseAppMetadata/app-metadata.properties has been removed.
Resolve mutations for :app:writeReleaseSigningConfigVersions (Thread[included builds,5,main]) started.
:app:writeReleaseSigningConfigVersions (Thread[included builds,5,main]) started.

> Task :app:writeReleaseSigningConfigVersions
Caching disabled for task ':app:writeReleaseSigningConfigVersions' because:
  Build cache is disabled
  Caching has been disabled for the task
Task ':app:writeReleaseSigningConfigVersions' is not up-to-date because:
  Output property 'outputFile' file /Users/gtesen/Desktop/aplicacion_busmap/frontend-busmap/app/build/intermediates/signing_config_versions/release/writeReleaseSigningConfigVersions/signing-config-versions.json has been removed.
Resolve mutations for :app:processReleaseResources (Thread[Execution worker,5,main]) started.
:app:processReleaseResources (Thread[Execution worker,5,main]) started.

> Task :app:processReleaseResources
Registered task dependencies: app:releaseCompileClasspath
Skipping misunderstood TO dep string: org.jetbrains.kotlin:kotlin-stdlib
Skipping misunderstood TO dep string: org.jetbrains.kotlin:kotlin-stdlib
Skipping misunderstood TO dep string: org.jetbrains.kotlin:kotlin-stdlib
Skipping misunderstood TO dep string: org.jetbrains.kotlin:kotlin-stdlib
Skipping misunderstood TO dep string: org.jetbrains.kotlin:kotlin-stdlib
Skipping misunderstood TO dep string: org.jetbrains.kotlin:kotlin-stdlib
Skipping misunderstood TO dep string: org.jetbrains.kotlin:kotlin-stdlib
Skipping misunderstood TO dep string: org.jetbrains.kotlin:kotlin-stdlib
Skipping misunderstood TO dep string: org.jetbrains.kotlin:kotlin-stdlib
Skipping misunderstood TO dep string: org.jetbrains.kotlin:kotlin-stdlib
Skipping misunderstood TO dep string: org.jetbrains.kotlin:kotlin-stdlib
Skipping misunderstood TO dep string: org.jetbrains.kotlin:kotlin-stdlib
Skipping misunderstood TO dep string: org.jetbrains.kotlin:kotlin-stdlib
Skipping misunderstood TO dep string: org.jetbrains.kotlin:kotlin-stdlib
Skipping misunderstood TO dep string: org.jetbrains.kotlin:kotlin-stdlib
Skipping misunderstood TO dep string: org.jetbrains.kotlin:kotlin-stdlib
Skipping misunderstood TO dep string: org.jetbrains.kotlin:kotlin-stdlib
Skipping misunderstood TO dep string: org.jetbrains.kotlin:kotlin-stdlib
Skipping misunderstood TO dep string: org.jetbrains.kotlin:kotlin-stdlib
Skipping misunderstood TO dep string: org.jetbrains.kotlin:kotlin-stdlib
Starting dependency analysis
Caching disabled for task ':app:processReleaseResources' because:
  Build cache is disabled
Task ':app:processReleaseResources' is not up-to-date because:
  Value of input property 'outputsHandler.variantOutputs.$0.outputFileName' has changed for task ':app:processReleaseResources'
The input changes require a full rebuild for incremental task ':app:processReleaseResources'.
Aapt output file /Users/gtesen/Desktop/aplicacion_busmap/frontend-busmap/app/build/intermediates/linked_resources_binary_format/release/processReleaseResources/linked-resources-binary-format-release.ap_
Resolve mutations for :app:kspReleaseKotlin (Thread[Execution worker,5,main]) started.
:app:kspReleaseKotlin (Thread[Execution worker,5,main]) started.
Resolve mutations for :app:optimizeReleaseResources (Thread[Execution worker Thread 6,5,main]) started.
:app:optimizeReleaseResources (Thread[Execution worker Thread 6,5,main]) started.

> Task :app:kspReleaseKotlin
file or directory '/Users/gtesen/Desktop/aplicacion_busmap/frontend-busmap/app/src/release/kotlin', not found
file or directory '/Users/gtesen/Desktop/aplicacion_busmap/frontend-busmap/app/src/release/java', not found
file or directory '/Users/gtesen/Desktop/aplicacion_busmap/frontend-busmap/app/src/main/kotlin', not found
file or directory '/Users/gtesen/Desktop/aplicacion_busmap/frontend-busmap/app/src/release/java', not found
Adding -Xuse-inline-scopes-numbers Kotlin compiler flag for task :app:compileDebugAndroidTestKotlin
Registered task dependencies: app:kotlinCompilerClasspath
Starting dependency analysis
file or directory '/Users/gtesen/Desktop/aplicacion_busmap/frontend-busmap/app/src/release/kotlin', not found
file or directory '/Users/gtesen/Desktop/aplicacion_busmap/frontend-busmap/app/src/release/java', not found
file or directory '/Users/gtesen/Desktop/aplicacion_busmap/frontend-busmap/app/src/main/kotlin', not found
file or directory '/Users/gtesen/Desktop/aplicacion_busmap/frontend-busmap/app/src/release/java', not found
Caching disabled for task ':app:kspReleaseKotlin' because:
  Build cache is disabled
Task ':app:kspReleaseKotlin' is not up-to-date because:
  Value of input property 'kotlinJavaToolchainProvider.javaVersion' has changed for task ':app:kspReleaseKotlin'
The input changes require a full rebuild for incremental task ':app:kspReleaseKotlin'.
file or directory '/Users/gtesen/Desktop/aplicacion_busmap/frontend-busmap/app/src/release/kotlin', not found
file or directory '/Users/gtesen/Desktop/aplicacion_busmap/frontend-busmap/app/src/release/java', not found
file or directory '/Users/gtesen/Desktop/aplicacion_busmap/frontend-busmap/app/src/main/kotlin', not found
file or directory '/Users/gtesen/Desktop/aplicacion_busmap/frontend-busmap/app/src/release/java', not found
file or directory '/Users/gtesen/Desktop/aplicacion_busmap/frontend-busmap/app/src/release/kotlin', not found
file or directory '/Users/gtesen/Desktop/aplicacion_busmap/frontend-busmap/app/src/release/java', not found
file or directory '/Users/gtesen/Desktop/aplicacion_busmap/frontend-busmap/app/src/main/kotlin', not found
file or directory '/Users/gtesen/Desktop/aplicacion_busmap/frontend-busmap/app/src/release/kotlin', not found
file or directory '/Users/gtesen/Desktop/aplicacion_busmap/frontend-busmap/app/src/release/java', not found
file or directory '/Users/gtesen/Desktop/aplicacion_busmap/frontend-busmap/app/src/main/kotlin', not found
file or directory '/Users/gtesen/Desktop/aplicacion_busmap/frontend-busmap/app/src/release/java', not found
file or directory '/Users/gtesen/Desktop/aplicacion_busmap/frontend-busmap/app/src/release/kotlin', not found
file or directory '/Users/gtesen/Desktop/aplicacion_busmap/frontend-busmap/app/src/release/java', not found
file or directory '/Users/gtesen/Desktop/aplicacion_busmap/frontend-busmap/app/src/main/kotlin', not found
file or directory '/Users/gtesen/Desktop/aplicacion_busmap/frontend-busmap/app/src/release/java', not found
file or directory '/Users/gtesen/Desktop/aplicacion_busmap/frontend-busmap/app/src/release/kotlin', not found
file or directory '/Users/gtesen/Desktop/aplicacion_busmap/frontend-busmap/app/src/release/java', not found
file or directory '/Users/gtesen/Desktop/aplicacion_busmap/frontend-busmap/app/src/main/kotlin', not found
file or directory '/Users/gtesen/Desktop/aplicacion_busmap/frontend-busmap/app/src/release/java', not found
Kotlin source files: /Users/gtesen/Desktop/aplicacion_busmap/frontend-busmap/app/src/main/java/com/example/app_rutas/ui/viewmodel/BusViewModelFactory.kt, /Users/gtesen/Desktop/aplicacion_busmap/frontend-busmap/app/src/main/java/com/example/app_rutas/ui/viewmodel/BusViewModel.kt, /Users/gtesen/Desktop/aplicacion_busmap/frontend-busmap/app/src/main/java/com/example/app_rutas/ui/viewmodel/ParaderoViewModelFactory.kt, /Users/gtesen/Desktop/aplicacion_busmap/frontend-busmap/app/src/main/java/com/example/app_rutas/ui/viewmodel/InformacionViewModelFactory.kt, /Users/gtesen/Desktop/aplicacion_busmap/frontend-busmap/app/src/main/java/com/example/app_rutas/ui/viewmodel/RutaViewModelFactory.kt, /Users/gtesen/Desktop/aplicacion_busmap/frontend-busmap/app/src/main/java/com/example/app_rutas/ui/viewmodel/InformacionViewModel.kt, /Users/gtesen/Desktop/aplicacion_busmap/frontend-busmap/app/src/main/java/com/example/app_rutas/ui/viewmodel/RutasDisponiblesViewModel.kt, /Users/gtesen/Desktop/aplicacion_busmap/frontend-busmap/app/src/main/java/com/example/app_rutas/ui/viewmodel/ParaderoViewModel.kt, /Users/gtesen/Desktop/aplicacion_busmap/frontend-busmap/app/src/main/java/com/example/app_rutas/ui/viewmodel/RutaViewModel.kt, /Users/gtesen/Desktop/aplicacion_busmap/frontend-busmap/app/src/main/java/com/example/app_rutas/ui/RegisterActivity.kt, /Users/gtesen/Desktop/aplicacion_busmap/frontend-busmap/app/src/main/java/com/example/app_rutas/ui/StartActivity.kt, /Users/gtesen/Desktop/aplicacion_busmap/frontend-busmap/app/src/main/java/com/example/app_rutas/ui/activity/MainActivity.kt, /Users/gtesen/Desktop/aplicacion_busmap/frontend-busmap/app/src/main/java/com/example/app_rutas/ui/RegisterViewModelFactory.kt, /Users/gtesen/Desktop/aplicacion_busmap/frontend-busmap/app/src/main/java/com/example/app_rutas/ui/RegisterViewModel.kt, /Users/gtesen/Desktop/aplicacion_busmap/frontend-busmap/app/src/main/java/com/example/app_rutas/ui/adapters/NotificationsAdapter.kt, /Users/gtesen/Desktop/aplicacion_busmap/frontend-busmap/app/src/main/java/com/example/app_rutas/ui/adapters/PlacesAutoCompleteAdapter.kt, /Users/gtesen/Desktop/aplicacion_busmap/frontend-busmap/app/src/main/java/com/example/app_rutas/ui/common/LoadingDialogFragment.kt, /Users/gtesen/Desktop/aplicacion_busmap/frontend-busmap/app/src/main/java/com/example/app_rutas/ui/fragment/MapsFragment.kt, /Users/gtesen/Desktop/aplicacion_busmap/frontend-busmap/app/src/main/java/com/example/app_rutas/ui/fragment/ContactFragment.kt, /Users/gtesen/Desktop/aplicacion_busmap/frontend-busmap/app/src/main/java/com/example/app_rutas/ui/fragment/RutaPlanificadaFragment.kt, /Users/gtesen/Desktop/aplicacion_busmap/frontend-busmap/app/src/main/java/com/example/app_rutas/ui/fragment/NotificationsFragment.kt, /Users/gtesen/Desktop/aplicacion_busmap/frontend-busmap/app/src/main/java/com/example/app_rutas/ui/LoginActivity.kt, /Users/gtesen/Desktop/aplicacion_busmap/frontend-busmap/app/src/main/java/com/example/app_rutas/ui/notifications/NotificationDetailBottomSheet.kt, /Users/gtesen/Desktop/aplicacion_busmap/frontend-busmap/app/src/main/java/com/example/app_rutas/App.kt, /Users/gtesen/Desktop/aplicacion_busmap/frontend-busmap/app/src/main/java/com/example/app_rutas/utils/UriExtensions.kt, /Users/gtesen/Desktop/aplicacion_busmap/frontend-busmap/app/src/main/java/com/example/app_rutas/utils/LocationUtils.kt, /Users/gtesen/Desktop/aplicacion_busmap/frontend-busmap/app/src/main/java/com/example/app_rutas/utils/MultipartHelpers.kt, /Users/gtesen/Desktop/aplicacion_busmap/frontend-busmap/app/src/main/java/com/example/app_rutas/utils/FileUtils.kt, /Users/gtesen/Desktop/aplicacion_busmap/frontend-busmap/app/src/main/java/com/example/app_rutas/model/EstadoServicio.kt, /Users/gtesen/Desktop/aplicacion_busmap/frontend-busmap/app/src/main/java/com/example/app_rutas/model/Empresa.kt, /Users/gtesen/Desktop/aplicacion_busmap/frontend-busmap/app/src/main/java/com/example/app_rutas/model/BusPosFirebase.kt, /Users/gtesen/Desktop/aplicacion_busmap/frontend-busmap/app/src/main/java/com/example/app_rutas/model/RutaCompleta.kt, /Users/gtesen/Desktop/aplicacion_busmap/frontend-busmap/app/src/main/java/com/example/app_rutas/model/Informacion.kt, /Users/gtesen/Desktop/aplicacion_busmap/frontend-busmap/app/src/main/java/com/example/app_rutas/model/Ruta.kt, /Users/gtesen/Desktop/aplicacion_busmap/frontend-busmap/app/src/main/java/com/example/app_rutas/model/Coordenada.kt, /Users/gtesen/Desktop/aplicacion_busmap/frontend-busmap/app/src/main/java/com/example/app_rutas/model/Paradero.kt, /Users/gtesen/Desktop/aplicacion_busmap/frontend-busmap/app/src/main/java/com/example/app_rutas/application/RetrofitClient.kt, /Users/gtesen/Desktop/aplicacion_busmap/frontend-busmap/app/src/main/java/com/example/app_rutas/infrastructure/repositories/ParaderoRepositoryImpl.kt, /Users/gtesen/Desktop/aplicacion_busmap/frontend-busmap/app/src/main/java/com/example/app_rutas/infrastructure/repositories/UsuarioRepositoryImpl.kt, /Users/gtesen/Desktop/aplicacion_busmap/frontend-busmap/app/src/main/java/com/example/app_rutas/infrastructure/repositories/InformacionRepositoryImpl.kt, /Users/gtesen/Desktop/aplicacion_busmap/frontend-busmap/app/src/main/java/com/example/app_rutas/infrastructure/repositories/UsuarioLoginRepository.kt, /Users/gtesen/Desktop/aplicacion_busmap/frontend-busmap/app/src/main/java/com/example/app_rutas/infrastructure/repositories/RutaRepositoryImpl.kt, /Users/gtesen/Desktop/aplicacion_busmap/frontend-busmap/app/src/main/java/com/example/app_rutas/infrastructure/firebase/BusFirebaseRepository.kt, /Users/gtesen/Desktop/aplicacion_busmap/frontend-busmap/app/src/main/java/com/example/app_rutas/infrastructure/telemetry/TelemetryTracker.kt, /Users/gtesen/Desktop/aplicacion_busmap/frontend-busmap/app/src/main/java/com/example/app_rutas/infrastructure/worker/FlushTelemetryWorker.kt, /Users/gtesen/Desktop/aplicacion_busmap/frontend-busmap/app/src/main/java/com/example/app_rutas/infrastructure/UsuarioUseCaseImpl.kt, /Users/gtesen/Desktop/aplicacion_busmap/frontend-busmap/app/src/main/java/com/example/app_rutas/infrastructure/data/TelemetryRepository.kt, /Users/gtesen/Desktop/aplicacion_busmap/frontend-busmap/app/src/main/java/com/example/app_rutas/infrastructure/data/local/AppDb.kt, /Users/gtesen/Desktop/aplicacion_busmap/frontend-busmap/app/src/main/java/com/example/app_rutas/infrastructure/data/local/TelemetryEntity.kt, /Users/gtesen/Desktop/aplicacion_busmap/frontend-busmap/app/src/main/java/com/example/app_rutas/infrastructure/data/local/TelemetryDao.kt, /Users/gtesen/Desktop/aplicacion_busmap/frontend-busmap/app/src/main/java/com/example/app_rutas/infrastructure/data/remote/MonitoreoModels.kt, /Users/gtesen/Desktop/aplicacion_busmap/frontend-busmap/app/src/main/java/com/example/app_rutas/infrastructure/data/remote/MonitoreoApi.kt, /Users/gtesen/Desktop/aplicacion_busmap/frontend-busmap/app/src/main/java/com/example/app_rutas/domain/repositories/RutaRepository.kt, /Users/gtesen/Desktop/aplicacion_busmap/frontend-busmap/app/src/main/java/com/example/app_rutas/domain/repositories/ParaderoRepository.kt, /Users/gtesen/Desktop/aplicacion_busmap/frontend-busmap/app/src/main/java/com/example/app_rutas/domain/repositories/InformacionRepository.kt, /Users/gtesen/Desktop/aplicacion_busmap/frontend-busmap/app/src/main/java/com/example/app_rutas/domain/repositories/UsuarioRepository.kt, /Users/gtesen/Desktop/aplicacion_busmap/frontend-busmap/app/src/main/java/com/example/app_rutas/domain/repositories/NotificationsRepository.kt, /Users/gtesen/Desktop/aplicacion_busmap/frontend-busmap/app/src/main/java/com/example/app_rutas/domain/usecases/ObtenerParaderoCercanoUseCase.kt, /Users/gtesen/Desktop/aplicacion_busmap/frontend-busmap/app/src/main/java/com/example/app_rutas/domain/usecases/ObtenerRutaUseCase.kt, /Users/gtesen/Desktop/aplicacion_busmap/frontend-busmap/app/src/main/java/com/example/app_rutas/domain/usecases/ObtenerRutasUseCase.kt, /Users/gtesen/Desktop/aplicacion_busmap/frontend-busmap/app/src/main/java/com/example/app_rutas/domain/usecases/UsuarioUseCase.kt, /Users/gtesen/Desktop/aplicacion_busmap/frontend-busmap/app/src/main/java/com/example/app_rutas/domain/usecases/ObtenerInformacionUseCase.kt, /Users/gtesen/Desktop/aplicacion_busmap/frontend-busmap/app/src/main/java/com/example/app_rutas/domain/services/AdminApi.kt, /Users/gtesen/Desktop/aplicacion_busmap/frontend-busmap/app/src/main/java/com/example/app_rutas/domain/services/NotificationsApi.kt, /Users/gtesen/Desktop/aplicacion_busmap/frontend-busmap/app/src/main/java/com/example/app_rutas/domain/services/UsuarioApi.kt, /Users/gtesen/Desktop/aplicacion_busmap/frontend-busmap/app/src/main/java/com/example/app_rutas/domain/entities/Notificacion.kt, /Users/gtesen/Desktop/aplicacion_busmap/frontend-busmap/app/src/main/java/com/example/app_rutas/domain/entities/UsuarioResponse.kt, /Users/gtesen/Desktop/aplicacion_busmap/frontend-busmap/app/src/main/java/com/example/app_rutas/domain/entities/UsuarioRequest.kt, /Users/gtesen/Desktop/aplicacion_busmap/frontend-busmap/app/src/main/java/com/example/app_rutas/domain/entities/UsuarioRemoto.kt
Java source files: 
Script source files: 
Script file extensions: 
[KOTLIN] Kotlin compilation 'jdkHome' argument: null

> Task :app:optimizeReleaseResources
Custom actions are attached to task ':app:optimizeReleaseResources'.
Caching disabled for task ':app:optimizeReleaseResources' because:
  Build cache is disabled
Task ':app:optimizeReleaseResources' is not up-to-date because:
  Value of input property 'outputsHandler.variantOutputs.$0.outputFileName' has changed for task ':app:optimizeReleaseResources'

> Task :app:kspReleaseKotlin
i: [ksp] loaded provider(s): [androidx.room.RoomKspProcessor$Provider]
Finished executing kotlin compiler using DAEMON strategy
Resolve mutations for :app:compileReleaseKotlin (Thread[Execution worker,5,main]) started.
:app:compileReleaseKotlin (Thread[Execution worker,5,main]) started.

> Task :app:compileReleaseKotlin
Registered task dependencies: app:kotlinCompilerPluginClasspathRelease
Starting dependency analysis
Caching disabled for task ':app:compileReleaseKotlin' because:
  Build cache is disabled
Task ':app:compileReleaseKotlin' is not up-to-date because:
  Value of input property 'kotlinJavaToolchainProvider.javaVersion' has changed for task ':app:compileReleaseKotlin'
The input changes require a full rebuild for incremental task ':app:compileReleaseKotlin'.
file or directory '/Users/gtesen/Desktop/aplicacion_busmap/frontend-busmap/app/src/release/kotlin', not found
file or directory '/Users/gtesen/Desktop/aplicacion_busmap/frontend-busmap/app/src/release/java', not found
file or directory '/Users/gtesen/Desktop/aplicacion_busmap/frontend-busmap/app/src/release/kotlin', not found
file or directory '/Users/gtesen/Desktop/aplicacion_busmap/frontend-busmap/app/src/release/kotlin', not found
file or directory '/Users/gtesen/Desktop/aplicacion_busmap/frontend-busmap/app/src/release/java', not found
file or directory '/Users/gtesen/Desktop/aplicacion_busmap/frontend-busmap/app/build/generated/ksp/release/java', not found
file or directory '/Users/gtesen/Desktop/aplicacion_busmap/frontend-busmap/app/src/main/kotlin', not found
file or directory '/Users/gtesen/Desktop/aplicacion_busmap/frontend-busmap/app/src/main/kotlin', not found
file or directory '/Users/gtesen/Desktop/aplicacion_busmap/frontend-busmap/app/src/main/kotlin', not found
file or directory '/Users/gtesen/Desktop/aplicacion_busmap/frontend-busmap/app/src/release/java', not found
file or directory '/Users/gtesen/Desktop/aplicacion_busmap/frontend-busmap/app/build/generated/ksp/release/java', not found
file or directory '/Users/gtesen/Desktop/aplicacion_busmap/frontend-busmap/app/src/release/kotlin', not found
file or directory '/Users/gtesen/Desktop/aplicacion_busmap/frontend-busmap/app/src/release/java', not found
file or directory '/Users/gtesen/Desktop/aplicacion_busmap/frontend-busmap/app/src/release/kotlin', not found
file or directory '/Users/gtesen/Desktop/aplicacion_busmap/frontend-busmap/app/src/release/kotlin', not found
file or directory '/Users/gtesen/Desktop/aplicacion_busmap/frontend-busmap/app/src/release/java', not found
file or directory '/Users/gtesen/Desktop/aplicacion_busmap/frontend-busmap/app/src/release/kotlin', not found
file or directory '/Users/gtesen/Desktop/aplicacion_busmap/frontend-busmap/app/src/release/java', not found
file or directory '/Users/gtesen/Desktop/aplicacion_busmap/frontend-busmap/app/src/release/kotlin', not found
file or directory '/Users/gtesen/Desktop/aplicacion_busmap/frontend-busmap/app/src/release/kotlin', not found
file or directory '/Users/gtesen/Desktop/aplicacion_busmap/frontend-busmap/app/src/release/java', not found
file or directory '/Users/gtesen/Desktop/aplicacion_busmap/frontend-busmap/app/build/generated/ksp/release/java', not found
file or directory '/Users/gtesen/Desktop/aplicacion_busmap/frontend-busmap/app/src/main/kotlin', not found
file or directory '/Users/gtesen/Desktop/aplicacion_busmap/frontend-busmap/app/src/main/kotlin', not found
file or directory '/Users/gtesen/Desktop/aplicacion_busmap/frontend-busmap/app/src/main/kotlin', not found
file or directory '/Users/gtesen/Desktop/aplicacion_busmap/frontend-busmap/app/src/release/java', not found
file or directory '/Users/gtesen/Desktop/aplicacion_busmap/frontend-busmap/app/build/generated/ksp/release/java', not found
file or directory '/Users/gtesen/Desktop/aplicacion_busmap/frontend-busmap/app/src/release/kotlin', not found
file or directory '/Users/gtesen/Desktop/aplicacion_busmap/frontend-busmap/app/src/release/java', not found
file or directory '/Users/gtesen/Desktop/aplicacion_busmap/frontend-busmap/app/src/release/kotlin', not found
file or directory '/Users/gtesen/Desktop/aplicacion_busmap/frontend-busmap/app/src/release/kotlin', not found
file or directory '/Users/gtesen/Desktop/aplicacion_busmap/frontend-busmap/app/src/release/java', not found
file or directory '/Users/gtesen/Desktop/aplicacion_busmap/frontend-busmap/app/build/generated/ksp/release/java', not found
file or directory '/Users/gtesen/Desktop/aplicacion_busmap/frontend-busmap/app/src/main/kotlin', not found
file or directory '/Users/gtesen/Desktop/aplicacion_busmap/frontend-busmap/app/src/main/kotlin', not found
file or directory '/Users/gtesen/Desktop/aplicacion_busmap/frontend-busmap/app/src/main/kotlin', not found
file or directory '/Users/gtesen/Desktop/aplicacion_busmap/frontend-busmap/app/src/release/java', not found
file or directory '/Users/gtesen/Desktop/aplicacion_busmap/frontend-busmap/app/build/generated/ksp/release/java', not found
file or directory '/Users/gtesen/Desktop/aplicacion_busmap/frontend-busmap/app/src/release/kotlin', not found
file or directory '/Users/gtesen/Desktop/aplicacion_busmap/frontend-busmap/app/src/release/java', not found
file or directory '/Users/gtesen/Desktop/aplicacion_busmap/frontend-busmap/app/src/release/kotlin', not found
file or directory '/Users/gtesen/Desktop/aplicacion_busmap/frontend-busmap/app/src/release/kotlin', not found
file or directory '/Users/gtesen/Desktop/aplicacion_busmap/frontend-busmap/app/src/release/java', not found
file or directory '/Users/gtesen/Desktop/aplicacion_busmap/frontend-busmap/app/build/generated/ksp/release/java', not found
file or directory '/Users/gtesen/Desktop/aplicacion_busmap/frontend-busmap/app/src/main/kotlin', not found
file or directory '/Users/gtesen/Desktop/aplicacion_busmap/frontend-busmap/app/src/main/kotlin', not found
file or directory '/Users/gtesen/Desktop/aplicacion_busmap/frontend-busmap/app/src/main/kotlin', not found
file or directory '/Users/gtesen/Desktop/aplicacion_busmap/frontend-busmap/app/src/release/java', not found
file or directory '/Users/gtesen/Desktop/aplicacion_busmap/frontend-busmap/app/build/generated/ksp/release/java', not found
Kotlin source files: /Users/gtesen/Desktop/aplicacion_busmap/frontend-busmap/app/build/generated/ksp/release/kotlin/com/example/app_rutas/infrastructure/data/local/AppDb_Impl.kt, /Users/gtesen/Desktop/aplicacion_busmap/frontend-busmap/app/build/generated/ksp/release/kotlin/com/example/app_rutas/infrastructure/data/local/TelemetryDao_Impl.kt, /Users/gtesen/Desktop/aplicacion_busmap/frontend-busmap/app/src/main/java/com/example/app_rutas/ui/viewmodel/BusViewModelFactory.kt, /Users/gtesen/Desktop/aplicacion_busmap/frontend-busmap/app/src/main/java/com/example/app_rutas/ui/viewmodel/BusViewModel.kt, /Users/gtesen/Desktop/aplicacion_busmap/frontend-busmap/app/src/main/java/com/example/app_rutas/ui/viewmodel/ParaderoViewModelFactory.kt, /Users/gtesen/Desktop/aplicacion_busmap/frontend-busmap/app/src/main/java/com/example/app_rutas/ui/viewmodel/InformacionViewModelFactory.kt, /Users/gtesen/Desktop/aplicacion_busmap/frontend-busmap/app/src/main/java/com/example/app_rutas/ui/viewmodel/RutaViewModelFactory.kt, /Users/gtesen/Desktop/aplicacion_busmap/frontend-busmap/app/src/main/java/com/example/app_rutas/ui/viewmodel/InformacionViewModel.kt, /Users/gtesen/Desktop/aplicacion_busmap/frontend-busmap/app/src/main/java/com/example/app_rutas/ui/viewmodel/RutasDisponiblesViewModel.kt, /Users/gtesen/Desktop/aplicacion_busmap/frontend-busmap/app/src/main/java/com/example/app_rutas/ui/viewmodel/ParaderoViewModel.kt, /Users/gtesen/Desktop/aplicacion_busmap/frontend-busmap/app/src/main/java/com/example/app_rutas/ui/viewmodel/RutaViewModel.kt, /Users/gtesen/Desktop/aplicacion_busmap/frontend-busmap/app/src/main/java/com/example/app_rutas/ui/RegisterActivity.kt, /Users/gtesen/Desktop/aplicacion_busmap/frontend-busmap/app/src/main/java/com/example/app_rutas/ui/StartActivity.kt, /Users/gtesen/Desktop/aplicacion_busmap/frontend-busmap/app/src/main/java/com/example/app_rutas/ui/activity/MainActivity.kt, /Users/gtesen/Desktop/aplicacion_busmap/frontend-busmap/app/src/main/java/com/example/app_rutas/ui/RegisterViewModelFactory.kt, /Users/gtesen/Desktop/aplicacion_busmap/frontend-busmap/app/src/main/java/com/example/app_rutas/ui/RegisterViewModel.kt, /Users/gtesen/Desktop/aplicacion_busmap/frontend-busmap/app/src/main/java/com/example/app_rutas/ui/adapters/NotificationsAdapter.kt, /Users/gtesen/Desktop/aplicacion_busmap/frontend-busmap/app/src/main/java/com/example/app_rutas/ui/adapters/PlacesAutoCompleteAdapter.kt, /Users/gtesen/Desktop/aplicacion_busmap/frontend-busmap/app/src/main/java/com/example/app_rutas/ui/common/LoadingDialogFragment.kt, /Users/gtesen/Desktop/aplicacion_busmap/frontend-busmap/app/src/main/java/com/example/app_rutas/ui/fragment/MapsFragment.kt, /Users/gtesen/Desktop/aplicacion_busmap/frontend-busmap/app/src/main/java/com/example/app_rutas/ui/fragment/ContactFragment.kt, /Users/gtesen/Desktop/aplicacion_busmap/frontend-busmap/app/src/main/java/com/example/app_rutas/ui/fragment/RutaPlanificadaFragment.kt, /Users/gtesen/Desktop/aplicacion_busmap/frontend-busmap/app/src/main/java/com/example/app_rutas/ui/fragment/NotificationsFragment.kt, /Users/gtesen/Desktop/aplicacion_busmap/frontend-busmap/app/src/main/java/com/example/app_rutas/ui/LoginActivity.kt, /Users/gtesen/Desktop/aplicacion_busmap/frontend-busmap/app/src/main/java/com/example/app_rutas/ui/notifications/NotificationDetailBottomSheet.kt, /Users/gtesen/Desktop/aplicacion_busmap/frontend-busmap/app/src/main/java/com/example/app_rutas/App.kt, /Users/gtesen/Desktop/aplicacion_busmap/frontend-busmap/app/src/main/java/com/example/app_rutas/utils/UriExtensions.kt, /Users/gtesen/Desktop/aplicacion_busmap/frontend-busmap/app/src/main/java/com/example/app_rutas/utils/LocationUtils.kt, /Users/gtesen/Desktop/aplicacion_busmap/frontend-busmap/app/src/main/java/com/example/app_rutas/utils/MultipartHelpers.kt, /Users/gtesen/Desktop/aplicacion_busmap/frontend-busmap/app/src/main/java/com/example/app_rutas/utils/FileUtils.kt, /Users/gtesen/Desktop/aplicacion_busmap/frontend-busmap/app/src/main/java/com/example/app_rutas/model/EstadoServicio.kt, /Users/gtesen/Desktop/aplicacion_busmap/frontend-busmap/app/src/main/java/com/example/app_rutas/model/Empresa.kt, /Users/gtesen/Desktop/aplicacion_busmap/frontend-busmap/app/src/main/java/com/example/app_rutas/model/BusPosFirebase.kt, /Users/gtesen/Desktop/aplicacion_busmap/frontend-busmap/app/src/main/java/com/example/app_rutas/model/RutaCompleta.kt, /Users/gtesen/Desktop/aplicacion_busmap/frontend-busmap/app/src/main/java/com/example/app_rutas/model/Informacion.kt, /Users/gtesen/Desktop/aplicacion_busmap/frontend-busmap/app/src/main/java/com/example/app_rutas/model/Ruta.kt, /Users/gtesen/Desktop/aplicacion_busmap/frontend-busmap/app/src/main/java/com/example/app_rutas/model/Coordenada.kt, /Users/gtesen/Desktop/aplicacion_busmap/frontend-busmap/app/src/main/java/com/example/app_rutas/model/Paradero.kt, /Users/gtesen/Desktop/aplicacion_busmap/frontend-busmap/app/src/main/java/com/example/app_rutas/application/RetrofitClient.kt, /Users/gtesen/Desktop/aplicacion_busmap/frontend-busmap/app/src/main/java/com/example/app_rutas/infrastructure/repositories/ParaderoRepositoryImpl.kt, /Users/gtesen/Desktop/aplicacion_busmap/frontend-busmap/app/src/main/java/com/example/app_rutas/infrastructure/repositories/UsuarioRepositoryImpl.kt, /Users/gtesen/Desktop/aplicacion_busmap/frontend-busmap/app/src/main/java/com/example/app_rutas/infrastructure/repositories/InformacionRepositoryImpl.kt, /Users/gtesen/Desktop/aplicacion_busmap/frontend-busmap/app/src/main/java/com/example/app_rutas/infrastructure/repositories/UsuarioLoginRepository.kt, /Users/gtesen/Desktop/aplicacion_busmap/frontend-busmap/app/src/main/java/com/example/app_rutas/infrastructure/repositories/RutaRepositoryImpl.kt, /Users/gtesen/Desktop/aplicacion_busmap/frontend-busmap/app/src/main/java/com/example/app_rutas/infrastructure/firebase/BusFirebaseRepository.kt, /Users/gtesen/Desktop/aplicacion_busmap/frontend-busmap/app/src/main/java/com/example/app_rutas/infrastructure/telemetry/TelemetryTracker.kt, /Users/gtesen/Desktop/aplicacion_busmap/frontend-busmap/app/src/main/java/com/example/app_rutas/infrastructure/worker/FlushTelemetryWorker.kt, /Users/gtesen/Desktop/aplicacion_busmap/frontend-busmap/app/src/main/java/com/example/app_rutas/infrastructure/UsuarioUseCaseImpl.kt, /Users/gtesen/Desktop/aplicacion_busmap/frontend-busmap/app/src/main/java/com/example/app_rutas/infrastructure/data/TelemetryRepository.kt, /Users/gtesen/Desktop/aplicacion_busmap/frontend-busmap/app/src/main/java/com/example/app_rutas/infrastructure/data/local/AppDb.kt, /Users/gtesen/Desktop/aplicacion_busmap/frontend-busmap/app/src/main/java/com/example/app_rutas/infrastructure/data/local/TelemetryEntity.kt, /Users/gtesen/Desktop/aplicacion_busmap/frontend-busmap/app/src/main/java/com/example/app_rutas/infrastructure/data/local/TelemetryDao.kt, /Users/gtesen/Desktop/aplicacion_busmap/frontend-busmap/app/src/main/java/com/example/app_rutas/infrastructure/data/remote/MonitoreoModels.kt, /Users/gtesen/Desktop/aplicacion_busmap/frontend-busmap/app/src/main/java/com/example/app_rutas/infrastructure/data/remote/MonitoreoApi.kt, /Users/gtesen/Desktop/aplicacion_busmap/frontend-busmap/app/src/main/java/com/example/app_rutas/domain/repositories/RutaRepository.kt, /Users/gtesen/Desktop/aplicacion_busmap/frontend-busmap/app/src/main/java/com/example/app_rutas/domain/repositories/ParaderoRepository.kt, /Users/gtesen/Desktop/aplicacion_busmap/frontend-busmap/app/src/main/java/com/example/app_rutas/domain/repositories/InformacionRepository.kt, /Users/gtesen/Desktop/aplicacion_busmap/frontend-busmap/app/src/main/java/com/example/app_rutas/domain/repositories/UsuarioRepository.kt, /Users/gtesen/Desktop/aplicacion_busmap/frontend-busmap/app/src/main/java/com/example/app_rutas/domain/repositories/NotificationsRepository.kt, /Users/gtesen/Desktop/aplicacion_busmap/frontend-busmap/app/src/main/java/com/example/app_rutas/domain/usecases/ObtenerParaderoCercanoUseCase.kt, /Users/gtesen/Desktop/aplicacion_busmap/frontend-busmap/app/src/main/java/com/example/app_rutas/domain/usecases/ObtenerRutaUseCase.kt, /Users/gtesen/Desktop/aplicacion_busmap/frontend-busmap/app/src/main/java/com/example/app_rutas/domain/usecases/ObtenerRutasUseCase.kt, /Users/gtesen/Desktop/aplicacion_busmap/frontend-busmap/app/src/main/java/com/example/app_rutas/domain/usecases/UsuarioUseCase.kt, /Users/gtesen/Desktop/aplicacion_busmap/frontend-busmap/app/src/main/java/com/example/app_rutas/domain/usecases/ObtenerInformacionUseCase.kt, /Users/gtesen/Desktop/aplicacion_busmap/frontend-busmap/app/src/main/java/com/example/app_rutas/domain/services/AdminApi.kt, /Users/gtesen/Desktop/aplicacion_busmap/frontend-busmap/app/src/main/java/com/example/app_rutas/domain/services/NotificationsApi.kt, /Users/gtesen/Desktop/aplicacion_busmap/frontend-busmap/app/src/main/java/com/example/app_rutas/domain/services/UsuarioApi.kt, /Users/gtesen/Desktop/aplicacion_busmap/frontend-busmap/app/src/main/java/com/example/app_rutas/domain/entities/Notificacion.kt, /Users/gtesen/Desktop/aplicacion_busmap/frontend-busmap/app/src/main/java/com/example/app_rutas/domain/entities/UsuarioResponse.kt, /Users/gtesen/Desktop/aplicacion_busmap/frontend-busmap/app/src/main/java/com/example/app_rutas/domain/entities/UsuarioRequest.kt, /Users/gtesen/Desktop/aplicacion_busmap/frontend-busmap/app/src/main/java/com/example/app_rutas/domain/entities/UsuarioRemoto.kt
Java source files: 
Script source files: 
Script file extensions: 
Using Kotlin/JVM incremental compilation
[KOTLIN] Kotlin compilation 'jdkHome' argument: null
Options for KOTLIN DAEMON: IncrementalCompilationOptions(super=CompilationOptions(compilerMode=INCREMENTAL_COMPILER, targetPlatform=JVM, reportCategories=[0, 3], reportSeverity=2, requestedCompilationResults=[0], kotlinScriptExtensions=[]), areFileChangesKnown=false, modifiedFiles=null, deletedFiles=null, classpathChanges=NotAvailableForNonIncrementalRun, workingDir=/Users/gtesen/Desktop/aplicacion_busmap/frontend-busmap/app/build/kotlin/compileReleaseKotlin/cacheable, multiModuleICSettings=MultiModuleICSettings(buildHistoryFile=/Users/gtesen/Desktop/aplicacion_busmap/frontend-busmap/app/build/kotlin/compileReleaseKotlin/local-state/build-history.bin, useModuleDetection=true), usePreciseJavaTracking=true, icFeatures=IncrementalCompilationFeatures(withAbiSnapshot=false, preciseCompilationResultsBackup=true, keepIncrementalCompilationCachesInMemory=true, enableUnsafeIncrementalCompilationForMultiplatform=false), outputFiles=[/Users/gtesen/Desktop/aplicacion_busmap/frontend-busmap/app/build/tmp/kotlin-classes/release, /Users/gtesen/Desktop/aplicacion_busmap/frontend-busmap/app/build/kotlin/compileReleaseKotlin/cacheable, /Users/gtesen/Desktop/aplicacion_busmap/frontend-busmap/app/build/kotlin/compileReleaseKotlin/local-state])
w: file:///Users/gtesen/Desktop/aplicacion_busmap/frontend-busmap/app/src/main/java/com/example/app_rutas/infrastructure/repositories/UsuarioRepositoryImpl.kt:40:36 'fun create(contentType: MediaType?, content: String): RequestBody' is deprecated. Moved to extension function. Put the 'content' argument first to fix Java.
w: file:///Users/gtesen/Desktop/aplicacion_busmap/frontend-busmap/app/src/main/java/com/example/app_rutas/ui/RegisterActivity.kt:124:9 'fun startActivityForResult(intent: Intent, requestCode: Int): Unit' is deprecated. This method has been deprecated in favor of using the Activity Result API
      which brings increased type safety via an {@link ActivityResultContract} and the prebuilt
      contracts for common intents available in
      {@link androidx.activity.result.contract.ActivityResultContracts}, provides hooks for
      testing, and allow receiving results in separate, testable classes independent from your
      activity. Use
      {@link #registerForActivityResult(ActivityResultContract, ActivityResultCallback)}
      passing in a {@link StartActivityForResult} object for the {@link ActivityResultContract}.
w: file:///Users/gtesen/Desktop/aplicacion_busmap/frontend-busmap/app/src/main/java/com/example/app_rutas/ui/RegisterActivity.kt:133:62 'static fun getBitmap(p0: ContentResolver!, p1: Uri!): Bitmap!' is deprecated. Deprecated in Java.
w: file:///Users/gtesen/Desktop/aplicacion_busmap/frontend-busmap/app/src/main/java/com/example/app_rutas/ui/RegisterViewModelFactory.kt:10:46 Unchecked cast of 'com.example.app_rutas.ui.RegisterViewModel' to 'T'.
w: file:///Users/gtesen/Desktop/aplicacion_busmap/frontend-busmap/app/src/main/java/com/example/app_rutas/ui/StartActivity.kt:24:9 'fun overridePendingTransition(p0: Int, p1: Int): Unit' is deprecated. Deprecated in Java.
w: file:///Users/gtesen/Desktop/aplicacion_busmap/frontend-busmap/app/src/main/java/com/example/app_rutas/ui/activity/MainActivity.kt:167:18 This declaration overrides a deprecated member but is not marked as deprecated itself. Please add the '@Deprecated' annotation or suppress the diagnostic.
w: file:///Users/gtesen/Desktop/aplicacion_busmap/frontend-busmap/app/src/main/java/com/example/app_rutas/ui/activity/MainActivity.kt:170:15 'fun onBackPressed(): Unit' is deprecated. This method has been deprecated in favor of using the
      {@link OnBackPressedDispatcher} via {@link #getOnBackPressedDispatcher()}.
      The OnBackPressedDispatcher controls how back button events are dispatched
      to one or more {@link OnBackPressedCallback} objects.
w: file:///Users/gtesen/Desktop/aplicacion_busmap/frontend-busmap/app/src/main/java/com/example/app_rutas/ui/fragment/MapsFragment.kt:251:33 'static fun create(): LocationRequest' is deprecated. Deprecated in Java.
w: file:///Users/gtesen/Desktop/aplicacion_busmap/frontend-busmap/app/src/main/java/com/example/app_rutas/ui/fragment/MapsFragment.kt:252:21 'var interval: Long' is deprecated. Deprecated in Java.
w: file:///Users/gtesen/Desktop/aplicacion_busmap/frontend-busmap/app/src/main/java/com/example/app_rutas/ui/fragment/MapsFragment.kt:253:21 'var fastestInterval: Long' is deprecated. Deprecated in Java.
w: file:///Users/gtesen/Desktop/aplicacion_busmap/frontend-busmap/app/src/main/java/com/example/app_rutas/ui/fragment/MapsFragment.kt:254:21 'var priority: Int' is deprecated. Deprecated in Java.
w: file:///Users/gtesen/Desktop/aplicacion_busmap/frontend-busmap/app/src/main/java/com/example/app_rutas/ui/fragment/MapsFragment.kt:980:18 This declaration overrides a deprecated member but is not marked as deprecated itself. Please add the '@Deprecated' annotation or suppress the diagnostic.
w: file:///Users/gtesen/Desktop/aplicacion_busmap/frontend-busmap/app/src/main/java/com/example/app_rutas/ui/fragment/MapsFragment.kt:981:15 'fun onRequestPermissionsResult(p0: Int, p1: (Array<String!>..Array<out String!>), p2: IntArray): Unit' is deprecated. Deprecated in Java.
w: file:///Users/gtesen/Desktop/aplicacion_busmap/frontend-busmap/app/src/main/java/com/example/app_rutas/ui/fragment/MapsFragment.kt:988:41 'static fun create(): LocationRequest' is deprecated. Deprecated in Java.
w: file:///Users/gtesen/Desktop/aplicacion_busmap/frontend-busmap/app/src/main/java/com/example/app_rutas/ui/fragment/MapsFragment.kt:989:29 'var interval: Long' is deprecated. Deprecated in Java.
w: file:///Users/gtesen/Desktop/aplicacion_busmap/frontend-busmap/app/src/main/java/com/example/app_rutas/ui/fragment/MapsFragment.kt:990:29 'var fastestInterval: Long' is deprecated. Deprecated in Java.
w: file:///Users/gtesen/Desktop/aplicacion_busmap/frontend-busmap/app/src/main/java/com/example/app_rutas/ui/fragment/MapsFragment.kt:991:29 'var priority: Int' is deprecated. Deprecated in Java.
w: file:///Users/gtesen/Desktop/aplicacion_busmap/frontend-busmap/app/src/main/java/com/example/app_rutas/ui/fragment/RutaPlanificadaFragment.kt:152:36 'val latLng: LatLng!' is deprecated. Deprecated in Java.
w: file:///Users/gtesen/Desktop/aplicacion_busmap/frontend-busmap/app/src/main/java/com/example/app_rutas/ui/fragment/RutaPlanificadaFragment.kt:216:17 'fun requestPermissions(p0: (Array<String!>..Array<out String!>), p1: Int): Unit' is deprecated. Deprecated in Java.
w: file:///Users/gtesen/Desktop/aplicacion_busmap/frontend-busmap/app/src/main/java/com/example/app_rutas/ui/fragment/RutaPlanificadaFragment.kt:794:18 This declaration overrides a deprecated member but is not marked as deprecated itself. Please add the '@Deprecated' annotation or suppress the diagnostic.
w: file:///Users/gtesen/Desktop/aplicacion_busmap/frontend-busmap/app/src/main/java/com/example/app_rutas/ui/fragment/RutaPlanificadaFragment.kt:795:15 'fun onRequestPermissionsResult(p0: Int, p1: (Array<String!>..Array<out String!>), p2: IntArray): Unit' is deprecated. Deprecated in Java.
w: file:///Users/gtesen/Desktop/aplicacion_busmap/frontend-busmap/app/src/main/java/com/example/app_rutas/ui/notifications/NotificationDetailBottomSheet.kt:34:36 'fun <T : Parcelable!> getParcelable(p0: String?): T?' is deprecated. Deprecated in Java.
w: file:///Users/gtesen/Desktop/aplicacion_busmap/frontend-busmap/app/src/main/java/com/example/app_rutas/ui/viewmodel/InformacionViewModelFactory.kt:15:50 Unchecked cast of 'com.example.app_rutas.ui.viewmodel.InformacionViewModel' to 'T'.
w: file:///Users/gtesen/Desktop/aplicacion_busmap/frontend-busmap/app/src/main/java/com/example/app_rutas/ui/viewmodel/RutaViewModelFactory.kt:10:39 Unchecked cast of 'com.example.app_rutas.ui.viewmodel.RutaViewModel' to 'T'.
w: file:///Users/gtesen/Desktop/aplicacion_busmap/frontend-busmap/app/src/main/java/com/example/app_rutas/utils/MultipartHelpers.kt:26:28 'fun create(contentType: MediaType?, content: String): RequestBody' is deprecated. Moved to extension function. Put the 'content' argument first to fix Java.
w: file:///Users/gtesen/Desktop/aplicacion_busmap/frontend-busmap/app/src/main/java/com/example/app_rutas/utils/MultipartHelpers.kt:38:32 'fun create(contentType: MediaType?, content: ByteArray, offset: Int = ..., byteCount: Int = ...): RequestBody' is deprecated. Moved to extension function. Put the 'content' argument first to fix Java.
w: file:///Users/gtesen/Desktop/aplicacion_busmap/frontend-busmap/app/src/main/java/com/example/app_rutas/utils/UriExtensions.kt:35:35 'fun create(contentType: MediaType?, content: ByteArray, offset: Int = ..., byteCount: Int = ...): RequestBody' is deprecated. Moved to extension function. Put the 'content' argument first to fix Java.
Finished executing kotlin compiler using DAEMON strategy
Resolve mutations for :app:compileReleaseJavaWithJavac (Thread[Execution worker,5,main]) started.
:app:compileReleaseJavaWithJavac (Thread[Execution worker,5,main]) started.

> Task :app:compileReleaseJavaWithJavac NO-SOURCE
Skipping task ':app:compileReleaseJavaWithJavac' as it has no source files and no previous output files.
Resolve mutations for :app:dexBuilderRelease (Thread[Execution worker,5,main]) started.
:app:dexBuilderRelease (Thread[Execution worker,5,main]) started.

> Task :app:dexBuilderRelease
Caching disabled for task ':app:dexBuilderRelease' because:
  Build cache is disabled
Task ':app:dexBuilderRelease' is not up-to-date because:
  Value of input property 'dexParams.errorFormatMode' has changed for task ':app:dexBuilderRelease'
The input changes require a full rebuild for incremental task ':app:dexBuilderRelease'.
file or directory '/Users/gtesen/Desktop/aplicacion_busmap/frontend-busmap/app/build/generated/ksp/release/classes', not found
Dex builder is incremental : false 
Processing input /Users/gtesen/Desktop/aplicacion_busmap/frontend-busmap/app/build/tmp/kotlin-classes/release
Processing input /Users/gtesen/Desktop/aplicacion_busmap/frontend-busmap/app/build/kotlinToolingMetadata
Dexing /Users/gtesen/Desktop/aplicacion_busmap/frontend-busmap/app/build/tmp/kotlin-classes/release
Dexing /Users/gtesen/Desktop/aplicacion_busmap/frontend-busmap/app/build/kotlinToolingMetadata
Processing input /Users/gtesen/Desktop/aplicacion_busmap/frontend-busmap/app/build/intermediates/compile_and_runtime_not_namespaced_r_class_jar/release/processReleaseResources/R.jar
Dexing /Users/gtesen/Desktop/aplicacion_busmap/frontend-busmap/app/build/intermediates/compile_and_runtime_not_namespaced_r_class_jar/release/processReleaseResources/R.jar
Dexing '/Users/gtesen/Desktop/aplicacion_busmap/frontend-busmap/app/build/intermediates/compile_and_runtime_not_namespaced_r_class_jar/release/processReleaseResources/R.jar' to '/Users/gtesen/Desktop/aplicacion_busmap/frontend-busmap/app/build/intermediates/project_dex_archive/release/dexBuilderRelease/out/5860c26bd0fd7019e015ac6d31b697cad886090538648b10bc66e6af6caf380e_0.jar'
Dexing '/Users/gtesen/Desktop/aplicacion_busmap/frontend-busmap/app/build/intermediates/compile_and_runtime_not_namespaced_r_class_jar/release/processReleaseResources/R.jar' to '/Users/gtesen/Desktop/aplicacion_busmap/frontend-busmap/app/build/intermediates/project_dex_archive/release/dexBuilderRelease/out/5860c26bd0fd7019e015ac6d31b697cad886090538648b10bc66e6af6caf380e_1.jar'
Dexing '/Users/gtesen/Desktop/aplicacion_busmap/frontend-busmap/app/build/tmp/kotlin-classes/release' to '/Users/gtesen/Desktop/aplicacion_busmap/frontend-busmap/app/build/intermediates/project_dex_archive/release/dexBuilderRelease/out'
Dexing '/Users/gtesen/Desktop/aplicacion_busmap/frontend-busmap/app/build/tmp/kotlin-classes/release' to '/Users/gtesen/Desktop/aplicacion_busmap/frontend-busmap/app/build/intermediates/project_dex_archive/release/dexBuilderRelease/out'
Dexing '/Users/gtesen/Desktop/aplicacion_busmap/frontend-busmap/app/build/tmp/kotlin-classes/release' to '/Users/gtesen/Desktop/aplicacion_busmap/frontend-busmap/app/build/intermediates/project_dex_archive/release/dexBuilderRelease/out'
Dexing '/Users/gtesen/Desktop/aplicacion_busmap/frontend-busmap/app/build/kotlinToolingMetadata' to '/Users/gtesen/Desktop/aplicacion_busmap/frontend-busmap/app/build/intermediates/project_dex_archive/release/dexBuilderRelease/out'
Dexing '/Users/gtesen/Desktop/aplicacion_busmap/frontend-busmap/app/build/intermediates/compile_and_runtime_not_namespaced_r_class_jar/release/processReleaseResources/R.jar' to '/Users/gtesen/Desktop/aplicacion_busmap/frontend-busmap/app/build/intermediates/project_dex_archive/release/dexBuilderRelease/out/5860c26bd0fd7019e015ac6d31b697cad886090538648b10bc66e6af6caf380e_2.jar'
Dexing '/Users/gtesen/Desktop/aplicacion_busmap/frontend-busmap/app/build/tmp/kotlin-classes/release' to '/Users/gtesen/Desktop/aplicacion_busmap/frontend-busmap/app/build/intermediates/project_dex_archive/release/dexBuilderRelease/out'
Dexing '/Users/gtesen/Desktop/aplicacion_busmap/frontend-busmap/app/build/intermediates/compile_and_runtime_not_namespaced_r_class_jar/release/processReleaseResources/R.jar' to '/Users/gtesen/Desktop/aplicacion_busmap/frontend-busmap/app/build/intermediates/project_dex_archive/release/dexBuilderRelease/out/5860c26bd0fd7019e015ac6d31b697cad886090538648b10bc66e6af6caf380e_3.jar'
Dexing '/Users/gtesen/Desktop/aplicacion_busmap/frontend-busmap/app/build/kotlinToolingMetadata' to '/Users/gtesen/Desktop/aplicacion_busmap/frontend-busmap/app/build/intermediates/project_dex_archive/release/dexBuilderRelease/out'
Dexing '/Users/gtesen/Desktop/aplicacion_busmap/frontend-busmap/app/build/kotlinToolingMetadata' to '/Users/gtesen/Desktop/aplicacion_busmap/frontend-busmap/app/build/intermediates/project_dex_archive/release/dexBuilderRelease/out'
Dexing '/Users/gtesen/Desktop/aplicacion_busmap/frontend-busmap/app/build/kotlinToolingMetadata' to '/Users/gtesen/Desktop/aplicacion_busmap/frontend-busmap/app/build/intermediates/project_dex_archive/release/dexBuilderRelease/out'
Done with all dex archive conversions
Resolve mutations for :app:mergeDexRelease (Thread[Execution worker,5,main]) started.
:app:mergeDexRelease (Thread[Execution worker,5,main]) started.
Resolve mutations for :app:mergeReleaseGlobalSynthetics (Thread[Execution worker Thread 4,5,main]) started.
:app:mergeReleaseGlobalSynthetics (Thread[Execution worker Thread 4,5,main]) started.
Resolve mutations for :app:generateReleaseLintVitalReportModel (Thread[Execution worker Thread 3,5,main]) started.
:app:generateReleaseLintVitalReportModel (Thread[Execution worker Thread 3,5,main]) started.

> Task :app:mergeReleaseGlobalSynthetics
Caching disabled for task ':app:mergeReleaseGlobalSynthetics' because:
  Build cache is disabled
Task ':app:mergeReleaseGlobalSynthetics' is not up-to-date because:
  Output property 'globalSyntheticsOutput' file /Users/gtesen/Desktop/aplicacion_busmap/frontend-busmap/app/build/intermediates/global_synthetics_dex/release/mergeReleaseGlobalSynthetics has been removed.

> Task :app:generateReleaseLintVitalReportModel
file or directory '/Users/gtesen/Desktop/aplicacion_busmap/frontend-busmap/app/build/generated/ksp/release/java', not found
Caching disabled for task ':app:generateReleaseLintVitalReportModel' because:
  Build cache is disabled
  Caching has been disabled for the task
Task ':app:generateReleaseLintVitalReportModel' is not up-to-date because:
  Output property 'outputDirectory' file /Users/gtesen/Desktop/aplicacion_busmap/frontend-busmap/app/build/intermediates/lint_vital_report_lint_model/release/generateReleaseLintVitalReportModel has been removed.
  Output property 'outputDirectory' file /Users/gtesen/Desktop/aplicacion_busmap/frontend-busmap/app/build/intermediates/lint_vital_report_lint_model/release/generateReleaseLintVitalReportModel/module.xml has been removed.
  Output property 'outputDirectory' file /Users/gtesen/Desktop/aplicacion_busmap/frontend-busmap/app/build/intermediates/lint_vital_report_lint_model/release/generateReleaseLintVitalReportModel/release-artifact-dependencies.xml has been removed.
  and more...
file or directory '/Users/gtesen/Desktop/aplicacion_busmap/frontend-busmap/app/build/generated/ksp/release/classes', not found
Resolve mutations for :app:lintVitalAnalyzeRelease (Thread[Execution worker Thread 3,5,main]) started.
:app:lintVitalAnalyzeRelease (Thread[Execution worker Thread 3,5,main]) started.
Resolve mutations for :app:processReleaseJavaRes (Thread[Execution worker Thread 4,5,main]) started.
:app:processReleaseJavaRes (Thread[Execution worker Thread 4,5,main]) started.

> Task :app:processReleaseJavaRes
file or directory '/Users/gtesen/Desktop/aplicacion_busmap/frontend-busmap/app/src/main/resources', not found
file or directory '/Users/gtesen/Desktop/aplicacion_busmap/frontend-busmap/app/src/release/resources', not found
file or directory '/Users/gtesen/Desktop/aplicacion_busmap/frontend-busmap/app/build/generated/ksp/release/classes', not found
file or directory '/Users/gtesen/Desktop/aplicacion_busmap/frontend-busmap/app/build/generated/ksp/release/classes', not found
file or directory '/Users/gtesen/Desktop/aplicacion_busmap/frontend-busmap/app/src/main/resources', not found
file or directory '/Users/gtesen/Desktop/aplicacion_busmap/frontend-busmap/app/src/release/resources', not found
file or directory '/Users/gtesen/Desktop/aplicacion_busmap/frontend-busmap/app/build/generated/ksp/release/classes', not found
file or directory '/Users/gtesen/Desktop/aplicacion_busmap/frontend-busmap/app/build/generated/ksp/release/classes', not found
Caching disabled for task ':app:processReleaseJavaRes' because:
  Build cache is disabled
  Caching has been disabled for the task
Task ':app:processReleaseJavaRes' is not up-to-date because:
  Output property 'outDirectory' file /Users/gtesen/Desktop/aplicacion_busmap/frontend-busmap/app/build/intermediates/java_res/release/processReleaseJavaRes/out has been removed.
  Output property 'outDirectory' file /Users/gtesen/Desktop/aplicacion_busmap/frontend-busmap/app/build/intermediates/java_res/release/processReleaseJavaRes/out/com has been removed.
  Output property 'outDirectory' file /Users/gtesen/Desktop/aplicacion_busmap/frontend-busmap/app/build/intermediates/java_res/release/processReleaseJavaRes/out/com/example has been removed.
  and more...
file or directory '/Users/gtesen/Desktop/aplicacion_busmap/frontend-busmap/app/src/main/resources', not found
file or directory '/Users/gtesen/Desktop/aplicacion_busmap/frontend-busmap/app/src/release/resources', not found
file or directory '/Users/gtesen/Desktop/aplicacion_busmap/frontend-busmap/app/build/generated/ksp/release/classes', not found
file or directory '/Users/gtesen/Desktop/aplicacion_busmap/frontend-busmap/app/build/generated/ksp/release/classes', not found
file or directory '/Users/gtesen/Desktop/aplicacion_busmap/frontend-busmap/app/src/main/resources', not found
file or directory '/Users/gtesen/Desktop/aplicacion_busmap/frontend-busmap/app/src/release/resources', not found
file or directory '/Users/gtesen/Desktop/aplicacion_busmap/frontend-busmap/app/build/generated/ksp/release/resources', not found
Resolve mutations for :app:mergeReleaseJavaResource (Thread[Execution worker Thread 4,5,main]) started.
:app:mergeReleaseJavaResource (Thread[Execution worker Thread 4,5,main]) started.

> Task :app:mergeDexRelease
Caching disabled for task ':app:mergeDexRelease' because:
  Build cache is disabled
Task ':app:mergeDexRelease' is not up-to-date because:
  Output property 'd8Metadata' file /Users/gtesen/Desktop/aplicacion_busmap/frontend-busmap/app/build/intermediates/d8_metadata/release/mergeDexRelease/d8-metadata.dat has been removed.
  Output property 'outputDir' file /Users/gtesen/Desktop/aplicacion_busmap/frontend-busmap/app/build/intermediates/dex/release/mergeDexRelease has been removed.
  Output property 'outputDir' file /Users/gtesen/Desktop/aplicacion_busmap/frontend-busmap/app/build/intermediates/dex/release/mergeDexRelease/classes.dex has been removed.
  and more...
The input changes require a full rebuild for incremental task ':app:mergeDexRelease'.
Merging to '/Users/gtesen/Desktop/aplicacion_busmap/frontend-busmap/app/build/intermediates/dex/release/mergeDexRelease' with D8 from all or a subset of dex files in /Users/gtesen/Desktop/aplicacion_busmap/frontend-busmap/app/build/intermediates/project_dex_archive/release/dexBuilderRelease/out, /Users/gtesen/Desktop/aplicacion_busmap/frontend-busmap/app/build/intermediates/project_dex_archive/release/dexBuilderRelease/out, /Users/gtesen/Desktop/aplicacion_busmap/frontend-busmap/app/build/intermediates/project_dex_archive/release/dexBuilderRelease/out, /Users/gtesen/Desktop/aplicacion_busmap/frontend-busmap/app/build/intermediates/project_dex_archive/release/dexBuilderRelease/out, /Users/gtesen/Desktop/aplicacion_busmap/frontend-busmap/app/build/intermediates/project_dex_archive/release/dexBuilderRelease/out, /Users/gtesen/Desktop/aplicacion_busmap/frontend-busmap/app/build/intermediates/project_dex_archive/release/dexBuilderRelease/out, /Users/gtesen/Desktop/aplicacion_busmap/frontend-busmap/app/build/intermediates/project_dex_archive/release/dexBuilderRelease/out, /Users/gtesen/Desktop/aplicacion_busmap/frontend-busmap/app/build/intermediates/project_dex_archive/release/dexBuilderRelease/out, /Users/gtesen/Desktop/aplicacion_busmap/frontend-busmap/app/build/intermediates/project_dex_archive/release/dexBuilderRelease/out, /Users/gtesen/Desktop/aplicacion_busmap/frontend-busmap/app/build/intermediates/project_dex_archive/release/dexBuilderRelease/out, /Users/gtesen/Desktop/aplicacion_busmap/frontend-busmap/app/build/intermediates/project_dex_archive/release/dexBuilderRelease/out, /Users/gtesen/Desktop/aplicacion_busmap/frontend-busmap/app/build/intermediates/project_dex_archive/release/dexBuilderRelease/out, /Users/gtesen/Desktop/aplicacion_busmap/frontend-busmap/app/build/intermediates/project_dex_archive/release/dexBuilderRelease/out, /Users/gtesen/Desktop/aplicacion_busmap/frontend-busmap/app/build/intermediates/project_dex_archive/release/dexBuilderRelease/out, /Users/gtesen/Desktop/aplicacion_busmap/frontend-busmap/app/build/intermediates/project_dex_archive/release/dexBuilderRelease/out, /Users/gtesen/Desktop/aplicacion_busmap/frontend-busmap/app/build/intermediates/project_dex_archive/release/dexBuilderRelease/out, /Users/gtesen/Desktop/aplicacion_busmap/frontend-busmap/app/build/intermediates/project_dex_archive/release/dexBuilderRelease/out, /Users/gtesen/Desktop/aplicacion_busmap/frontend-busmap/app/build/intermediates/project_dex_archive/release/dexBuilderRelease/out, /Users/gtesen/Desktop/aplicacion_busmap/frontend-busmap/app/build/intermediates/project_dex_archive/release/dexBuilderRelease/out, /Users/gtesen/Desktop/aplicacion_busmap/frontend-busmap/app/build/intermediates/project_dex_archive/release/dexBuilderRelease/out, /Users/gtesen/Desktop/aplicacion_busmap/frontend-busmap/app/build/intermediates/project_dex_archive/release/dexBuilderRelease/out, /Users/gtesen/Desktop/aplicacion_busmap/frontend-busmap/app/build/intermediates/project_dex_archive/release/dexBuilderRelease/out, /Users/gtesen/Desktop/aplicacion_busmap/frontend-busmap/app/build/intermediates/project_dex_archive/release/dexBuilderRelease/out, /Users/gtesen/Desktop/aplicacion_busmap/frontend-busmap/app/build/intermediates/project_dex_archive/release/dexBuilderRelease/out, /Users/gtesen/Desktop/aplicacion_busmap/frontend-busmap/app/build/intermediates/project_dex_archive/release/dexBuilderRelease/out, /Users/gtesen/Desktop/aplicacion_busmap/frontend-busmap/app/build/intermediates/project_dex_archive/release/dexBuilderRelease/out, /Users/gtesen/Desktop/aplicacion_busmap/frontend-busmap/app/build/intermediates/project_dex_archive/release/dexBuilderRelease/out, /Users/gtesen/Desktop/aplicacion_busmap/frontend-busmap/app/build/intermediates/project_dex_archive/release/dexBuilderRelease/out, /Users/gtesen/Desktop/aplicacion_busmap/frontend-busmap/app/build/intermediates/project_dex_archive/release/dexBuilderRelease/out, /Users/gtesen/Desktop/aplicacion_busmap/frontend-busmap/app/build/intermediates/project_dex_archive/release/dexBuilderRelease/out, /Users/gtesen/Desktop/aplicacion_busmap/frontend-busmap/app/build/intermediates/project_dex_archive/release/dexBuilderRelease/out, /Users/gtesen/Desktop/aplicacion_busmap/frontend-busmap/app/build/intermediates/project_dex_archive/release/dexBuilderRelease/out, /Users/gtesen/Desktop/aplicacion_busmap/frontend-busmap/app/build/intermediates/project_dex_archive/release/dexBuilderRelease/out, /Users/gtesen/Desktop/aplicacion_busmap/frontend-busmap/app/build/intermediates/project_dex_archive/release/dexBuilderRelease/out, /Users/gtesen/Desktop/aplicacion_busmap/frontend-busmap/app/build/intermediates/project_dex_archive/release/dexBuilderRelease/out, /Users/gtesen/Desktop/aplicacion_busmap/frontend-busmap/app/build/intermediates/project_dex_archive/release/dexBuilderRelease/out, /Users/gtesen/Desktop/aplicacion_busmap/frontend-busmap/app/build/intermediates/project_dex_archive/release/dexBuilderRelease/out, /Users/gtesen/Desktop/aplicacion_busmap/frontend-busmap/app/build/intermediates/project_dex_archive/release/dexBuilderRelease/out, /Users/gtesen/Desktop/aplicacion_busmap/frontend-busmap/app/build/intermediates/project_dex_archive/release/dexBuilderRelease/out, /Users/gtesen/Desktop/aplicacion_busmap/frontend-busmap/app/build/intermediates/project_dex_archive/release/dexBuilderRelease/out, /Users/gtesen/Desktop/aplicacion_busmap/frontend-busmap/app/build/intermediates/project_dex_archive/release/dexBuilderRelease/out, /Users/gtesen/Desktop/aplicacion_busmap/frontend-busmap/app/build/intermediates/project_dex_archive/release/dexBuilderRelease/out, /Users/gtesen/Desktop/aplicacion_busmap/frontend-busmap/app/build/intermediates/project_dex_archive/release/dexBuilderRelease/out, /Users/gtesen/Desktop/aplicacion_busmap/frontend-busmap/app/build/intermediates/project_dex_archive/release/dexBuilderRelease/out, /Users/gtesen/Desktop/aplicacion_busmap/frontend-busmap/app/build/intermediates/project_dex_archive/release/dexBuilderRelease/out, /Users/gtesen/Desktop/aplicacion_busmap/frontend-busmap/app/build/intermediates/project_dex_archive/release/dexBuilderRelease/out, /Users/gtesen/Desktop/aplicacion_busmap/frontend-busmap/app/build/intermediates/project_dex_archive/release/dexBuilderRelease/out, /Users/gtesen/Desktop/aplicacion_busmap/frontend-busmap/app/build/intermediates/project_dex_archive/release/dexBuilderRelease/out, /Users/gtesen/Desktop/aplicacion_busmap/frontend-busmap/app/build/intermediates/project_dex_archive/release/dexBuilderRelease/out, /Users/gtesen/Desktop/aplicacion_busmap/frontend-busmap/app/build/intermediates/project_dex_archive/release/dexBuilderRelease/out, /Users/gtesen/Desktop/aplicacion_busmap/frontend-busmap/app/build/intermediates/project_dex_archive/release/dexBuilderRelease/out, /Users/gtesen/Desktop/aplicacion_busmap/frontend-busmap/app/build/intermediates/project_dex_archive/release/dexBuilderRelease/out, /Users/gtesen/Desktop/aplicacion_busmap/frontend-busmap/app/build/intermediates/project_dex_archive/release/dexBuilderRelease/out, /Users/gtesen/Desktop/aplicacion_busmap/frontend-busmap/app/build/intermediates/project_dex_archive/release/dexBuilderRelease/out, /Users/gtesen/Desktop/aplicacion_busmap/frontend-busmap/app/build/intermediates/project_dex_archive/release/dexBuilderRelease/out, /Users/gtesen/Desktop/aplicacion_busmap/frontend-busmap/app/build/intermediates/project_dex_archive/release/dexBuilderRelease/out, /Users/gtesen/Desktop/aplicacion_busmap/frontend-busmap/app/build/intermediates/project_dex_archive/release/dexBuilderRelease/out, /Users/gtesen/Desktop/aplicacion_busmap/frontend-busmap/app/build/intermediates/project_dex_archive/release/dexBuilderRelease/out, /Users/gtesen/Desktop/aplicacion_busmap/frontend-busmap/app/build/intermediates/project_dex_archive/release/dexBuilderRelease/out, /Users/gtesen/Desktop/aplicacion_busmap/frontend-busmap/app/build/intermediates/project_dex_archive/release/dexBuilderRelease/out, /Users/gtesen/Desktop/aplicacion_busmap/frontend-busmap/app/build/intermediates/project_dex_archive/release/dexBuilderRelease/out, /Users/gtesen/Desktop/aplicacion_busmap/frontend-busmap/app/build/intermediates/project_dex_archive/release/dexBuilderRelease/out, /Users/gtesen/Desktop/aplicacion_busmap/frontend-busmap/app/build/intermediates/project_dex_archive/release/dexBuilderRelease/out, /Users/gtesen/Desktop/aplicacion_busmap/frontend-busmap/app/build/intermediates/project_dex_archive/release/dexBuilderRelease/out, /Users/gtesen/Desktop/aplicacion_busmap/frontend-busmap/app/build/intermediates/project_dex_archive/release/dexBuilderRelease/out, /Users/gtesen/Desktop/aplicacion_busmap/frontend-busmap/app/build/intermediates/project_dex_archive/release/dexBuilderRelease/out, /Users/gtesen/Desktop/aplicacion_busmap/frontend-busmap/app/build/intermediates/project_dex_archive/release/dexBuilderRelease/out, /Users/gtesen/Desktop/aplicacion_busmap/frontend-busmap/app/build/intermediates/project_dex_archive/release/dexBuilderRelease/out, /Users/gtesen/Desktop/aplicacion_busmap/frontend-busmap/app/build/intermediates/project_dex_archive/release/dexBuilderRelease/out, /Users/gtesen/Desktop/aplicacion_busmap/frontend-busmap/app/build/intermediates/project_dex_archive/release/dexBuilderRelease/out, /Users/gtesen/Desktop/aplicacion_busmap/frontend-busmap/app/build/intermediates/project_dex_archive/release/dexBuilderRelease/out, /Users/gtesen/Desktop/aplicacion_busmap/frontend-busmap/app/build/intermediates/project_dex_archive/release/dexBuilderRelease/out, /Users/gtesen/Desktop/aplicacion_busmap/frontend-busmap/app/build/intermediates/project_dex_archive/release/dexBuilderRelease/out, /Users/gtesen/Desktop/aplicacion_busmap/frontend-busmap/app/build/intermediates/project_dex_archive/release/dexBuilderRelease/out, /Users/gtesen/Desktop/aplicacion_busmap/frontend-busmap/app/build/intermediates/project_dex_archive/release/dexBuilderRelease/out, /Users/gtesen/Desktop/aplicacion_busmap/frontend-busmap/app/build/intermediates/project_dex_archive/release/dexBuilderRelease/out, /Users/gtesen/Desktop/aplicacion_busmap/frontend-busmap/app/build/intermediates/project_dex_archive/release/dexBuilderRelease/out, /Users/gtesen/Desktop/aplicacion_busmap/frontend-busmap/app/build/intermediates/project_dex_archive/release/dexBuilderRelease/out, /Users/gtesen/Desktop/aplicacion_busmap/frontend-busmap/app/build/intermediates/project_dex_archive/release/dexBuilderRelease/out, /Users/gtesen/Desktop/aplicacion_busmap/frontend-busmap/app/build/intermediates/project_dex_archive/release/dexBuilderRelease/out, /Users/gtesen/Desktop/aplicacion_busmap/frontend-busmap/app/build/intermediates/project_dex_archive/release/dexBuilderRelease/out, /Users/gtesen/Desktop/aplicacion_busmap/frontend-busmap/app/build/intermediates/project_dex_archive/release/dexBuilderRelease/out, /Users/gtesen/Desktop/aplicacion_busmap/frontend-busmap/app/build/intermediates/project_dex_archive/release/dexBuilderRelease/out, /Users/gtesen/Desktop/aplicacion_busmap/frontend-busmap/app/build/intermediates/project_dex_archive/release/dexBuilderRelease/out, /Users/gtesen/Desktop/aplicacion_busmap/frontend-busmap/app/build/intermediates/project_dex_archive/release/dexBuilderRelease/out, /Users/gtesen/Desktop/aplicacion_busmap/frontend-busmap/app/build/intermediates/project_dex_archive/release/dexBuilderRelease/out, /Users/gtesen/Desktop/aplicacion_busmap/frontend-busmap/app/build/intermediates/project_dex_archive/release/dexBuilderRelease/out, /Users/gtesen/Desktop/aplicacion_busmap/frontend-busmap/app/build/intermediates/project_dex_archive/release/dexBuilderRelease/out, /Users/gtesen/Desktop/aplicacion_busmap/frontend-busmap/app/build/intermediates/project_dex_archive/release/dexBuilderRelease/out, /Users/gtesen/Desktop/aplicacion_busmap/frontend-busmap/app/build/intermediates/project_dex_archive/release/dexBuilderRelease/out, /Users/gtesen/Desktop/aplicacion_busmap/frontend-busmap/app/build/intermediates/project_dex_archive/release/dexBuilderRelease/out, /Users/gtesen/Desktop/aplicacion_busmap/frontend-busmap/app/build/intermediates/project_dex_archive/release/dexBuilderRelease/out, /Users/gtesen/Desktop/aplicacion_busmap/frontend-busmap/app/build/intermediates/project_dex_archive/release/dexBuilderRelease/out, /Users/gtesen/Desktop/aplicacion_busmap/frontend-busmap/app/build/intermediates/project_dex_archive/release/dexBuilderRelease/out, /Users/gtesen/Desktop/aplicacion_busmap/frontend-busmap/app/build/intermediates/project_dex_archive/release/dexBuilderRelease/out, /Users/gtesen/Desktop/aplicacion_busmap/frontend-busmap/app/build/intermediates/project_dex_archive/release/dexBuilderRelease/out, /Users/gtesen/Desktop/aplicacion_busmap/frontend-busmap/app/build/intermediates/project_dex_archive/release/dexBuilderRelease/out, /Users/gtesen/Desktop/aplicacion_busmap/frontend-busmap/app/build/intermediates/project_dex_archive/release/dexBuilderRelease/out, /Users/gtesen/Desktop/aplicacion_busmap/frontend-busmap/app/build/intermediates/project_dex_archive/release/dexBuilderRelease/out, /Users/gtesen/Desktop/aplicacion_busmap/frontend-busmap/app/build/intermediates/project_dex_archive/release/dexBuilderRelease/out, /Users/gtesen/Desktop/aplicacion_busmap/frontend-busmap/app/build/intermediates/project_dex_archive/release/dexBuilderRelease/out, /Users/gtesen/Desktop/aplicacion_busmap/frontend-busmap/app/build/intermediates/project_dex_archive/release/dexBuilderRelease/out, /Users/gtesen/Desktop/aplicacion_busmap/frontend-busmap/app/build/intermediates/project_dex_archive/release/dexBuilderRelease/out, /Users/gtesen/Desktop/aplicacion_busmap/frontend-busmap/app/build/intermediates/project_dex_archive/release/dexBuilderRelease/out, /Users/gtesen/Desktop/aplicacion_busmap/frontend-busmap/app/build/intermediates/project_dex_archive/release/dexBuilderRelease/out, /Users/gtesen/Desktop/aplicacion_busmap/frontend-busmap/app/build/intermediates/project_dex_archive/release/dexBuilderRelease/out, /Users/gtesen/Desktop/aplicacion_busmap/frontend-busmap/app/build/intermediates/project_dex_archive/release/dexBuilderRelease/out, /Users/gtesen/Desktop/aplicacion_busmap/frontend-busmap/app/build/intermediates/project_dex_archive/release/dexBuilderRelease/out, /Users/gtesen/Desktop/aplicacion_busmap/frontend-busmap/app/build/intermediates/project_dex_archive/release/dexBuilderRelease/out, /Users/gtesen/Desktop/aplicacion_busmap/frontend-busmap/app/build/intermediates/project_dex_archive/release/dexBuilderRelease/out, /Users/gtesen/Desktop/aplicacion_busmap/frontend-busmap/app/build/intermediates/project_dex_archive/release/dexBuilderRelease/out, /Users/gtesen/Desktop/aplicacion_busmap/frontend-busmap/app/build/intermediates/project_dex_archive/release/dexBuilderRelease/out, /Users/gtesen/Desktop/aplicacion_busmap/frontend-busmap/app/build/intermediates/project_dex_archive/release/dexBuilderRelease/out, /Users/gtesen/Desktop/aplicacion_busmap/frontend-busmap/app/build/intermediates/project_dex_archive/release/dexBuilderRelease/out, /Users/gtesen/Desktop/aplicacion_busmap/frontend-busmap/app/build/intermediates/project_dex_archive/release/dexBuilderRelease/out, /Users/gtesen/Desktop/aplicacion_busmap/frontend-busmap/app/build/intermediates/project_dex_archive/release/dexBuilderRelease/out, /Users/gtesen/Desktop/aplicacion_busmap/frontend-busmap/app/build/intermediates/project_dex_archive/release/dexBuilderRelease/out, /Users/gtesen/Desktop/aplicacion_busmap/frontend-busmap/app/build/intermediates/project_dex_archive/release/dexBuilderRelease/out, /Users/gtesen/Desktop/aplicacion_busmap/frontend-busmap/app/build/intermediates/project_dex_archive/release/dexBuilderRelease/out, /Users/gtesen/Desktop/aplicacion_busmap/frontend-busmap/app/build/intermediates/project_dex_archive/release/dexBuilderRelease/out, /Users/gtesen/Desktop/aplicacion_busmap/frontend-busmap/app/build/intermediates/project_dex_archive/release/dexBuilderRelease/out, /Users/gtesen/Desktop/aplicacion_busmap/frontend-busmap/app/build/intermediates/project_dex_archive/release/dexBuilderRelease/out, /Users/gtesen/Desktop/aplicacion_busmap/frontend-busmap/app/build/intermediates/project_dex_archive/release/dexBuilderRelease/out, /Users/gtesen/Desktop/aplicacion_busmap/frontend-busmap/app/build/intermediates/project_dex_archive/release/dexBuilderRelease/out, /Users/gtesen/Desktop/aplicacion_busmap/frontend-busmap/app/build/intermediates/project_dex_archive/release/dexBuilderRelease/out, /Users/gtesen/Desktop/aplicacion_busmap/frontend-busmap/app/build/intermediates/project_dex_archive/release/dexBuilderRelease/out, /Users/gtesen/Desktop/aplicacion_busmap/frontend-busmap/app/build/intermediates/project_dex_archive/release/dexBuilderRelease/out, /Users/gtesen/Desktop/aplicacion_busmap/frontend-busmap/app/build/intermediates/project_dex_archive/release/dexBuilderRelease/out, /Users/gtesen/Desktop/aplicacion_busmap/frontend-busmap/app/build/intermediates/project_dex_archive/release/dexBuilderRelease/out, /Users/gtesen/Desktop/aplicacion_busmap/frontend-busmap/app/build/intermediates/project_dex_archive/release/dexBuilderRelease/out, /Users/gtesen/Desktop/aplicacion_busmap/frontend-busmap/app/build/intermediates/project_dex_archive/release/dexBuilderRelease/out, /Users/gtesen/Desktop/aplicacion_busmap/frontend-busmap/app/build/intermediates/project_dex_archive/release/dexBuilderRelease/out, /Users/gtesen/Desktop/aplicacion_busmap/frontend-busmap/app/build/intermediates/project_dex_archive/release/dexBuilderRelease/out, /Users/gtesen/Desktop/aplicacion_busmap/frontend-busmap/app/build/intermediates/project_dex_archive/release/dexBuilderRelease/out, /Users/gtesen/Desktop/aplicacion_busmap/frontend-busmap/app/build/intermediates/project_dex_archive/release/dexBuilderRelease/out, /Users/gtesen/Desktop/aplicacion_busmap/frontend-busmap/app/build/intermediates/project_dex_archive/release/dexBuilderRelease/out, /Users/gtesen/Desktop/aplicacion_busmap/frontend-busmap/app/build/intermediates/project_dex_archive/release/dexBuilderRelease/out, /Users/gtesen/Desktop/aplicacion_busmap/frontend-busmap/app/build/intermediates/project_dex_archive/release/dexBuilderRelease/out, /Users/gtesen/Desktop/aplicacion_busmap/frontend-busmap/app/build/intermediates/project_dex_archive/release/dexBuilderRelease/out, /Users/gtesen/Desktop/aplicacion_busmap/frontend-busmap/app/build/intermediates/project_dex_archive/release/dexBuilderRelease/out, /Users/gtesen/Desktop/aplicacion_busmap/frontend-busmap/app/build/intermediates/project_dex_archive/release/dexBuilderRelease/out, /Users/gtesen/Desktop/aplicacion_busmap/frontend-busmap/app/build/intermediates/project_dex_archive/release/dexBuilderRelease/out, /Users/gtesen/Desktop/aplicacion_busmap/frontend-busmap/app/build/intermediates/project_dex_archive/release/dexBuilderRelease/out, /Users/gtesen/Desktop/aplicacion_busmap/frontend-busmap/app/build/intermediates/project_dex_archive/release/dexBuilderRelease/out, /Users/gtesen/Desktop/aplicacion_busmap/frontend-busmap/app/build/intermediates/project_dex_archive/release/dexBuilderRelease/out, /Users/gtesen/Desktop/aplicacion_busmap/frontend-busmap/app/build/intermediates/project_dex_archive/release/dexBuilderRelease/out, /Users/gtesen/Desktop/aplicacion_busmap/frontend-busmap/app/build/intermediates/project_dex_archive/release/dexBuilderRelease/out, /Users/gtesen/Desktop/aplicacion_busmap/frontend-busmap/app/build/intermediates/project_dex_archive/release/dexBuilderRelease/out, /Users/gtesen/Desktop/aplicacion_busmap/frontend-busmap/app/build/intermediates/project_dex_archive/release/dexBuilderRelease/out, /Users/gtesen/Desktop/aplicacion_busmap/frontend-busmap/app/build/intermediates/project_dex_archive/release/dexBuilderRelease/out, /Users/gtesen/Desktop/aplicacion_busmap/frontend-busmap/app/build/intermediates/project_dex_archive/release/dexBuilderRelease/out, /Users/gtesen/Desktop/aplicacion_busmap/frontend-busmap/app/build/intermediates/project_dex_archive/release/dexBuilderRelease/out, /Users/gtesen/Desktop/aplicacion_busmap/frontend-busmap/app/build/intermediates/project_dex_archive/release/dexBuilderRelease/out, /Users/gtesen/Desktop/aplicacion_busmap/frontend-busmap/app/build/intermediates/project_dex_archive/release/dexBuilderRelease/out, /Users/gtesen/Desktop/aplicacion_busmap/frontend-busmap/app/build/intermediates/project_dex_archive/release/dexBuilderRelease/out, /Users/gtesen/Desktop/aplicacion_busmap/frontend-busmap/app/build/intermediates/project_dex_archive/release/dexBuilderRelease/out, /Users/gtesen/Desktop/aplicacion_busmap/frontend-busmap/app/build/intermediates/project_dex_archive/release/dexBuilderRelease/out, /Users/gtesen/Desktop/aplicacion_busmap/frontend-busmap/app/build/intermediates/project_dex_archive/release/dexBuilderRelease/out, /Users/gtesen/Desktop/aplicacion_busmap/frontend-busmap/app/build/intermediates/project_dex_archive/release/dexBuilderRelease/out, /Users/gtesen/Desktop/aplicacion_busmap/frontend-busmap/app/build/intermediates/project_dex_archive/release/dexBuilderRelease/out, /Users/gtesen/Desktop/aplicacion_busmap/frontend-busmap/app/build/intermediates/project_dex_archive/release/dexBuilderRelease/out, /Users/gtesen/Desktop/aplicacion_busmap/frontend-busmap/app/build/intermediates/project_dex_archive/release/dexBuilderRelease/out, /Users/gtesen/Desktop/aplicacion_busmap/frontend-busmap/app/build/intermediates/project_dex_archive/release/dexBuilderRelease/out, /Users/gtesen/Desktop/aplicacion_busmap/frontend-busmap/app/build/intermediates/project_dex_archive/release/dexBuilderRelease/out, /Users/gtesen/Desktop/aplicacion_busmap/frontend-busmap/app/build/intermediates/project_dex_archive/release/dexBuilderRelease/out, /Users/gtesen/Desktop/aplicacion_busmap/frontend-busmap/app/build/intermediates/project_dex_archive/release/dexBuilderRelease/out, /Users/gtesen/Desktop/aplicacion_busmap/frontend-busmap/app/build/intermediates/project_dex_archive/release/dexBuilderRelease/out, /Users/gtesen/Desktop/aplicacion_busmap/frontend-busmap/app/build/intermediates/project_dex_archive/release/dexBuilderRelease/out, /Users/gtesen/Desktop/aplicacion_busmap/frontend-busmap/app/build/intermediates/project_dex_archive/release/dexBuilderRelease/out, /Users/gtesen/Desktop/aplicacion_busmap/frontend-busmap/app/build/intermediates/project_dex_archive/release/dexBuilderRelease/out, /Users/gtesen/Desktop/aplicacion_busmap/frontend-busmap/app/build/intermediates/project_dex_archive/release/dexBuilderRelease/out, /Users/gtesen/Desktop/aplicacion_busmap/frontend-busmap/app/build/intermediates/project_dex_archive/release/dexBuilderRelease/out, /Users/gtesen/Desktop/aplicacion_busmap/frontend-busmap/app/build/intermediates/external_libs_dex/release/mergeExtDexRelease, /Users/gtesen/Desktop/aplicacion_busmap/frontend-busmap/app/build/intermediates/external_libs_dex/release/mergeExtDexRelease, /Users/gtesen/Desktop/aplicacion_busmap/frontend-busmap/app/build/intermediates/external_libs_dex/release/mergeExtDexRelease, /Users/gtesen/Desktop/aplicacion_busmap/frontend-busmap/app/build/intermediates/external_libs_dex/release/mergeExtDexRelease, /Users/gtesen/Desktop/aplicacion_busmap/frontend-busmap/app/build/intermediates/project_dex_archive/release/dexBuilderRelease/out/5860c26bd0fd7019e015ac6d31b697cad886090538648b10bc66e6af6caf380e_0.jar, /Users/gtesen/Desktop/aplicacion_busmap/frontend-busmap/app/build/intermediates/project_dex_archive/release/dexBuilderRelease/out/5860c26bd0fd7019e015ac6d31b697cad886090538648b10bc66e6af6caf380e_1.jar, /Users/gtesen/Desktop/aplicacion_busmap/frontend-busmap/app/build/intermediates/project_dex_archive/release/dexBuilderRelease/out/5860c26bd0fd7019e015ac6d31b697cad886090538648b10bc66e6af6caf380e_2.jar, /Users/gtesen/Desktop/aplicacion_busmap/frontend-busmap/app/build/intermediates/project_dex_archive/release/dexBuilderRelease/out/5860c26bd0fd7019e015ac6d31b697cad886090538648b10bc66e6af6caf380e_3.jar, and from all global synthetics files in 

> Task :app:mergeReleaseJavaResource
Caching disabled for task ':app:mergeReleaseJavaResource' because:
  Build cache is disabled
  Caching has been disabled for the task
Task ':app:mergeReleaseJavaResource' is not up-to-date because:
  Output property 'cacheDir' file /Users/gtesen/Desktop/aplicacion_busmap/frontend-busmap/app/build/intermediates/incremental/release-mergeJavaRes/zip-cache has been removed.
  Output property 'cacheDir' file /Users/gtesen/Desktop/aplicacion_busmap/frontend-busmap/app/build/intermediates/incremental/release-mergeJavaRes/zip-cache/+6c6Nj5ZaCbITtSk+wCw3Yo_Zag= has been removed.
  Output property 'cacheDir' file /Users/gtesen/Desktop/aplicacion_busmap/frontend-busmap/app/build/intermediates/incremental/release-mergeJavaRes/zip-cache/+AqeWBst5KdCXLcdmV1tX+6kLmM= has been removed.
  and more...
The input changes require a full rebuild for incremental task ':app:mergeReleaseJavaResource'.

> Task :app:lintVitalAnalyzeRelease
file or directory '/Users/gtesen/Desktop/aplicacion_busmap/frontend-busmap/app/build/generated/ksp/release/java', not found
Caching disabled for task ':app:lintVitalAnalyzeRelease' because:
  Build cache is disabled
Task ':app:lintVitalAnalyzeRelease' is not up-to-date because:
  Value of input property 'systemPropertyInputs.javaVersion' has changed for task ':app:lintVitalAnalyzeRelease'
file or directory '/Users/gtesen/Desktop/aplicacion_busmap/frontend-busmap/app/build/generated/ksp/release/classes', not found
Android Lint: Creating lint class loader 31.9.1_true

Resolve mutations for :app:compileReleaseArtProfile (Thread[Execution worker,5,main]) started.
:app:compileReleaseArtProfile (Thread[Execution worker,5,main]) started.

> Task :app:compileReleaseArtProfile
Caching disabled for task ':app:compileReleaseArtProfile' because:
  Build cache is disabled
Task ':app:compileReleaseArtProfile' is not up-to-date because:
  Output property 'binaryArtProfile' file /Users/gtesen/Desktop/aplicacion_busmap/frontend-busmap/app/build/intermediates/binary_art_profile/release/compileReleaseArtProfile/baseline.prof has been removed.
  Output property 'binaryArtProfileMetadata' file /Users/gtesen/Desktop/aplicacion_busmap/frontend-busmap/app/build/intermediates/binary_art_profile_metadata/release/compileReleaseArtProfile/baseline.profm has been removed.
  Output property 'combinedArtProfile' file /Users/gtesen/Desktop/aplicacion_busmap/frontend-busmap/app/build/intermediates/combined_art_profile/release/compileReleaseArtProfile/baseline-prof.txt has been removed.
  and more...
Not watching anything anymore
Resolve mutations for :app:lintVitalReportRelease (Thread[Execution worker,5,main]) started.
:app:lintVitalReportRelease (Thread[Execution worker,5,main]) started.

> Task :app:lintVitalReportRelease
Caching disabled for task ':app:lintVitalReportRelease' because:
  Build cache is disabled
  Caching has been disabled for the task
Task ':app:lintVitalReportRelease' is not up-to-date because:
  Value of input property 'systemPropertyInputs.javaVersion' has changed for task ':app:lintVitalReportRelease'
Android Lint: Reusing lint classloader 31.9.1_true
Resolve mutations for :app:lintVitalRelease (Thread[Execution worker,5,main]) started.
:app:lintVitalRelease (Thread[Execution worker,5,main]) started.

> Task :app:lintVitalRelease
Caching disabled for task ':app:lintVitalRelease' because:
  Build cache is disabled
  Caching has been disabled for the task
Task ':app:lintVitalRelease' is not up-to-date because:
  Task.upToDateWhen is false.
Resolve mutations for :app:packageRelease (Thread[Execution worker,5,main]) started.
:app:packageRelease (Thread[Execution worker,5,main]) started.

> Task :app:packageRelease
Custom actions are attached to task ':app:packageRelease'.
Caching disabled for task ':app:packageRelease' because:
  Build cache is disabled
  Caching has been disabled for the task
Task ':app:packageRelease' is not up-to-date because:
  Input property 'signingConfigData$gradle_core.signingConfigData' has been removed for task ':app:packageRelease'
  Input property 'signingConfigData$gradle_core.signingConfigData.keyAlias' has been removed for task ':app:packageRelease'
  Input property 'signingConfigData$gradle_core.signingConfigData.keyPasswordHash' has been removed for task ':app:packageRelease'
  and more...
The input changes require a full rebuild for incremental task ':app:packageRelease'.
Resolve mutations for :app:createReleaseApkListingFileRedirect (Thread[Execution worker,5,main]) started.
:app:createReleaseApkListingFileRedirect (Thread[Execution worker,5,main]) started.

> Task :app:createReleaseApkListingFileRedirect
Caching disabled for task ':app:createReleaseApkListingFileRedirect' because:
  Build cache is disabled
  Caching has been disabled for the task
Task ':app:createReleaseApkListingFileRedirect' is not up-to-date because:
  Output property 'redirectFile' file /Users/gtesen/Desktop/aplicacion_busmap/frontend-busmap/app/build/intermediates/apk_ide_redirect_file/release/createReleaseApkListingFileRedirect/redirect.txt has been removed.
Resolve mutations for :app:assembleRelease (Thread[Execution worker,5,main]) started.
:app:assembleRelease (Thread[Execution worker,5,main]) started.

> Task :app:assembleRelease
Skipping task ':app:assembleRelease' as it has no actions.
AAPT2 aapt2-8.9.1-12782657-osx Daemon #0: shutdown
AAPT2 aapt2-8.9.1-12782657-osx Daemon #1: shutdown
AAPT2 aapt2-8.9.1-12782657-osx Daemon #2: shutdown
AAPT2 aapt2-8.9.1-12782657-osx Daemon #3: shutdown
AAPT2 aapt2-8.9.1-12782657-osx Daemon #4: shutdown
AAPT2 aapt2-8.9.1-12782657-osx Daemon #5: shutdown
Android Lint: Disposing Uast application environment in lint classloader [31.9.1_true]

[Incubating] Problems report is available at: file:///Users/gtesen/Desktop/aplicacion_busmap/frontend-busmap/build/reports/problems/problems-report.html

Deprecated Gradle features were used in this build, making it incompatible with Gradle 9.0.

You can use '--warning-mode all' to show the individual deprecation warnings and determine if they come from your own scripts or plugins.

For more on this, please refer to https://docs.gradle.org/8.14.3/userguide/command_line_interface.html#sec:command_line_warnings in the Gradle documentation.

BUILD SUCCESSFUL in 1m 49s
50 actionable tasks: 49 executed, 1 up-to-date
Watched directory hierarchies: [/Users/gtesen/Desktop/aplicacion_busmap/frontend-busmap]
